id,synthetic,archetype,validation_confidence,archetype_distance,gender,age,education,employment,field,location,bank,tenure,digital_services,digital_frequency,digital_satisfaction,chatbot_interaction,perceived_usefulness,adoption_readiness,barriers,trust_privacy_barrier,governance_need,q14_1_ai_knowledge,q14_2_service_quality,q14_3_ai_credit_eval,q14_4_chatbot_preference,q14_5_privacy_concern,q14_6_job_replacement,q15_1_personalized_app,q15_2_fraud_detection_trust,q15_3_free_ai_advice,q15_4_transparency,q15_5_faster_ai_bank,q15_6_human_verification,q15_7_overall_readiness,q16_1_personalized_app,q16_2_fraud_detection_trust,q16_3_free_ai_advice,q16_4_transparency,q16_5_faster_ai_bank,q16_6_human_verification,q16_7_overall_readiness,q17_1_lack_knowledge,q17_2_data_misuse,q17_3_human_preference,q17_4_inaccurate_decisions,q17_5_extra_costs,comment
1,True,Traditionalist,0.729,0.813,Mashkull,18-25,Bachelor,I/e papune,Teknologji / IT,Tirane,Other,1-3 vjet,Karta debiti/krediti per pagesa online,Nje here ne jave,4,Jo,4.0,1.75,4.667,4.667,4.25,3,4,4,2,5,4,1,4,3,4,2,4,1,1,4,4,4,2,3,1,4,4,5,5,5,"IA mund te perdoret per pyetje te thjeshta, por jo per vendime financiare te rendesishme."
2,True,Cautious User,0.763,0.712,Mashkull,36-45,Arsim i mesem (gjimnaz/profesional),I/e punesuar,Tregti / Sherbime,Tirane,Credins Bank,1-3 vjet,"Mobile banking (aplikacioni i bankes ne telefon)|Internet banking (permes kompjuterit/browserit)|Karta debiti/krediti per pagesa online|E-wallet (EasyPay, M-Pay, E-Posta, etj.)",Rralle ose kurre,3,Po,4.333,2.25,4.167,5.0,4.75,1,4,4,1,5,5,2,5,3,5,3,4,1,2,5,3,5,3,4,1,2,5,4,5,4,"Jam i hapur ndaj IA, por privatesia dhe transparenca jane kushtet kryesore."
3,True,Traditionalist,0.892,0.324,Mashkull,55+,Arsim baze (9-vjecar),I/e punesuar,Administrate publike,Zone rurale,Intesa Sanpaolo Bank,1-3 vjet,Karta debiti/krediti per pagesa online,Disa here ne muaj,2,Jo,3.0,2.0,4.333,4.333,4.5,3,3,3,1,5,4,2,3,3,5,2,5,1,2,3,3,5,2,5,1,4,4,5,4,4,Per ceshtje bankare preferoj te flas me nje person dhe jo me sistem automatik.
4,True,Cautious User,0.74,0.779,Femer,26-35,Master,I/e vetepunesuar,Arsim,Qytet tjeter,OTP Bank,1-3 vjet,Mobile banking (aplikacioni i bankes ne telefon)|Internet banking (permes kompjuterit/browserit)|Karta debiti/krediti per pagesa online,Disa here ne jave,4,Po,5.0,4.25,4.167,4.333,4.75,3,5,5,4,4,4,4,5,5,5,4,5,4,4,5,5,5,4,5,4,5,5,3,4,4,"Jam i hapur ndaj IA, por privatesia dhe transparenca jane kushtet kryesore."
5,True,Traditionalist,0.785,0.645,Mashkull,55+,Arsim i mesem (gjimnaz/profesional),I/e punesuar,Administrate publike,Vlore,Raiffeisen Bank,Me pak se 1 vit,Nuk perdor asnje sherbim digjital bankar,Rralle ose kurre,3,Nuk jam i/e sigurt,2.333,2.25,2.667,3.0,3.5,1,3,1,3,3,3,2,3,2,5,2,3,3,2,3,1,5,2,3,3,2,4,3,2,2,Per ceshtje bankare preferoj te flas me nje person dhe jo me sistem automatik.
6,True,Cautious User,0.382,1.853,Femer,18-25,Bachelor,I/e punesuar,Tregti / Sherbime,Korce,BKT (Banka Kombetare Tregtare),1-3 vjet,Karta debiti/krediti per pagesa online,Disa here ne jave,3,Po,4.667,4.75,2.167,2.333,2.25,2,5,4,5,3,1,5,5,4,3,5,2,5,5,5,4,3,5,2,5,3,2,1,2,2,"Sherbimet me IA mund te ndihmojne, por vendimet e rendesishme duhet te verifikohen nga punonjesit e bankes."
7,True,Early Adopter,0.727,0.82,Mashkull,18-25,Bachelor,Student/e,Tregti / Sherbime,Tirane,BKT (Banka Kombetare Tregtare),3-5 vjet,Mobile banking (aplikacioni i bankes ne telefon)|Internet banking (permes kompjuterit/browserit)|Karta debiti/krediti per pagesa online,Cdo dite,5,Jo,3.333,3.75,2.5,3.0,3.25,3,4,3,5,4,3,3,3,4,4,5,4,3,3,3,4,4,5,4,3,2,2,2,3,2,"IA mund te rrise shpejtesine e sherbimeve bankare, sidomos per rekomandime dhe zbulim mashtrimesh."
8,True,Early Adopter,0.775,0.675,Mashkull,26-35,Arsim i mesem (gjimnaz/profesional),I/e punesuar,Ndertim / Inxhinieri,Durres,Credins Bank,Me pak se 1 vit,"Mobile banking (aplikacioni i bankes ne telefon)|E-wallet (EasyPay, M-Pay, E-Posta, etj.)",Cdo dite,5,Nuk jam i/e sigurt,3.667,4.75,2.667,2.333,3.5,4,4,3,2,2,4,5,4,5,5,4,4,5,5,4,5,5,4,4,5,3,2,2,3,4,Do ta provoja nese banka e shpjegon qarte si ruhen te dhenat dhe si kontrollohen vendimet.
9,True,Early Adopter,0.695,0.916,Mashkull,18-25,Master,I/e papune,Teknologji / IT,Shkoder,Raiffeisen Bank,3-5 vjet,"Mobile banking (aplikacioni i bankes ne telefon)|Internet banking (permes kompjuterit/browserit)|Karta debiti/krediti per pagesa online|E-wallet (EasyPay, M-Pay, E-Posta, etj.)",Disa here ne jave,5,Nuk jam i/e sigurt,4.667,4.75,2.0,2.0,2.75,4,5,5,5,3,2,5,4,4,4,5,4,5,4,3,4,5,5,3,5,2,2,2,1,2,"IA mund te rrise shpejtesine e sherbimeve bankare, sidomos per rekomandime dhe zbulim mashtrimesh."
10,True,Cautious User,0.899,0.303,Mashkull,26-35,Arsim i mesem (gjimnaz/profesional),I/e punesuar,Tregti / Sherbime,Qytet tjeter,BKT (Banka Kombetare Tregtare),Mbi 5 vjet,Mobile banking (aplikacioni i bankes ne telefon)|Internet banking (permes kompjuterit/browserit),Nje here ne jave,4,Jo,3.667,3.25,5.0,5.0,5.0,3,5,2,2,5,5,4,4,3,5,3,5,3,4,4,3,5,3,5,3,5,5,5,5,5,"Sherbimet me IA mund te ndihmojne, por vendimet e rendesishme duhet te verifikohen nga punonjesit e bankes."
11,True,Cautious User,0.781,0.657,Femer,18-25,Master,I/e punesuar,Tregti / Sherbime,Elbasan,BKT (Banka Kombetare Tregtare),Me pak se 1 vit,"Mobile banking (aplikacioni i bankes ne telefon)|Internet banking (permes kompjuterit/browserit)|E-wallet (EasyPay, M-Pay, E-Posta, etj.)",Nje here ne jave,4,Po,4.0,2.25,3.833,4.333,4.25,5,4,4,4,4,4,3,4,1,4,2,4,3,3,4,1,4,2,5,3,3,5,2,4,5,"Jam i hapur ndaj IA, por privatesia dhe transparenca jane kushtet kryesore."
12,True,Traditionalist,0.552,1.345,Femer,46-55,Arsim baze (9-vjecar),I/e punesuar,Tregti / Sherbime,Qytet tjeter,Intesa Sanpaolo Bank,Me pak se 1 vit,Mobile banking (aplikacioni i bankes ne telefon)|Internet banking (permes kompjuterit/browserit),Nje here ne jave,3,Jo,3.667,4.0,3.5,3.0,2.75,2,3,3,3,5,3,3,5,4,4,4,3,5,3,5,4,4,4,2,5,3,3,5,1,4,"IA mund te perdoret per pyetje te thjeshta, por jo per vendime financiare te rendesishme."
13,True,Early Adopter,0.51,1.469,Mashkull,26-35,Arsim i mesem (gjimnaz/profesional),I/e punesuar,Tregti / Sherbime,Tirane,Raiffeisen Bank,1-3 vjet,Mobile banking (aplikacioni i bankes ne telefon)|Internet banking (permes kompjuterit/browserit)|Karta debiti/krediti per pagesa online,Disa here ne jave,5,Po,3.333,3.25,2.667,2.0,2.0,3,3,4,2,3,2,3,3,3,2,5,3,2,3,3,2,2,4,3,1,3,2,4,1,3,"IA mund te rrise shpejtesine e sherbimeve bankare, sidomos per rekomandime dhe zbulim mashtrimesh."
14,True,Cautious User,0.871,0.387,Mashkull,46-55,Arsim baze (9-vjecar),I/e punesuar,Tregti / Sherbime,Tirane,BKT (Banka Kombetare Tregtare),Mbi 5 vjet,"Mobile banking (aplikacioni i bankes ne telefon)|Internet banking (permes kompjuterit/browserit)|Karta debiti/krediti per pagesa online|E-wallet (EasyPay, M-Pay, E-Posta, etj.)",Disa here ne jave,5,Po,3.333,3.75,4.667,5.0,5.0,3,4,3,5,5,5,4,3,3,5,4,5,4,4,2,3,5,4,5,4,3,5,5,5,5,"Sherbimet me IA mund te ndihmojne, por vendimet e rendesishme duhet te verifikohen nga punonjesit e bankes."
15,True,Traditionalist,0.833,0.502,Femer,46-55,Arsim baze (9-vjecar),I/e punesuar,Tregti / Sherbime,Korce,Tirana Bank,3-5 vjet,Nuk perdor asnje sherbim digjital bankar,Rralle ose kurre,2,Jo,3.333,1.75,4.333,4.333,4.5,2,4,2,2,3,4,1,4,2,4,3,4,1,2,4,2,3,3,4,1,4,5,5,5,4,"IA mund te perdoret per pyetje te thjeshta, por jo per vendime financiare te rendesishme."
16,True,Traditionalist,0.707,0.879,Femer,46-55,Arsim baze (9-vjecar),I/e punesuar,Administrate publike,Durres,Raiffeisen Bank,3-5 vjet,"E-wallet (EasyPay, M-Pay, E-Posta, etj.)",Rralle ose kurre,2,Jo,2.333,2.75,3.667,2.667,3.25,1,1,2,4,4,4,3,4,2,5,4,4,2,2,4,2,5,4,4,2,4,2,5,2,5,"IA mund te perdoret per pyetje te thjeshta, por jo per vendime financiare te rendesishme."
17,True,Early Adopter,0.764,0.707,Femer,18-25,Bachelor,I/e punesuar,Finance / Banke / Sigurime,Durres,Raiffeisen Bank,Me pak se 1 vit,"Mobile banking (aplikacioni i bankes ne telefon)|Internet banking (permes kompjuterit/browserit)|Karta debiti/krediti per pagesa online|E-wallet (EasyPay, M-Pay, E-Posta, etj.)",Cdo dite,4,Po,3.667,4.25,2.833,3.667,3.25,3,3,3,5,4,4,4,5,4,3,5,3,4,4,5,3,4,5,3,4,1,3,3,4,2,Do ta provoja nese banka e shpjegon qarte si ruhen te dhenat dhe si kontrollohen vendimet.
18,True,Traditionalist,0.74,0.779,Femer,55+,Arsim baze (9-vjecar),I/e dale ne pension,Ndertim / Inxhinieri,Zone rurale,Raiffeisen Bank,3-5 vjet,Nuk perdor asnje sherbim digjital bankar,Rralle ose kurre,3,Jo,1.333,1.75,3.667,3.333,4.25,3,1,1,4,3,4,1,2,1,5,2,5,3,1,2,1,5,2,5,3,3,4,4,3,5,Per ceshtje bankare preferoj te flas me nje person dhe jo me sistem automatik.
19,True,Cautious User,0.735,0.795,Mashkull,36-45,Arsim i mesem (gjimnaz/profesional),I/e punesuar,Ndertim / Inxhinieri,Tirane,Credins Bank,Mbi 5 vjet,Mobile banking (aplikacioni i bankes ne telefon)|Karta debiti/krediti per pagesa online,Disa here ne jave,5,Jo,2.667,2.25,4.333,4.667,4.5,2,3,3,3,5,5,4,2,1,5,3,4,1,4,2,1,5,3,4,1,3,4,4,5,5,"Sherbimet me IA mund te ndihmojne, por vendimet e rendesishme duhet te verifikohen nga punonjesit e bankes."
20,True,Early Adopter,0.777,0.668,Mashkull,26-35,Bachelor,I/e punesuar,Administrate publike,Elbasan,Credins Bank,Me pak se 1 vit,"Mobile banking (aplikacioni i bankes ne telefon)|Internet banking (permes kompjuterit/browserit)|Karta debiti/krediti per pagesa online|E-wallet (EasyPay, M-Pay, E-Posta, etj.)",Cdo dite,5,Po,3.667,3.5,2.333,3.333,3.75,5,4,2,4,4,3,2,5,5,5,4,4,3,2,5,5,5,4,4,3,1,4,2,2,1,"IA mund te rrise shpejtesine e sherbimeve bankare, sidomos per rekomandime dhe zbulim mashtrimesh."
21,True,Cautious User,0.887,0.339,Mashkull,36-45,Bachelor,I/e punesuar,Tregti / Sherbime,Tirane,Tirana Bank,3-5 vjet,Internet banking (permes kompjuterit/browserit),Disa here ne muaj,2,Nuk jam i/e sigurt,4.333,3.5,4.333,4.667,4.75,4,5,4,3,5,5,5,4,3,5,3,5,3,4,3,3,5,3,5,3,3,4,5,5,4,"Sherbimet me IA mund te ndihmojne, por vendimet e rendesishme duhet te verifikohen nga punonjesit e bankes."
22,True,Cautious User,0.742,0.774,Femer,26-35,Bachelor,I/e punesuar,Arsim,Korce,BKT (Banka Kombetare Tregtare),Mbi 5 vjet,"Mobile banking (aplikacioni i bankes ne telefon)|Karta debiti/krediti per pagesa online|E-wallet (EasyPay, M-Pay, E-Posta, etj.)",Nje here ne jave,4,Nuk jam i/e sigurt,2.333,3.25,3.667,4.0,4.25,3,3,1,4,3,3,2,3,5,5,4,3,2,2,3,5,5,4,3,2,3,5,3,4,4,"Sherbimet me IA mund te ndihmojne, por vendimet e rendesishme duhet te verifikohen nga punonjesit e bankes."
23,True,Traditionalist,0.481,1.557,Mashkull,46-55,Arsim i mesem (gjimnaz/profesional),I/e punesuar,Tregti / Sherbime,Qytet tjeter,BKT (Banka Kombetare Tregtare),Mbi 5 vjet,Mobile banking (aplikacioni i bankes ne telefon),Disa here ne muaj,3,Jo,2.667,2.75,2.333,1.333,2.75,3,2,2,3,1,3,2,4,3,4,3,4,3,3,4,3,4,3,4,3,4,2,3,1,3,Per ceshtje bankare preferoj te flas me nje person dhe jo me sistem automatik.
24,True,Cautious User,0.717,0.848,Mashkull,18-25,Bachelor,I/e punesuar,Shendetesi / Mjekesi,Zone rurale,OTP Bank,1-3 vjet,Mobile banking (aplikacioni i bankes ne telefon)|Karta debiti/krediti per pagesa online,Nje here ne jave,3,Jo,3.333,1.75,4.0,4.333,4.75,3,4,2,2,4,5,1,4,2,5,2,5,2,1,4,2,5,2,4,2,3,5,4,4,4,"Sherbimet me IA mund te ndihmojne, por vendimet e rendesishme duhet te verifikohen nga punonjesit e bankes."
25,True,Cautious User,0.854,0.438,Mashkull,46-55,Arsim i mesem (gjimnaz/profesional),I/e punesuar,Tregti / Sherbime,Durres,Intesa Sanpaolo Bank,Mbi 5 vjet,"Mobile banking (aplikacioni i bankes ne telefon)|Internet banking (permes kompjuterit/browserit)|Karta debiti/krediti per pagesa online|E-wallet (EasyPay, M-Pay, E-Posta, etj.)",Disa here ne jave,3,Po,4.0,3.25,3.667,4.333,4.0,3,3,4,3,4,5,3,5,3,2,3,5,4,3,5,3,2,3,5,4,3,5,3,4,3,"Sherbimet me IA mund te ndihmojne, por vendimet e rendesishme duhet te verifikohen nga punonjesit e bankes."
26,True,Traditionalist,0.873,0.382,Femer,46-55,Arsim baze (9-vjecar),I/e punesuar,Tregti / Sherbime,Elbasan,Other,Mbi 5 vjet,Nuk perdor asnje sherbim digjital bankar,Rralle ose kurre,3,Po,3.333,2.5,4.5,4.0,4.25,2,2,4,3,5,5,3,4,3,5,3,5,1,3,4,3,5,3,5,2,5,3,5,4,5,"IA mund te perdoret per pyetje te thjeshta, por jo per vendime financiare te rendesishme."
27,True,Cautious User,0.758,0.727,Mashkull,36-45,Arsim i mesem (gjimnaz/profesional),I/e punesuar,Administrate publike,Durres,Other,Mbi 5 vjet,Mobile banking (aplikacioni i bankes ne telefon)|Internet banking (permes kompjuterit/browserit)|Karta debiti/krediti per pagesa online,Nje here ne jave,4,Po,4.333,4.5,3.0,4.0,4.25,4,4,4,3,5,4,5,5,4,5,4,5,5,5,5,4,5,4,5,5,2,3,2,4,2,"Sherbimet me IA mund te ndihmojne, por vendimet e rendesishme duhet te verifikohen nga punonjesit e bankes."
28,True,Early Adopter,0.728,0.815,Mashkull,18-25,Arsim i mesem (gjimnaz/profesional),I/e vetepunesuar,Tregti / Sherbime,Shkoder,Credins Bank,Me pak se 1 vit,Mobile banking (aplikacioni i bankes ne telefon)|Internet banking (permes kompjuterit/browserit)|Karta debiti/krediti per pagesa online,Cdo dite,5,Jo,3.333,3.75,3.333,3.667,3.5,4,4,3,2,5,2,3,3,5,4,4,4,3,3,3,5,4,4,3,3,3,3,3,3,3,"IA mund te rrise shpejtesine e sherbimeve bankare, sidomos per rekomandime dhe zbulim mashtrimesh."
29,True,Cautious User,0.88,0.36,Femer,18-25,Bachelor,Student/e,Tregti / Sherbime,Vlore,BKT (Banka Kombetare Tregtare),3-5 vjet,Mobile banking (aplikacioni i bankes ne telefon)|Internet banking (permes kompjuterit/browserit)|Karta debiti/krediti per pagesa online,Nje here ne jave,3,Po,4.0,3.75,4.5,5.0,4.75,3,5,4,4,5,4,3,3,4,5,4,4,4,3,4,4,5,4,4,4,3,5,4,5,5,"Jam i hapur ndaj IA, por privatesia dhe transparenca jane kushtet kryesore."
30,True,Early Adopter,0.837,0.49,Mashkull,26-35,Bachelor,I/e papune,Teknologji / IT,Durres,Credins Bank,3-5 vjet,"Mobile banking (aplikacioni i bankes ne telefon)|Karta debiti/krediti per pagesa online|E-wallet (EasyPay, M-Pay, E-Posta, etj.)",Nje here ne jave,5,Po,5.0,5.0,2.5,2.667,3.75,5,5,5,5,3,3,5,5,5,5,5,5,5,5,4,5,5,5,5,5,3,3,2,2,2,"IA mund te rrise shpejtesine e sherbimeve bankare, sidomos per rekomandime dhe zbulim mashtrimesh."
31,True,Cautious User,0.649,1.052,Femer,46-55,Bachelor,I/e punesuar,Tregti / Sherbime,Zone rurale,OTP Bank,Mbi 5 vjet,Mobile banking (aplikacioni i bankes ne telefon)|Internet banking (permes kompjuterit/browserit)|Karta debiti/krediti per pagesa online,Disa here ne jave,3,Po,3.333,3.5,2.5,2.667,3.75,3,3,3,3,2,3,4,4,4,5,3,4,3,5,5,4,5,3,4,3,2,4,3,2,2,"Sherbimet me IA mund te ndihmojne, por vendimet e rendesishme duhet te verifikohen nga punonjesit e bankes."
32,True,Cautious User,0.817,0.548,Preferoj te mos pergjigjem,36-45,Arsim i mesem (gjimnaz/profesional),I/e vetepunesuar,Administrate publike,Vlore,Raiffeisen Bank,3-5 vjet,Mobile banking (aplikacioni i bankes ne telefon),Disa here ne jave,4,Nuk jam i/e sigurt,3.0,4.0,4.0,4.667,4.25,3,2,3,4,5,5,4,4,3,3,4,5,5,4,4,2,3,4,5,5,3,4,3,5,4,"Sherbimet me IA mund te ndihmojne, por vendimet e rendesishme duhet te verifikohen nga punonjesit e bankes."
33,True,Cautious User,0.728,0.816,Mashkull,36-45,Arsim i mesem (gjimnaz/profesional),I/e punesuar,Administrate publike,Tirane,OTP Bank,1-3 vjet,Mobile banking (aplikacioni i bankes ne telefon)|Karta debiti/krediti per pagesa online,Disa here ne jave,5,Po,4.667,3.5,3.333,3.667,3.75,4,5,4,2,4,3,3,5,4,5,3,3,4,3,5,4,5,3,3,4,1,4,4,3,4,"Sherbimet me IA mund te ndihmojne, por vendimet e rendesishme duhet te verifikohen nga punonjesit e bankes."
34,True,Cautious User,0.794,0.618,Femer,18-25,Bachelor,I/e vetepunesuar,Bujqesi,Vlore,BKT (Banka Kombetare Tregtare),3-5 vjet,"Mobile banking (aplikacioni i bankes ne telefon)|E-wallet (EasyPay, M-Pay, E-Posta, etj.)",Nje here ne jave,3,Po,3.667,4.5,4.0,4.333,4.25,5,3,3,3,5,4,4,5,4,5,5,4,5,4,5,4,5,5,4,5,4,4,4,4,3,"Jam i hapur ndaj IA, por privatesia dhe transparenca jane kushtet kryesore."
35,True,Cautious User,0.925,0.226,Femer,18-25,Master,I/e papune,Arsim,Zone rurale,BKT (Banka Kombetare Tregtare),1-3 vjet,Mobile banking (aplikacioni i bankes ne telefon)|Internet banking (permes kompjuterit/browserit)|Karta debiti/krediti per pagesa online,Nje here ne jave,4,Jo,4.0,3.5,4.167,4.333,4.5,4,4,5,4,4,5,2,3,5,4,3,5,4,2,3,5,4,3,5,4,3,5,4,4,5,"Jam i hapur ndaj IA, por privatesia dhe transparenca jane kushtet kryesore."
36,True,Cautious User,0.726,0.823,Mashkull,36-45,Master,I/e punesuar,Administrate publike,Durres,Raiffeisen Bank,1-3 vjet,Internet banking (permes kompjuterit/browserit)|Karta debiti/krediti per pagesa online,Disa here ne muaj,3,Po,4.333,2.0,4.5,4.667,4.25,2,4,4,2,5,5,2,5,1,4,3,4,2,2,5,1,4,3,4,2,3,5,5,4,5,"Sherbimet me IA mund te ndihmojne, por vendimet e rendesishme duhet te verifikohen nga punonjesit e bankes."
37,True,Cautious User,0.687,0.938,Femer,26-35,Master,I/e vetepunesuar,Administrate publike,Tirane,Credins Bank,1-3 vjet,Mobile banking (aplikacioni i bankes ne telefon)|Internet banking (permes kompjuterit/browserit)|Karta debiti/krediti per pagesa online,Nje here ne jave,4,Jo,5.0,2.25,3.833,4.0,4.25,4,5,5,5,3,4,3,5,2,3,3,5,1,3,5,2,3,3,5,1,2,5,4,4,5,"Sherbimet me IA mund te ndihmojne, por vendimet e rendesishme duhet te verifikohen nga punonjesit e bankes."
38,True,Early Adopter,0.766,0.703,Femer,26-35,Bachelor,I/e punesuar,Shendetesi / Mjekesi,Qytet tjeter,Raiffeisen Bank,1-3 vjet,Mobile banking (aplikacioni i bankes ne telefon)|Internet banking (permes kompjuterit/browserit),Disa here ne jave,5,Po,4.333,5.0,2.833,2.667,3.0,4,4,4,5,3,2,5,5,5,5,5,2,5,5,5,5,5,5,2,5,2,2,4,3,3,Do ta provoja nese banka e shpjegon qarte si ruhen te dhenat dhe si kontrollohen vendimet.
39,True,Early Adopter,0.616,1.153,Femer,26-35,Bachelor,I/e punesuar,Finance / Banke / Sigurime,Vlore,Credins Bank,3-5 vjet,"Mobile banking (aplikacioni i bankes ne telefon)|Internet banking (permes kompjuterit/browserit)|E-wallet (EasyPay, M-Pay, E-Posta, etj.)",Nje here ne jave,4,Po,3.333,4.5,2.667,2.667,2.25,4,3,3,4,3,3,4,4,5,3,5,1,4,4,4,5,3,5,1,4,3,3,2,2,3,Do ta provoja nese banka e shpjegon qarte si ruhen te dhenat dhe si kontrollohen vendimet.
40,True,Early Adopter,0.799,0.603,Preferoj te mos pergjigjem,18-25,Bachelor,Student/e,Tregti / Sherbime,Tirane,Credins Bank,Me pak se 1 vit,"Mobile banking (aplikacioni i bankes ne telefon)|Karta debiti/krediti per pagesa online|E-wallet (EasyPay, M-Pay, E-Posta, etj.)",Cdo dite,4,Po,4.667,4.5,1.667,2.333,3.25,2,5,5,5,2,3,5,4,4,5,5,3,4,5,4,4,5,5,3,4,1,3,1,2,1,"IA mund te rrise shpejtesine e sherbimeve bankare, sidomos per rekomandime dhe zbulim mashtrimesh."
41,True,Cautious User,0.746,0.763,Mashkull,26-35,Master,I/e punesuar,Tregti / Sherbime,Tirane,Other,3-5 vjet,"Mobile banking (aplikacioni i bankes ne telefon)|Internet banking (permes kompjuterit/browserit)|Karta debiti/krediti per pagesa online|E-wallet (EasyPay, M-Pay, E-Posta, etj.)",Nje here ne jave,4,Nuk jam i/e sigurt,3.0,4.25,4.167,4.333,3.75,2,3,2,4,5,4,4,4,4,2,5,5,4,4,4,4,2,5,5,4,2,5,5,3,5,"Sherbimet me IA mund te ndihmojne, por vendimet e rendesishme duhet te verifikohen nga punonjesit e bankes."
42,True,Traditionalist,0.629,1.112,Mashkull,46-55,Arsim baze (9-vjecar),I/e papune,Ndertim / Inxhinieri,Durres,Raiffeisen Bank,1-3 vjet,Mobile banking (aplikacioni i bankes ne telefon),Disa here ne muaj,3,Jo,4.667,2.75,4.5,4.667,4.5,2,5,4,4,5,5,3,5,2,4,3,5,3,3,5,3,4,3,5,3,5,4,5,5,3,Per ceshtje bankare preferoj te flas me nje person dhe jo me sistem automatik.
43,True,Early Adopter,0.855,0.435,Mashkull,18-25,Bachelor,Student/e,Finance / Banke / Sigurime,Vlore,OTP Bank,3-5 vjet,"Mobile banking (aplikacioni i bankes ne telefon)|Internet banking (permes kompjuterit/browserit)|Karta debiti/krediti per pagesa online|E-wallet (EasyPay, M-Pay, E-Posta, etj.)",Disa here ne jave,4,Po,4.333,4.0,2.667,3.333,3.5,5,5,4,3,4,3,4,4,4,5,5,3,3,5,4,4,5,5,3,3,2,4,1,2,3,Do ta provoja nese banka e shpjegon qarte si ruhen te dhenat dhe si kontrollohen vendimet.
44,True,Cautious User,0.827,0.52,Mashkull,55+,Arsim baze (9-vjecar),I/e vetepunesuar,Bujqesi,Tirane,Raiffeisen Bank,1-3 vjet,Mobile banking (aplikacioni i bankes ne telefon)|Internet banking (permes kompjuterit/browserit),Nje here ne jave,4,Po,3.333,2.5,4.333,4.667,4.5,3,5,2,2,5,5,3,3,1,5,3,4,3,3,2,1,5,3,4,3,3,5,4,4,5,"Jam i hapur ndaj IA, por privatesia dhe transparenca jane kushtet kryesore."
45,True,Early Adopter,0.684,0.949,Mashkull,18-25,Master,I/e punesuar,Teknologji / IT,Qytet tjeter,Credins Bank,3-5 vjet,Mobile banking (aplikacioni i bankes ne telefon)|Karta debiti/krediti per pagesa online,Cdo dite,4,Po,4.0,3.5,2.0,2.0,3.0,5,5,3,4,2,3,2,4,3,4,5,4,4,3,4,3,4,5,4,5,1,3,3,1,2,"IA mund te rrise shpejtesine e sherbimeve bankare, sidomos per rekomandime dhe zbulim mashtrimesh."
46,True,Traditionalist,0.664,1.009,Mashkull,18-25,Arsim i mesem (gjimnaz/profesional),I/e punesuar,Tregti / Sherbime,Shkoder,Credins Bank,1-3 vjet,Nuk perdor asnje sherbim digjital bankar,Rralle ose kurre,2,Po,4.333,3.25,4.0,4.333,4.5,2,3,5,3,5,5,3,5,2,5,5,5,3,2,5,2,5,5,5,2,2,4,4,4,5,Per ceshtje bankare preferoj te flas me nje person dhe jo me sistem automatik.
47,True,Cautious User,0.889,0.332,Mashkull,36-45,Bachelor,I/e punesuar,Tregti / Sherbime,Elbasan,Raiffeisen Bank,1-3 vjet,Internet banking (permes kompjuterit/browserit),Disa here ne jave,4,Po,3.667,3.75,3.833,4.333,4.25,4,3,4,3,5,5,5,4,4,4,2,5,4,5,4,4,4,2,5,4,2,4,4,4,4,"Jam i hapur ndaj IA, por privatesia dhe transparenca jane kushtet kryesore."
48,True,Cautious User,0.829,0.512,Mashkull,36-45,Bachelor,I/e punesuar,Arsim,Elbasan,Credins Bank,Mbi 5 vjet,Mobile banking (aplikacioni i bankes ne telefon)|Internet banking (permes kompjuterit/browserit)|Karta debiti/krediti per pagesa online,Nje here ne jave,2,Jo,3.0,2.75,4.5,4.667,4.5,4,3,3,2,5,5,4,3,2,4,3,5,2,4,3,2,4,3,5,3,4,5,4,4,5,"Jam i hapur ndaj IA, por privatesia dhe transparenca jane kushtet kryesore."
49,True,Cautious User,0.921,0.238,Femer,26-35,Bachelor,I/e vetepunesuar,Tregti / Sherbime,Durres,Credins Bank,1-3 vjet,Mobile banking (aplikacioni i bankes ne telefon)|Karta debiti/krediti per pagesa online,Disa here ne jave,3,Jo,3.667,3.75,4.5,4.333,4.5,4,4,4,4,5,5,4,3,4,5,3,5,4,4,3,4,5,3,5,4,4,4,5,4,5,"Jam i hapur ndaj IA, por privatesia dhe transparenca jane kushtet kryesore."
50,True,Traditionalist,0.65,1.051,Preferoj te mos pergjigjem,46-55,Arsim baze (9-vjecar),I/e punesuar,Bujqesi,Elbasan,Credins Bank,3-5 vjet,Nuk perdor asnje sherbim digjital bankar,Rralle ose kurre,3,Nuk jam i/e sigurt,3.0,3.5,3.667,2.667,3.25,4,3,3,2,3,4,2,3,3,4,4,4,5,2,3,3,4,4,4,5,5,2,5,3,4,"IA mund te perdoret per pyetje te thjeshta, por jo per vendime financiare te rendesishme."
51,True,Early Adopter,0.723,0.832,Femer,18-25,Arsim i mesem (gjimnaz/profesional),Student/e,Finance / Banke / Sigurime,Durres,BKT (Banka Kombetare Tregtare),1-3 vjet,Mobile banking (aplikacioni i bankes ne telefon)|Internet banking (permes kompjuterit/browserit)|Karta debiti/krediti per pagesa online,Cdo dite,3,Po,3.667,4.75,2.167,2.333,3.0,4,3,4,5,2,4,5,4,5,3,5,4,4,5,4,5,3,5,4,4,1,4,3,1,2,"IA mund te rrise shpejtesine e sherbimeve bankare, sidomos per rekomandime dhe zbulim mashtrimesh."
52,True,Traditionalist,0.59,1.23,Femer,36-45,Bachelor,I/e punesuar,Tregti / Sherbime,Tirane,BKT (Banka Kombetare Tregtare),Mbi 5 vjet,Karta debiti/krediti per pagesa online,Disa here ne muaj,3,Po,3.667,3.75,3.167,2.667,3.25,4,3,4,4,2,2,4,4,4,3,4,4,3,4,4,4,3,4,4,3,2,3,5,3,4,Per ceshtje bankare preferoj te flas me nje person dhe jo me sistem automatik.
53,True,Cautious User,0.803,0.592,Femer,18-25,Arsim i mesem (gjimnaz/profesional),I/e punesuar,Tregti / Sherbime,Zone rurale,BKT (Banka Kombetare Tregtare),3-5 vjet,Mobile banking (aplikacioni i bankes ne telefon),Nje here ne jave,4,Po,4.667,3.0,4.667,5.0,4.75,2,5,5,2,5,5,3,4,3,5,4,4,2,3,4,3,5,4,4,2,3,5,5,5,5,"Jam i hapur ndaj IA, por privatesia dhe transparenca jane kushtet kryesore."
54,True,Cautious User,0.692,0.924,Mashkull,36-45,Arsim i mesem (gjimnaz/profesional),I/e papune,Tregti / Sherbime,Tirane,OTP Bank,1-3 vjet,"E-wallet (EasyPay, M-Pay, E-Posta, etj.)",Nje here ne jave,5,Jo,2.0,2.75,4.0,4.333,4.5,3,3,1,4,4,5,3,2,3,5,3,4,2,3,2,3,5,3,4,2,3,5,4,4,4,"Jam i hapur ndaj IA, por privatesia dhe transparenca jane kushtet kryesore."
55,True,Early Adopter,0.8,0.599,Mashkull,26-35,Master,I/e punesuar,Finance / Banke / Sigurime,Qytet tjeter,BKT (Banka Kombetare Tregtare),Mbi 5 vjet,Mobile banking (aplikacioni i bankes ne telefon)|Karta debiti/krediti per pagesa online,Disa here ne jave,3,Po,4.333,5.0,2.333,2.667,3.25,4,4,4,5,2,2,5,5,5,4,5,3,5,5,5,5,4,5,3,5,1,3,2,3,3,"IA mund te rrise shpejtesine e sherbimeve bankare, sidomos per rekomandime dhe zbulim mashtrimesh."
56,True,Cautious User,0.888,0.337,Mashkull,36-45,Bachelor,I/e punesuar,Ndertim / Inxhinieri,Vlore,Other,Mbi 5 vjet,"Mobile banking (aplikacioni i bankes ne telefon)|Internet banking (permes kompjuterit/browserit)|Karta debiti/krediti per pagesa online|E-wallet (EasyPay, M-Pay, E-Posta, etj.)",Nje here ne jave,4,Jo,4.0,3.25,4.5,5.0,5.0,3,5,3,3,5,5,4,4,3,5,2,5,4,4,4,3,5,2,5,4,4,5,4,5,4,"Sherbimet me IA mund te ndihmojne, por vendimet e rendesishme duhet te verifikohen nga punonjesit e bankes."
57,True,Traditionalist,0.732,0.803,Mashkull,36-45,Arsim i mesem (gjimnaz/profesional),I/e punesuar,Tregti / Sherbime,Vlore,Raiffeisen Bank,1-3 vjet,"Mobile banking (aplikacioni i bankes ne telefon)|Internet banking (permes kompjuterit/browserit)|Karta debiti/krediti per pagesa online|E-wallet (EasyPay, M-Pay, E-Posta, etj.)",Disa here ne jave,2,Po,3.333,1.0,3.667,3.667,3.75,4,4,3,1,4,3,1,3,1,4,1,4,1,1,3,1,4,1,4,1,4,4,4,3,3,Per ceshtje bankare preferoj te flas me nje person dhe jo me sistem automatik.
58,True,Traditionalist,0.532,1.405,Mashkull,46-55,Arsim baze (9-vjecar),I/e punesuar,Bujqesi,Shkoder,Other,3-5 vjet,Nuk perdor asnje sherbim digjital bankar,Rralle ose kurre,2,Jo,4.333,4.0,3.0,3.0,3.25,2,4,5,4,4,2,4,4,4,4,4,4,4,4,4,4,4,4,3,4,4,1,3,4,2,Per ceshtje bankare preferoj te flas me nje person dhe jo me sistem automatik.
59,True,Cautious User,0.936,0.193,Femer,36-45,Arsim i mesem (gjimnaz/profesional),I/e vetepunesuar,Ndertim / Inxhinieri,Tirane,BKT (Banka Kombetare Tregtare),1-3 vjet,Mobile banking (aplikacioni i bankes ne telefon)|Karta debiti/krediti per pagesa online,Disa here ne jave,3,Po,4.0,3.5,4.5,4.667,4.75,5,4,3,5,4,5,3,5,4,5,3,4,4,3,4,5,5,4,4,3,3,5,5,5,5,"Sherbimet me IA mund te ndihmojne, por vendimet e rendesishme duhet te verifikohen nga punonjesit e bankes."
60,True,Traditionalist,0.726,0.821,Femer,18-25,Bachelor,I/e punesuar,Teknologji / IT,Elbasan,Credins Bank,3-5 vjet,Internet banking (permes kompjuterit/browserit)|Karta debiti/krediti per pagesa online,Rralle ose kurre,3,Po,3.333,3.5,3.667,3.333,3.75,2,3,5,1,3,4,4,2,4,4,3,4,3,3,2,4,4,4,4,3,4,3,5,4,3,Per ceshtje bankare preferoj te flas me nje person dhe jo me sistem automatik.
61,True,Cautious User,0.634,1.097,Femer,26-35,Master,I/e punesuar,Administrate publike,Durres,OTP Bank,3-5 vjet,Mobile banking (aplikacioni i bankes ne telefon)|Karta debiti/krediti per pagesa online,Disa here ne muaj,3,Nuk jam i/e sigurt,4.333,4.5,3.167,3.0,3.75,4,5,4,4,3,3,5,4,5,4,4,5,4,4,4,5,5,4,5,4,4,3,3,3,3,"Sherbimet me IA mund te ndihmojne, por vendimet e rendesishme duhet te verifikohen nga punonjesit e bankes."
62,True,Cautious User,0.736,0.792,Mashkull,18-25,Arsim i mesem (gjimnaz/profesional),Student/e,Finance / Banke / Sigurime,Tirane,OTP Bank,1-3 vjet,Internet banking (permes kompjuterit/browserit),Nje here ne jave,4,Po,3.667,3.0,3.333,3.333,3.75,3,3,4,2,3,5,4,4,2,4,4,4,2,4,4,2,4,4,3,2,4,4,2,3,4,"Jam i hapur ndaj IA, por privatesia dhe transparenca jane kushtet kryesore."
63,True,Early Adopter,0.732,0.803,Mashkull,18-25,Arsim i mesem (gjimnaz/profesional),I/e punesuar,Tregti / Sherbime,Korce,Raiffeisen Bank,3-5 vjet,Mobile banking (aplikacioni i bankes ne telefon)|Karta debiti/krediti per pagesa online,Disa here ne jave,4,Po,4.667,4.5,1.667,2.0,3.0,5,5,4,5,2,3,3,5,5,3,5,5,5,3,5,5,3,5,5,5,1,2,2,2,1,Do ta provoja nese banka e shpjegon qarte si ruhen te dhenat dhe si kontrollohen vendimet.
64,True,Early Adopter,0.898,0.307,Mashkull,36-45,Master,I/e vetepunesuar,Finance / Banke / Sigurime,Qytet tjeter,Raiffeisen Bank,Mbi 5 vjet,"Mobile banking (aplikacioni i bankes ne telefon)|Internet banking (permes kompjuterit/browserit)|Karta debiti/krediti per pagesa online|E-wallet (EasyPay, M-Pay, E-Posta, etj.)",Disa here ne jave,5,Po,5.0,4.75,2.333,3.0,4.25,4,5,5,5,2,2,5,5,5,5,5,5,4,5,5,5,5,5,5,4,1,4,2,3,2,Do ta provoja nese banka e shpjegon qarte si ruhen te dhenat dhe si kontrollohen vendimet.
65,True,Cautious User,0.574,1.278,Femer,18-25,Arsim i mesem (gjimnaz/profesional),I/e punesuar,Tregti / Sherbime,Zone rurale,Credins Bank,1-3 vjet,"Mobile banking (aplikacioni i bankes ne telefon)|Karta debiti/krediti per pagesa online|E-wallet (EasyPay, M-Pay, E-Posta, etj.)",Nje here ne jave,4,Po,5.0,4.75,3.667,3.667,3.25,5,5,5,5,4,5,5,5,4,3,5,3,5,5,5,4,3,5,3,5,4,2,3,5,4,"Sherbimet me IA mund te ndihmojne, por vendimet e rendesishme duhet te verifikohen nga punonjesit e bankes."
66,True,Traditionalist,0.777,0.669,Femer,36-45,Master,I/e punesuar,Arsim,Tirane,BKT (Banka Kombetare Tregtare),Me pak se 1 vit,Internet banking (permes kompjuterit/browserit)|Karta debiti/krediti per pagesa online,Disa here ne muaj,4,Nuk jam i/e sigurt,3.0,1.5,5.0,5.0,4.5,1,4,3,1,5,5,1,2,2,3,2,5,1,1,2,3,3,2,5,1,5,5,5,5,5,Per ceshtje bankare preferoj te flas me nje person dhe jo me sistem automatik.
67,True,Early Adopter,0.76,0.719,Mashkull,18-25,Arsim i mesem (gjimnaz/profesional),I/e punesuar,Tregti / Sherbime,Zone rurale,BKT (Banka Kombetare Tregtare),Me pak se 1 vit,"Mobile banking (aplikacioni i bankes ne telefon)|Internet banking (permes kompjuterit/browserit)|Karta debiti/krediti per pagesa online|E-wallet (EasyPay, M-Pay, E-Posta, etj.)",Cdo dite,5,Po,5.0,3.25,2.333,3.0,3.5,5,5,5,3,3,3,2,5,4,5,3,3,4,3,5,5,5,3,3,4,2,4,1,2,2,"IA mund te rrise shpejtesine e sherbimeve bankare, sidomos per rekomandime dhe zbulim mashtrimesh."
68,True,Early Adopter,0.744,0.767,Mashkull,26-35,Master,I/e vetepunesuar,Tregti / Sherbime,Vlore,Raiffeisen Bank,Mbi 5 vjet,Mobile banking (aplikacioni i bankes ne telefon),Disa here ne jave,5,Jo,3.0,4.25,2.833,3.333,4.25,4,4,3,4,2,3,5,2,4,4,5,5,3,5,3,4,4,5,5,3,1,4,4,4,2,Do ta provoja nese banka e shpjegon qarte si ruhen te dhenat dhe si kontrollohen vendimet.
69,True,Early Adopter,0.67,0.991,Mashkull,26-35,Master,I/e punesuar,Tregti / Sherbime,Qytet tjeter,BKT (Banka Kombetare Tregtare),Mbi 5 vjet,Mobile banking (aplikacioni i bankes ne telefon)|Karta debiti/krediti per pagesa online,Disa here ne jave,3,Po,4.0,3.75,3.667,4.667,5.0,5,5,3,4,4,4,5,4,3,5,4,5,3,5,5,3,5,4,5,3,2,5,3,5,3,"IA mund te rrise shpejtesine e sherbimeve bankare, sidomos per rekomandime dhe zbulim mashtrimesh."
70,True,Cautious User,0.794,0.618,Femer,36-45,Arsim baze (9-vjecar),I/e punesuar,Ndertim / Inxhinieri,Tirane,OTP Bank,Mbi 5 vjet,"Internet banking (permes kompjuterit/browserit)|Karta debiti/krediti per pagesa online|E-wallet (EasyPay, M-Pay, E-Posta, etj.)",Nje here ne jave,2,Jo,3.0,3.75,3.667,3.667,4.25,3,3,3,2,3,1,3,3,4,5,5,4,3,3,3,3,5,5,4,3,2,4,4,4,5,"Jam i hapur ndaj IA, por privatesia dhe transparenca jane kushtet kryesore."
71,True,Traditionalist,0.88,0.361,Femer,46-55,Arsim i mesem (gjimnaz/profesional),I/e punesuar,Bujqesi,Zone rurale,Intesa Sanpaolo Bank,Mbi 5 vjet,"Karta debiti/krediti per pagesa online|E-wallet (EasyPay, M-Pay, E-Posta, etj.)",Disa here ne muaj,3,Nuk jam i/e sigurt,2.0,2.5,4.333,4.333,4.0,3,2,2,2,5,3,4,2,2,4,2,4,2,4,2,2,4,2,4,2,4,4,4,4,5,Per ceshtje bankare preferoj te flas me nje person dhe jo me sistem automatik.
72,True,Cautious User,0.797,0.608,Mashkull,26-35,Master,I/e punesuar,Ndertim / Inxhinieri,Durres,Raiffeisen Bank,1-3 vjet,"Mobile banking (aplikacioni i bankes ne telefon)|Karta debiti/krediti per pagesa online|E-wallet (EasyPay, M-Pay, E-Posta, etj.)",Disa here ne jave,4,Po,4.333,2.75,3.833,4.333,4.0,5,5,4,4,5,3,4,4,2,5,2,3,3,4,4,2,5,2,3,3,3,5,3,3,4,"Sherbimet me IA mund te ndihmojne, por vendimet e rendesishme duhet te verifikohen nga punonjesit e bankes."
73,True,Cautious User,0.665,1.006,Mashkull,26-35,Bachelor,I/e punesuar,Tregti / Sherbime,Tirane,Raiffeisen Bank,Mbi 5 vjet,"Mobile banking (aplikacioni i bankes ne telefon)|Internet banking (permes kompjuterit/browserit)|Karta debiti/krediti per pagesa online|E-wallet (EasyPay, M-Pay, E-Posta, etj.)",Nje here ne jave,3,Jo,4.667,1.75,4.167,5.0,4.5,5,4,5,4,5,5,2,5,2,3,2,5,1,1,5,2,3,2,5,1,2,5,3,5,5,"Jam i hapur ndaj IA, por privatesia dhe transparenca jane kushtet kryesore."
74,True,Cautious User,0.776,0.673,Femer,26-35,Bachelor,I/e punesuar,Tregti / Sherbime,Qytet tjeter,OTP Bank,Mbi 5 vjet,"Mobile banking (aplikacioni i bankes ne telefon)|Internet banking (permes kompjuterit/browserit)|E-wallet (EasyPay, M-Pay, E-Posta, etj.)",Nje here ne jave,4,Jo,4.333,4.25,4.333,4.667,4.0,3,4,4,4,5,4,4,5,4,3,5,4,4,4,5,3,3,5,4,5,3,5,5,4,4,"Sherbimet me IA mund te ndihmojne, por vendimet e rendesishme duhet te verifikohen nga punonjesit e bankes."
75,True,Cautious User,0.921,0.238,Femer,55+,Arsim baze (9-vjecar),I/e dale ne pension,Administrate publike,Tirane,Intesa Sanpaolo Bank,Mbi 5 vjet,Mobile banking (aplikacioni i bankes ne telefon)|Internet banking (permes kompjuterit/browserit)|Karta debiti/krediti per pagesa online,Disa here ne jave,3,Po,3.667,3.75,3.667,4.333,4.5,5,3,4,3,5,4,3,4,3,5,4,5,5,4,4,3,5,3,5,5,2,4,4,4,3,"Sherbimet me IA mund te ndihmojne, por vendimet e rendesishme duhet te verifikohen nga punonjesit e bankes."
76,True,Cautious User,0.544,1.367,Femer,55+,Arsim baze (9-vjecar),I/e dale ne pension,Administrate publike,Durres,BKT (Banka Kombetare Tregtare),Mbi 5 vjet,"Mobile banking (aplikacioni i bankes ne telefon)|Karta debiti/krediti per pagesa online|E-wallet (EasyPay, M-Pay, E-Posta, etj.)",Disa here ne jave,3,Po,2.333,2.0,3.167,3.333,3.25,2,2,3,4,4,4,3,2,2,3,1,4,2,3,2,2,4,1,4,2,3,3,3,3,3,"Sherbimet me IA mund te ndihmojne, por vendimet e rendesishme duhet te verifikohen nga punonjesit e bankes."
77,True,Cautious User,0.739,0.783,Femer,46-55,Bachelor,I/e punesuar,Administrate publike,Qytet tjeter,Raiffeisen Bank,1-3 vjet,Mobile banking (aplikacioni i bankes ne telefon)|Internet banking (permes kompjuterit/browserit)|Karta debiti/krediti per pagesa online,Disa here ne jave,3,Jo,3.333,2.75,3.167,4.0,3.5,2,3,3,4,5,3,3,4,3,4,2,3,3,3,4,3,5,2,3,3,1,3,3,4,3,"Jam i hapur ndaj IA, por privatesia dhe transparenca jane kushtet kryesore."
78,True,Cautious User,0.687,0.94,Mashkull,36-45,Arsim i mesem (gjimnaz/profesional),I/e punesuar,Tregti / Sherbime,Qytet tjeter,Other,1-3 vjet,Internet banking (permes kompjuterit/browserit),Disa here ne jave,5,Po,2.333,2.25,4.333,5.0,5.0,4,2,3,2,5,5,1,2,3,5,2,5,3,1,2,3,5,2,5,3,2,5,5,5,4,"Jam i hapur ndaj IA, por privatesia dhe transparenca jane kushtet kryesore."
79,True,Early Adopter,0.73,0.81,Femer,26-35,Bachelor,I/e vetepunesuar,Administrate publike,Zone rurale,Credins Bank,3-5 vjet,Mobile banking (aplikacioni i bankes ne telefon)|Internet banking (permes kompjuterit/browserit)|Karta debiti/krediti per pagesa online,Cdo dite,4,Po,3.333,5.0,2.5,3.0,3.25,4,4,2,5,3,3,5,4,5,4,5,3,5,4,4,5,4,5,3,5,3,4,1,2,2,Do ta provoja nese banka e shpjegon qarte si ruhen te dhenat dhe si kontrollohen vendimet.
80,True,Early Adopter,0.721,0.838,Femer,18-25,Arsim i mesem (gjimnaz/profesional),I/e punesuar,Ndertim / Inxhinieri,Qytet tjeter,BKT (Banka Kombetare Tregtare),1-3 vjet,"Mobile banking (aplikacioni i bankes ne telefon)|Internet banking (permes kompjuterit/browserit)|Karta debiti/krediti per pagesa online|E-wallet (EasyPay, M-Pay, E-Posta, etj.)",Disa here ne jave,4,Jo,3.333,3.5,2.667,2.667,3.5,5,5,2,4,2,4,5,3,2,3,3,5,4,5,3,2,4,3,5,4,1,4,3,2,4,"IA mund te rrise shpejtesine e sherbimeve bankare, sidomos per rekomandime dhe zbulim mashtrimesh."
81,True,Cautious User,0.546,1.361,Mashkull,36-45,Master,I/e punesuar,Tregti / Sherbime,Tirane,BKT (Banka Kombetare Tregtare),Me pak se 1 vit,Mobile banking (aplikacioni i bankes ne telefon)|Internet banking (permes kompjuterit/browserit),Disa here ne jave,4,Po,5.0,4.5,2.833,3.0,3.25,2,5,5,5,5,5,4,5,5,5,5,4,4,4,5,5,4,5,4,4,2,1,3,3,3,"Jam i hapur ndaj IA, por privatesia dhe transparenca jane kushtet kryesore."
82,True,Cautious User,0.628,1.115,Femer,26-35,Bachelor,I/e punesuar,Teknologji / IT,Korce,Other,Mbi 5 vjet,Mobile banking (aplikacioni i bankes ne telefon),Disa here ne jave,2,Po,3.667,2.25,3.0,3.333,3.25,2,4,3,2,4,4,1,4,2,5,4,2,2,1,3,2,5,4,1,2,1,3,3,3,4,"Jam i hapur ndaj IA, por privatesia dhe transparenca jane kushtet kryesore."
83,True,Traditionalist,0.836,0.492,Mashkull,55+,Arsim i mesem (gjimnaz/profesional),I/e dale ne pension,Bujqesi,Tirane,Raiffeisen Bank,Mbi 5 vjet,Nuk perdor asnje sherbim digjital bankar,Rralle ose kurre,2,Po,2.0,2.0,3.667,3.333,4.25,2,2,2,2,3,5,1,2,2,5,2,5,3,1,2,2,5,2,5,3,4,3,3,4,5,"IA mund te perdoret per pyetje te thjeshta, por jo per vendime financiare te rendesishme."
84,True,Cautious User,0.677,0.969,Femer,26-35,Master,I/e vetepunesuar,Arsim,Vlore,BKT (Banka Kombetare Tregtare),Mbi 5 vjet,Mobile banking (aplikacioni i bankes ne telefon)|Karta debiti/krediti per pagesa online,Cdo dite,4,Jo,2.0,3.25,3.833,4.0,4.0,3,1,2,3,4,3,4,3,3,5,3,3,3,4,3,3,5,3,3,3,3,3,4,5,4,"Jam i hapur ndaj IA, por privatesia dhe transparenca jane kushtet kryesore."
85,True,Cautious User,0.797,0.608,Mashkull,55+,Bachelor,I/e dale ne pension,Ndertim / Inxhinieri,Korce,Other,Mbi 5 vjet,Mobile banking (aplikacioni i bankes ne telefon)|Internet banking (permes kompjuterit/browserit),Disa here ne jave,3,Jo,2.667,4.0,4.0,4.667,4.75,3,3,2,5,5,4,4,3,4,5,4,5,4,4,2,4,5,4,5,4,3,5,3,4,4,"Sherbimet me IA mund te ndihmojne, por vendimet e rendesishme duhet te verifikohen nga punonjesit e bankes."
86,True,Professional / Expert,0.77,0.691,Femer,36-45,Master,I/e punesuar,Finance / Banke / Sigurime,Tirane,Raiffeisen Bank,Mbi 5 vjet,"Mobile banking (aplikacioni i bankes ne telefon)|E-wallet (EasyPay, M-Pay, E-Posta, etj.)",Disa here ne jave,5,Nuk jam i/e sigurt,4.333,4.75,2.833,3.667,3.75,3,4,4,5,4,3,4,5,5,4,5,4,5,3,5,5,4,5,4,5,1,4,2,3,3,"IA duhet te zbatohet gradualisht, me auditim, transparence dhe pergjegjesi te qarte institucionale."
87,True,Cautious User,0.822,0.534,Femer,36-45,Bachelor,I/e papune,Administrate publike,Durres,Raiffeisen Bank,1-3 vjet,"Mobile banking (aplikacioni i bankes ne telefon)|Internet banking (permes kompjuterit/browserit)|Karta debiti/krediti per pagesa online|E-wallet (EasyPay, M-Pay, E-Posta, etj.)",Disa here ne muaj,4,Po,4.333,4.25,3.833,4.333,4.75,2,4,4,5,4,4,3,5,5,5,4,5,5,3,5,5,5,4,5,5,2,5,5,4,3,"Sherbimet me IA mund te ndihmojne, por vendimet e rendesishme duhet te verifikohen nga punonjesit e bankes."
88,True,Early Adopter,0.715,0.855,Femer,18-25,Bachelor,I/e punesuar,Finance / Banke / Sigurime,Qytet tjeter,BKT (Banka Kombetare Tregtare),Me pak se 1 vit,Mobile banking (aplikacioni i bankes ne telefon)|Karta debiti/krediti per pagesa online,Cdo dite,5,Jo,3.667,3.25,2.333,3.0,3.25,3,5,3,3,3,1,4,3,1,4,5,3,3,4,4,1,4,5,3,3,1,2,2,4,2,Do ta provoja nese banka e shpjegon qarte si ruhen te dhenat dhe si kontrollohen vendimet.
89,True,Cautious User,0.726,0.822,Femer,36-45,Arsim baze (9-vjecar),I/e papune,Ndertim / Inxhinieri,Tirane,Intesa Sanpaolo Bank,1-3 vjet,Mobile banking (aplikacioni i bankes ne telefon)|Internet banking (permes kompjuterit/browserit)|Karta debiti/krediti per pagesa online,Disa here ne jave,4,Po,5.0,4.25,3.833,4.0,4.5,4,5,5,3,4,5,5,5,3,5,4,5,5,5,5,3,5,4,5,5,3,4,3,4,5,"Sherbimet me IA mund te ndihmojne, por vendimet e rendesishme duhet te verifikohen nga punonjesit e bankes."
90,True,Cautious User,0.844,0.467,Femer,18-25,Bachelor,Student/e,Teknologji / IT,Tirane,BKT (Banka Kombetare Tregtare),1-3 vjet,Mobile banking (aplikacioni i bankes ne telefon)|Internet banking (permes kompjuterit/browserit)|Karta debiti/krediti per pagesa online,Nje here ne jave,3,Jo,4.333,2.75,4.333,4.667,4.75,2,5,3,4,5,4,2,5,3,5,2,5,4,1,5,3,5,2,4,4,2,5,5,4,5,"Sherbimet me IA mund te ndihmojne, por vendimet e rendesishme duhet te verifikohen nga punonjesit e bankes."
91,True,Cautious User,0.849,0.452,Femer,36-45,Arsim i mesem (gjimnaz/profesional),I/e vetepunesuar,Tregti / Sherbime,Tirane,Intesa Sanpaolo Bank,Mbi 5 vjet,"Mobile banking (aplikacioni i bankes ne telefon)|Internet banking (permes kompjuterit/browserit)|Karta debiti/krediti per pagesa online|E-wallet (EasyPay, M-Pay, E-Posta, etj.)",Disa here ne jave,3,Jo,4.0,3.75,4.333,5.0,4.25,4,5,3,5,5,5,3,4,3,3,4,4,5,3,4,3,4,3,4,5,3,5,3,5,5,"Sherbimet me IA mund te ndihmojne, por vendimet e rendesishme duhet te verifikohen nga punonjesit e bankes."
92,True,Cautious User,0.85,0.451,Femer,36-45,Bachelor,I/e vetepunesuar,Finance / Banke / Sigurime,Elbasan,BKT (Banka Kombetare Tregtare),Mbi 5 vjet,Mobile banking (aplikacioni i bankes ne telefon)|Internet banking (permes kompjuterit/browserit)|Karta debiti/krediti per pagesa online,Disa here ne jave,4,Po,3.667,3.0,3.833,4.333,4.0,3,3,4,2,5,4,4,4,2,5,3,3,3,4,3,2,5,3,3,3,1,3,4,5,5,"Jam i hapur ndaj IA, por privatesia dhe transparenca jane kushtet kryesore."
93,True,Traditionalist,0.822,0.535,Mashkull,55+,Arsim baze (9-vjecar),I/e dale ne pension,Tregti / Sherbime,Tirane,Credins Bank,1-3 vjet,Nuk perdor asnje sherbim digjital bankar,Rralle ose kurre,3,Jo,3.0,1.75,4.833,4.667,4.75,1,3,3,2,5,4,2,3,1,5,1,5,3,2,3,1,5,1,5,3,5,5,5,4,5,Per ceshtje bankare preferoj te flas me nje person dhe jo me sistem automatik.
94,True,Early Adopter,0.855,0.434,Femer,18-25,Bachelor,Student/e,Administrate publike,Qytet tjeter,Credins Bank,1-3 vjet,Mobile banking (aplikacioni i bankes ne telefon),Disa here ne jave,3,Jo,5.0,4.5,2.667,3.0,3.5,5,5,5,5,4,4,4,5,5,5,4,4,5,4,5,5,5,4,4,5,1,2,2,3,4,"IA mund te rrise shpejtesine e sherbimeve bankare, sidomos per rekomandime dhe zbulim mashtrimesh."
95,True,Early Adopter,0.869,0.394,Mashkull,26-35,Arsim i mesem (gjimnaz/profesional),I/e punesuar,Tregti / Sherbime,Elbasan,Raiffeisen Bank,3-5 vjet,Mobile banking (aplikacioni i bankes ne telefon)|Internet banking (permes kompjuterit/browserit)|Karta debiti/krediti per pagesa online,Disa here ne jave,3,Nuk jam i/e sigurt,5.0,4.25,2.5,2.667,3.75,5,5,5,3,3,3,4,5,5,5,4,5,4,5,5,5,5,4,4,5,3,3,3,2,1,"IA mund te rrise shpejtesine e sherbimeve bankare, sidomos per rekomandime dhe zbulim mashtrimesh."
96,True,Traditionalist,0.788,0.635,Femer,36-45,Arsim i mesem (gjimnaz/profesional),I/e vetepunesuar,Bujqesi,Korce,OTP Bank,Mbi 5 vjet,Mobile banking (aplikacioni i bankes ne telefon),Disa here ne muaj,3,Po,2.0,1.25,4.0,3.667,4.25,3,3,1,1,3,4,1,2,1,5,2,4,1,1,2,1,5,2,4,1,4,4,5,4,4,Per ceshtje bankare preferoj te flas me nje person dhe jo me sistem automatik.
97,True,Cautious User,0.848,0.457,Mashkull,18-25,Master,I/e punesuar,Teknologji / IT,Qytet tjeter,Raiffeisen Bank,1-3 vjet,"Mobile banking (aplikacioni i bankes ne telefon)|Karta debiti/krediti per pagesa online|E-wallet (EasyPay, M-Pay, E-Posta, etj.)",Disa here ne muaj,3,Jo,3.333,4.0,4.5,5.0,5.0,2,4,3,4,5,5,4,3,2,5,5,5,5,5,2,2,5,5,5,5,3,5,5,5,4,"Jam i hapur ndaj IA, por privatesia dhe transparenca jane kushtet kryesore."
98,True,Cautious User,0.566,1.303,Femer,18-25,Master,I/e vetepunesuar,Finance / Banke / Sigurime,Shkoder,BKT (Banka Kombetare Tregtare),3-5 vjet,Mobile banking (aplikacioni i bankes ne telefon)|Internet banking (permes kompjuterit/browserit),Nje here ne jave,3,Po,3.333,4.5,2.833,3.333,2.75,3,3,3,4,4,4,4,4,4,3,5,2,5,3,4,4,4,5,3,5,2,3,2,3,3,"Sherbimet me IA mund te ndihmojne, por vendimet e rendesishme duhet te verifikohen nga punonjesit e bankes."
99,True,Cautious User,0.603,1.191,Mashkull,26-35,Bachelor,I/e punesuar,Tregti / Sherbime,Qytet tjeter,BKT (Banka Kombetare Tregtare),Mbi 5 vjet,Mobile banking (aplikacioni i bankes ne telefon)|Karta debiti/krediti per pagesa online,Nje here ne jave,4,Jo,3.333,1.25,3.667,3.667,4.25,2,3,4,1,3,4,1,3,1,4,2,5,1,1,3,1,4,2,5,1,3,4,4,4,4,"Jam i hapur ndaj IA, por privatesia dhe transparenca jane kushtet kryesore."
100,True,Traditionalist,0.899,0.303,Femer,46-55,Arsim baze (9-vjecar),I/e punesuar,Tregti / Sherbime,Zone rurale,Other,3-5 vjet,Nuk perdor asnje sherbim digjital bankar,Rralle ose kurre,3,Po,3.0,2.25,4.0,4.0,3.75,4,3,3,1,4,4,4,3,1,3,2,4,2,4,3,2,3,2,4,2,2,4,5,4,5,"IA mund te perdoret per pyetje te thjeshta, por jo per vendime financiare te rendesishme."
101,True,Cautious User,0.773,0.682,Mashkull,36-45,Bachelor,I/e punesuar,Administrate publike,Elbasan,OTP Bank,Mbi 5 vjet,"Mobile banking (aplikacioni i bankes ne telefon)|Internet banking (permes kompjuterit/browserit)|Karta debiti/krediti per pagesa online|E-wallet (EasyPay, M-Pay, E-Posta, etj.)",Disa here ne muaj,2,Jo,4.667,3.5,3.667,3.667,4.25,3,5,4,3,3,5,3,5,3,5,5,4,3,3,4,3,5,5,3,3,3,3,3,5,5,"Jam i hapur ndaj IA, por privatesia dhe transparenca jane kushtet kryesore."
102,True,Early Adopter,0.637,1.09,Mashkull,26-35,Bachelor,I/e punesuar,Tregti / Sherbime,Qytet tjeter,Intesa Sanpaolo Bank,1-3 vjet,"Mobile banking (aplikacioni i bankes ne telefon)|Karta debiti/krediti per pagesa online|E-wallet (EasyPay, M-Pay, E-Posta, etj.)",Cdo dite,4,Jo,5.0,3.0,1.667,2.0,3.0,5,5,5,3,1,3,3,5,3,3,3,4,3,4,5,3,3,3,4,3,1,3,1,2,2,"IA mund te rrise shpejtesine e sherbimeve bankare, sidomos per rekomandime dhe zbulim mashtrimesh."
103,True,Cautious User,0.675,0.975,Femer,46-55,Bachelor,I/e punesuar,Tregti / Sherbime,Tirane,Tirana Bank,1-3 vjet,Mobile banking (aplikacioni i bankes ne telefon)|Internet banking (permes kompjuterit/browserit)|Karta debiti/krediti per pagesa online,Nje here ne jave,5,Po,4.667,3.75,2.833,3.0,4.0,3,5,4,2,2,3,4,5,4,5,4,4,3,4,5,4,5,4,5,3,2,4,3,3,3,"Jam i hapur ndaj IA, por privatesia dhe transparenca jane kushtet kryesore."
104,True,Professional / Expert,0.792,0.625,Mashkull,26-35,Bachelor,I/e punesuar,Teknologji / IT,Qytet tjeter,Other,1-3 vjet,"Mobile banking (aplikacioni i bankes ne telefon)|E-wallet (EasyPay, M-Pay, E-Posta, etj.)",Disa here ne jave,4,Jo,4.0,4.25,2.833,3.667,3.75,3,3,4,4,4,4,4,5,5,4,4,4,4,4,5,5,3,4,3,4,1,4,3,3,2,"Potenciali eshte i madh, por bankat duhet te forcojne qeverisjen e te dhenave dhe kontrollin rregullator."
105,True,Traditionalist,0.544,1.368,Mashkull,46-55,Bachelor,I/e punesuar,Tregti / Sherbime,Shkoder,BKT (Banka Kombetare Tregtare),1-3 vjet,Nuk perdor asnje sherbim digjital bankar,Rralle ose kurre,3,Jo,3.667,4.75,3.167,3.667,3.75,4,4,3,2,4,4,4,4,5,4,5,4,5,4,4,5,4,5,4,5,3,5,3,2,2,"IA mund te perdoret per pyetje te thjeshta, por jo per vendime financiare te rendesishme."
106,True,Early Adopter,0.837,0.489,Femer,18-25,Bachelor,I/e punesuar,Teknologji / IT,Vlore,Raiffeisen Bank,1-3 vjet,Mobile banking (aplikacioni i bankes ne telefon)|Internet banking (permes kompjuterit/browserit)|Karta debiti/krediti per pagesa online,Cdo dite,4,Jo,4.667,4.25,2.833,4.0,4.25,4,5,4,5,4,3,5,5,4,4,4,5,4,5,5,4,4,4,5,4,1,4,2,4,2,Do ta provoja nese banka e shpjegon qarte si ruhen te dhenat dhe si kontrollohen vendimet.
107,True,Traditionalist,0.644,1.067,Mashkull,36-45,Arsim baze (9-vjecar),I/e punesuar,Bujqesi,Qytet tjeter,Raiffeisen Bank,1-3 vjet,Karta debiti/krediti per pagesa online,Disa here ne muaj,3,Nuk jam i/e sigurt,4.0,3.75,3.833,4.0,3.5,3,4,3,2,5,3,5,5,3,3,3,4,4,5,5,3,3,3,4,4,3,5,5,2,3,Per ceshtje bankare preferoj te flas me nje person dhe jo me sistem automatik.
108,True,Early Adopter,0.666,1.003,Femer,18-25,Master,I/e punesuar,Tregti / Sherbime,Qytet tjeter,BKT (Banka Kombetare Tregtare),1-3 vjet,"Mobile banking (aplikacioni i bankes ne telefon)|Internet banking (permes kompjuterit/browserit)|Karta debiti/krediti per pagesa online|E-wallet (EasyPay, M-Pay, E-Posta, etj.)",Disa here ne jave,5,Jo,4.667,2.5,3.5,3.667,4.25,1,5,4,2,3,2,2,5,2,5,3,4,3,2,5,2,5,3,5,2,4,4,3,4,3,"IA mund te rrise shpejtesine e sherbimeve bankare, sidomos per rekomandime dhe zbulim mashtrimesh."
109,True,Cautious User,0.679,0.962,Mashkull,36-45,Arsim baze (9-vjecar),I/e punesuar,Ndertim / Inxhinieri,Tirane,Intesa Sanpaolo Bank,3-5 vjet,Karta debiti/krediti per pagesa online,Cdo dite,5,Po,4.333,4.0,3.333,3.333,3.5,3,4,4,3,4,3,5,5,3,4,5,4,3,5,5,3,4,4,5,3,4,3,3,3,3,"Sherbimet me IA mund te ndihmojne, por vendimet e rendesishme duhet te verifikohen nga punonjesit e bankes."
110,True,Traditionalist,0.873,0.381,Mashkull,46-55,Arsim baze (9-vjecar),I/e punesuar,Bujqesi,Tirane,BKT (Banka Kombetare Tregtare),1-3 vjet,Mobile banking (aplikacioni i bankes ne telefon),Disa here ne muaj,4,Nuk jam i/e sigurt,2.333,2.0,4.167,4.667,4.0,4,2,3,1,5,4,3,2,2,4,1,3,2,3,2,2,4,1,3,3,3,4,5,5,3,"IA mund te perdoret per pyetje te thjeshta, por jo per vendime financiare te rendesishme."
111,True,Cautious User,0.855,0.434,Mashkull,36-45,Arsim i mesem (gjimnaz/profesional),I/e punesuar,Bujqesi,Durres,Intesa Sanpaolo Bank,1-3 vjet,Mobile banking (aplikacioni i bankes ne telefon)|Internet banking (permes kompjuterit/browserit)|Karta debiti/krediti per pagesa online,Disa here ne jave,3,Jo,3.0,3.0,4.0,4.333,4.5,3,3,2,3,5,1,3,4,3,5,3,5,3,3,4,4,5,3,4,2,3,3,4,5,4,"Sherbimet me IA mund te ndihmojne, por vendimet e rendesishme duhet te verifikohen nga punonjesit e bankes."
112,True,Cautious User,0.562,1.315,Femer,26-35,Bachelor,I/e punesuar,Finance / Banke / Sigurime,Tirane,Intesa Sanpaolo Bank,3-5 vjet,"Mobile banking (aplikacioni i bankes ne telefon)|Internet banking (permes kompjuterit/browserit)|Karta debiti/krediti per pagesa online|E-wallet (EasyPay, M-Pay, E-Posta, etj.)",Disa here ne jave,4,Po,2.0,1.75,3.333,4.0,3.75,3,3,1,3,5,4,2,2,1,4,3,4,1,2,3,1,4,3,4,1,1,4,3,3,4,"Sherbimet me IA mund te ndihmojne, por vendimet e rendesishme duhet te verifikohen nga punonjesit e bankes."
113,True,Early Adopter,0.735,0.796,Femer,18-25,Bachelor,Student/e,Tregti / Sherbime,Durres,BKT (Banka Kombetare Tregtare),Me pak se 1 vit,Mobile banking (aplikacioni i bankes ne telefon)|Internet banking (permes kompjuterit/browserit)|Karta debiti/krediti per pagesa online,Disa here ne jave,4,Jo,3.333,4.75,2.167,2.667,3.25,5,3,2,5,2,1,5,5,5,3,5,4,4,5,5,5,4,5,4,4,3,3,1,3,1,Do ta provoja nese banka e shpjegon qarte si ruhen te dhenat dhe si kontrollohen vendimet.
114,True,Early Adopter,0.773,0.682,Mashkull,18-25,Master,I/e punesuar,Tregti / Sherbime,Elbasan,Credins Bank,1-3 vjet,Mobile banking (aplikacioni i bankes ne telefon)|Internet banking (permes kompjuterit/browserit)|Karta debiti/krediti per pagesa online,Disa here ne jave,4,Nuk jam i/e sigurt,5.0,4.25,2.167,2.667,3.0,5,5,5,3,2,3,5,5,3,3,4,3,5,5,5,3,3,4,3,5,1,5,2,1,2,"IA mund te rrise shpejtesine e sherbimeve bankare, sidomos per rekomandime dhe zbulim mashtrimesh."
115,True,Traditionalist,0.696,0.913,Mashkull,18-25,Arsim i mesem (gjimnaz/profesional),I/e papune,Ndertim / Inxhinieri,Qytet tjeter,Raiffeisen Bank,1-3 vjet,Mobile banking (aplikacioni i bankes ne telefon)|Karta debiti/krediti per pagesa online,Disa here ne muaj,4,Nuk jam i/e sigurt,1.333,1.0,3.833,4.0,4.0,1,2,1,1,3,4,1,1,1,4,1,3,1,1,1,1,4,1,3,1,3,5,5,4,3,Per ceshtje bankare preferoj te flas me nje person dhe jo me sistem automatik.
116,True,Cautious User,0.641,1.077,Mashkull,26-35,Bachelor,I/e papune,Shendetesi / Mjekesi,Qytet tjeter,Tirana Bank,Mbi 5 vjet,"Internet banking (permes kompjuterit/browserit)|Karta debiti/krediti per pagesa online|E-wallet (EasyPay, M-Pay, E-Posta, etj.)",Nje here ne jave,4,Po,1.667,3.0,4.833,5.0,5.0,2,1,2,1,5,5,4,2,2,5,3,5,3,4,2,2,5,3,5,2,4,5,5,5,5,"Sherbimet me IA mund te ndihmojne, por vendimet e rendesishme duhet te verifikohen nga punonjesit e bankes."
117,True,Traditionalist,0.79,0.631,Femer,46-55,Arsim i mesem (gjimnaz/profesional),I/e vetepunesuar,Administrate publike,Tirane,BKT (Banka Kombetare Tregtare),Mbi 5 vjet,Nuk perdor asnje sherbim digjital bankar,Rralle ose kurre,4,Jo,1.667,1.5,4.333,4.333,4.25,3,2,1,2,5,4,3,2,1,4,1,5,1,3,2,1,4,1,5,1,3,5,5,3,5,"IA mund te perdoret per pyetje te thjeshta, por jo per vendime financiare te rendesishme."
118,True,Cautious User,0.584,1.248,Femer,18-25,Bachelor,I/e punesuar,Teknologji / IT,Qytet tjeter,Intesa Sanpaolo Bank,1-3 vjet,"Karta debiti/krediti per pagesa online|E-wallet (EasyPay, M-Pay, E-Posta, etj.)",Disa here ne jave,2,Jo,1.667,2.0,4.5,4.667,4.5,4,2,2,1,5,5,1,1,4,4,2,5,1,1,1,4,4,2,5,1,5,4,4,5,4,"Sherbimet me IA mund te ndihmojne, por vendimet e rendesishme duhet te verifikohen nga punonjesit e bankes."
119,True,Cautious User,0.626,1.121,Mashkull,18-25,Bachelor,I/e punesuar,Tregti / Sherbime,Tirane,Raiffeisen Bank,1-3 vjet,"Karta debiti/krediti per pagesa online|E-wallet (EasyPay, M-Pay, E-Posta, etj.)",Nje here ne jave,3,Jo,3.333,3.25,2.0,2.667,3.5,2,4,2,2,3,3,2,4,3,5,4,4,4,2,5,3,5,4,4,4,1,4,1,1,2,"Sherbimet me IA mund te ndihmojne, por vendimet e rendesishme duhet te verifikohen nga punonjesit e bankes."
120,True,Early Adopter,0.783,0.652,Mashkull,26-35,Bachelor,I/e punesuar,Teknologji / IT,Tirane,BKT (Banka Kombetare Tregtare),1-3 vjet,"Mobile banking (aplikacioni i bankes ne telefon)|Internet banking (permes kompjuterit/browserit)|Karta debiti/krediti per pagesa online|E-wallet (EasyPay, M-Pay, E-Posta, etj.)",Cdo dite,4,Po,3.667,3.75,2.667,3.667,3.75,5,4,3,3,5,3,3,4,3,5,4,4,5,3,4,3,5,4,4,5,2,3,2,3,1,Do ta provoja nese banka e shpjegon qarte si ruhen te dhenat dhe si kontrollohen vendimet.
121,True,Professional / Expert,0.803,0.59,Femer,18-25,Bachelor,I/e punesuar,Teknologji / IT,Tirane,Other,Me pak se 1 vit,Mobile banking (aplikacioni i bankes ne telefon)|Internet banking (permes kompjuterit/browserit)|Karta debiti/krediti per pagesa online,Disa here ne jave,4,Po,4.333,4.75,3.333,3.667,4.0,4,4,4,5,5,3,5,5,5,5,5,5,4,5,5,5,5,5,5,4,2,3,4,3,3,"IA duhet te zbatohet gradualisht, me auditim, transparence dhe pergjegjesi te qarte institucionale."
122,True,Traditionalist,0.731,0.806,Femer,36-45,Arsim baze (9-vjecar),I/e punesuar,Administrate publike,Qytet tjeter,BKT (Banka Kombetare Tregtare),3-5 vjet,Nuk perdor asnje sherbim digjital bankar,Rralle ose kurre,3,Jo,1.333,2.0,4.833,5.0,4.25,4,1,1,1,5,5,3,2,2,3,1,4,2,3,2,2,3,1,4,2,5,5,4,5,5,"IA mund te perdoret per pyetje te thjeshta, por jo per vendime financiare te rendesishme."
123,True,Traditionalist,0.817,0.55,Femer,46-55,Arsim baze (9-vjecar),I/e punesuar,Ndertim / Inxhinieri,Qytet tjeter,Tirana Bank,1-3 vjet,Nuk perdor asnje sherbim digjital bankar,Rralle ose kurre,4,Jo,2.667,2.75,3.5,3.333,3.5,2,4,2,2,4,2,3,2,3,4,2,4,3,3,1,3,4,2,4,3,3,4,4,2,4,Per ceshtje bankare preferoj te flas me nje person dhe jo me sistem automatik.
124,True,Traditionalist,0.702,0.894,Femer,46-55,Arsim baze (9-vjecar),I/e punesuar,Ndertim / Inxhinieri,Tirane,Raiffeisen Bank,Me pak se 1 vit,"Karta debiti/krediti per pagesa online|E-wallet (EasyPay, M-Pay, E-Posta, etj.)",Rralle ose kurre,3,Po,1.667,1.0,4.167,3.667,3.5,2,1,1,1,4,4,1,3,1,3,1,4,1,1,3,2,3,1,4,1,4,3,5,4,5,"IA mund te perdoret per pyetje te thjeshta, por jo per vendime financiare te rendesishme."
125,True,Traditionalist,0.707,0.879,Mashkull,46-55,Arsim baze (9-vjecar),I/e punesuar,Tregti / Sherbime,Tirane,BKT (Banka Kombetare Tregtare),Me pak se 1 vit,Karta debiti/krediti per pagesa online,Rralle ose kurre,1,Po,1.333,1.25,4.833,4.667,4.25,3,1,2,2,4,4,1,1,1,3,2,4,1,1,1,1,3,2,4,1,5,5,5,5,5,Per ceshtje bankare preferoj te flas me nje person dhe jo me sistem automatik.
126,True,Cautious User,0.779,0.664,Mashkull,26-35,Bachelor,I/e punesuar,Shendetesi / Mjekesi,Elbasan,OTP Bank,Mbi 5 vjet,Mobile banking (aplikacioni i bankes ne telefon)|Internet banking (permes kompjuterit/browserit),Nje here ne jave,2,Jo,4.667,4.25,4.333,4.333,4.5,5,4,5,4,5,5,4,5,5,5,3,5,5,4,5,5,5,3,5,5,4,4,5,4,4,"Jam i hapur ndaj IA, por privatesia dhe transparenca jane kushtet kryesore."
127,True,Early Adopter,0.908,0.277,Femer,18-25,Bachelor,I/e punesuar,Finance / Banke / Sigurime,Tirane,BKT (Banka Kombetare Tregtare),3-5 vjet,Mobile banking (aplikacioni i bankes ne telefon)|Internet banking (permes kompjuterit/browserit),Cdo dite,5,Jo,4.333,4.0,3.333,3.333,4.0,2,4,4,4,3,3,5,5,5,4,4,5,2,5,5,5,3,4,5,2,2,5,5,2,3,"IA mund te rrise shpejtesine e sherbimeve bankare, sidomos per rekomandime dhe zbulim mashtrimesh."
128,True,Cautious User,0.803,0.59,Femer,26-35,Arsim i mesem (gjimnaz/profesional),I/e papune,Administrate publike,Korce,Raiffeisen Bank,Mbi 5 vjet,"Mobile banking (aplikacioni i bankes ne telefon)|Karta debiti/krediti per pagesa online|E-wallet (EasyPay, M-Pay, E-Posta, etj.)",Nje here ne jave,3,Nuk jam i/e sigurt,3.333,4.5,4.333,4.667,4.75,4,4,3,3,5,5,5,3,3,5,5,5,5,5,3,4,5,5,5,5,3,5,4,4,5,"Jam i hapur ndaj IA, por privatesia dhe transparenca jane kushtet kryesore."
129,True,Cautious User,0.803,0.591,Femer,36-45,Arsim i mesem (gjimnaz/profesional),I/e punesuar,Tregti / Sherbime,Tirane,Other,Me pak se 1 vit,Mobile banking (aplikacioni i bankes ne telefon)|Karta debiti/krediti per pagesa online,Disa here ne jave,4,Nuk jam i/e sigurt,4.667,4.0,4.0,4.333,4.5,4,4,5,4,4,5,4,5,5,5,4,4,3,4,5,5,5,4,3,3,2,4,4,5,5,"Jam i hapur ndaj IA, por privatesia dhe transparenca jane kushtet kryesore."
130,True,Professional / Expert,0.789,0.633,Mashkull,18-25,Master,I/e punesuar,Teknologji / IT,Tirane,Raiffeisen Bank,1-3 vjet,Mobile banking (aplikacioni i bankes ne telefon)|Internet banking (permes kompjuterit/browserit)|Karta debiti/krediti per pagesa online,Cdo dite,4,Jo,4.0,3.0,4.167,4.333,4.5,4,4,4,1,5,3,2,4,3,5,4,5,3,2,4,3,5,4,5,3,2,5,5,3,5,"Potenciali eshte i madh, por bankat duhet te forcojne qeverisjen e te dhenave dhe kontrollin rregullator."
131,True,Traditionalist,0.907,0.279,Mashkull,46-55,Arsim i mesem (gjimnaz/profesional),I/e punesuar,Tregti / Sherbime,Durres,Credins Bank,Mbi 5 vjet,"Mobile banking (aplikacioni i bankes ne telefon)|Karta debiti/krediti per pagesa online|E-wallet (EasyPay, M-Pay, E-Posta, etj.)",Disa here ne muaj,2,Jo,3.0,2.25,4.0,3.667,4.25,2,3,4,2,4,4,3,2,4,5,1,5,1,3,3,4,5,1,5,1,4,3,5,4,4,"IA mund te perdoret per pyetje te thjeshta, por jo per vendime financiare te rendesishme."
132,True,Cautious User,0.945,0.166,Femer,46-55,Arsim baze (9-vjecar),I/e punesuar,Tregti / Sherbime,Tirane,Credins Bank,3-5 vjet,"Mobile banking (aplikacioni i bankes ne telefon)|Internet banking (permes kompjuterit/browserit)|Karta debiti/krediti per pagesa online|E-wallet (EasyPay, M-Pay, E-Posta, etj.)",Cdo dite,3,Jo,3.667,3.25,4.167,4.667,5.0,3,4,4,2,4,3,4,3,3,5,2,5,4,4,3,3,5,2,4,5,2,5,5,5,4,"Jam i hapur ndaj IA, por privatesia dhe transparenca jane kushtet kryesore."
133,True,Early Adopter,0.607,1.178,Preferoj te mos pergjigjem,18-25,Bachelor,I/e punesuar,Administrate publike,Vlore,BKT (Banka Kombetare Tregtare),3-5 vjet,Mobile banking (aplikacioni i bankes ne telefon)|Karta debiti/krediti per pagesa online,Disa here ne jave,3,Jo,2.667,3.25,3.0,3.667,3.5,5,2,3,4,4,2,3,3,2,3,4,4,4,4,3,2,3,3,4,3,1,3,2,4,4,"IA mund te rrise shpejtesine e sherbimeve bankare, sidomos per rekomandime dhe zbulim mashtrimesh."
134,True,Cautious User,0.886,0.341,Mashkull,55+,Arsim i mesem (gjimnaz/profesional),I/e punesuar,Tregti / Sherbime,Vlore,Raiffeisen Bank,Me pak se 1 vit,Mobile banking (aplikacioni i bankes ne telefon)|Karta debiti/krediti per pagesa online,Disa here ne jave,2,Nuk jam i/e sigurt,3.667,3.0,4.167,5.0,4.75,4,4,4,3,5,4,2,3,3,4,4,5,3,2,3,4,3,4,5,2,2,5,3,5,5,"Sherbimet me IA mund te ndihmojne, por vendimet e rendesishme duhet te verifikohen nga punonjesit e bankes."
135,True,Cautious User,0.705,0.885,Femer,46-55,Arsim baze (9-vjecar),I/e punesuar,Tregti / Sherbime,Tirane,OTP Bank,Mbi 5 vjet,Mobile banking (aplikacioni i bankes ne telefon)|Internet banking (permes kompjuterit/browserit)|Karta debiti/krediti per pagesa online,Nje here ne jave,4,Po,2.667,2.0,4.167,4.333,4.5,2,2,2,2,5,5,3,4,1,5,2,5,2,3,4,1,5,2,5,2,2,5,5,3,5,"Sherbimet me IA mund te ndihmojne, por vendimet e rendesishme duhet te verifikohen nga punonjesit e bankes."
136,True,Traditionalist,0.667,0.998,Mashkull,46-55,Arsim baze (9-vjecar),I/e punesuar,Tregti / Sherbime,Tirane,OTP Bank,Me pak se 1 vit,Nuk perdor asnje sherbim digjital bankar,Rralle ose kurre,2,Jo,3.333,3.25,3.333,3.0,3.0,2,3,3,3,2,3,3,4,4,3,3,2,3,3,5,4,3,3,2,3,3,4,3,3,5,"IA mund te perdoret per pyetje te thjeshta, por jo per vendime financiare te rendesishme."
137,True,Cautious User,0.799,0.602,Mashkull,26-35,Bachelor,I/e punesuar,Finance / Banke / Sigurime,Qytet tjeter,OTP Bank,1-3 vjet,Mobile banking (aplikacioni i bankes ne telefon)|Internet banking (permes kompjuterit/browserit)|Karta debiti/krediti per pagesa online,Cdo dite,3,Po,4.667,3.5,3.333,4.0,4.25,4,5,4,3,4,3,3,5,4,4,4,5,3,4,5,4,4,4,5,2,3,5,2,3,3,"Sherbimet me IA mund te ndihmojne, por vendimet e rendesishme duhet te verifikohen nga punonjesit e bankes."
138,True,Cautious User,0.765,0.705,Femer,36-45,Arsim i mesem (gjimnaz/profesional),I/e punesuar,Administrate publike,Tirane,Raiffeisen Bank,Mbi 5 vjet,"Mobile banking (aplikacioni i bankes ne telefon)|Internet banking (permes kompjuterit/browserit)|Karta debiti/krediti per pagesa online|E-wallet (EasyPay, M-Pay, E-Posta, etj.)",Nje here ne jave,4,Po,4.0,4.5,4.333,4.667,4.0,3,5,3,5,5,4,4,4,5,4,4,3,5,4,4,5,4,4,4,5,4,5,3,4,5,"Sherbimet me IA mund te ndihmojne, por vendimet e rendesishme duhet te verifikohen nga punonjesit e bankes."
139,True,Early Adopter,0.883,0.351,Mashkull,18-25,Arsim i mesem (gjimnaz/profesional),I/e vetepunesuar,Ndertim / Inxhinieri,Korce,BKT (Banka Kombetare Tregtare),1-3 vjet,"Mobile banking (aplikacioni i bankes ne telefon)|Karta debiti/krediti per pagesa online|E-wallet (EasyPay, M-Pay, E-Posta, etj.)",Cdo dite,4,Po,5.0,4.75,2.833,3.333,4.0,4,5,5,5,2,3,5,5,5,4,5,4,4,5,5,5,4,5,3,4,2,4,2,4,3,Do ta provoja nese banka e shpjegon qarte si ruhen te dhenat dhe si kontrollohen vendimet.
140,True,Cautious User,0.848,0.455,Mashkull,36-45,Bachelor,I/e punesuar,Administrate publike,Zone rurale,Raiffeisen Bank,Mbi 5 vjet,"Mobile banking (aplikacioni i bankes ne telefon)|E-wallet (EasyPay, M-Pay, E-Posta, etj.)",Disa here ne muaj,3,Jo,4.333,3.75,4.5,5.0,4.75,2,3,5,3,5,5,4,5,2,4,5,5,4,4,5,2,4,5,5,4,3,5,4,5,5,"Jam i hapur ndaj IA, por privatesia dhe transparenca jane kushtet kryesore."
141,True,Cautious User,0.573,1.282,Femer,26-35,Arsim i mesem (gjimnaz/profesional),I/e punesuar,Tregti / Sherbime,Tirane,BKT (Banka Kombetare Tregtare),3-5 vjet,"Mobile banking (aplikacioni i bankes ne telefon)|Karta debiti/krediti per pagesa online|E-wallet (EasyPay, M-Pay, E-Posta, etj.)",Disa here ne jave,3,Jo,2.333,2.0,3.0,3.0,4.0,4,3,2,3,3,4,1,2,3,5,3,5,1,1,2,3,5,3,5,1,2,3,3,3,4,"Sherbimet me IA mund te ndihmojne, por vendimet e rendesishme duhet te verifikohen nga punonjesit e bankes."
142,True,Early Adopter,0.699,0.902,Mashkull,18-25,Bachelor,I/e punesuar,Teknologji / IT,Shkoder,Raiffeisen Bank,1-3 vjet,Mobile banking (aplikacioni i bankes ne telefon)|Internet banking (permes kompjuterit/browserit)|Karta debiti/krediti per pagesa online,Cdo dite,5,Jo,4.667,4.25,2.167,2.0,2.75,4,5,5,4,3,4,4,4,4,3,4,5,5,4,4,4,3,4,5,5,2,1,2,2,3,"IA mund te rrise shpejtesine e sherbimeve bankare, sidomos per rekomandime dhe zbulim mashtrimesh."
143,True,Early Adopter,0.514,1.457,Mashkull,26-35,Arsim i mesem (gjimnaz/profesional),I/e vetepunesuar,Tregti / Sherbime,Tirane,BKT (Banka Kombetare Tregtare),1-3 vjet,Mobile banking (aplikacioni i bankes ne telefon)|Internet banking (permes kompjuterit/browserit)|Karta debiti/krediti per pagesa online,Cdo dite,4,Nuk jam i/e sigurt,3.667,4.5,1.5,1.333,2.0,4,4,3,5,2,2,4,4,5,4,4,2,5,4,4,5,4,4,2,5,1,1,3,1,1,"IA mund te rrise shpejtesine e sherbimeve bankare, sidomos per rekomandime dhe zbulim mashtrimesh."
144,True,Cautious User,0.837,0.489,Mashkull,26-35,Bachelor,I/e punesuar,Finance / Banke / Sigurime,Elbasan,Credins Bank,Me pak se 1 vit,Mobile banking (aplikacioni i bankes ne telefon)|Internet banking (permes kompjuterit/browserit)|Karta debiti/krediti per pagesa online,Disa here ne jave,4,Nuk jam i/e sigurt,4.0,4.0,3.0,4.0,4.25,4,5,4,3,4,5,4,3,3,4,5,5,4,3,3,3,5,5,5,4,1,5,3,3,2,"Sherbimet me IA mund te ndihmojne, por vendimet e rendesishme duhet te verifikohen nga punonjesit e bankes."
145,True,Cautious User,0.67,0.991,Femer,46-55,Arsim baze (9-vjecar),I/e vetepunesuar,Administrate publike,Korce,Raiffeisen Bank,Mbi 5 vjet,Karta debiti/krediti per pagesa online,Nje here ne jave,4,Po,2.667,1.75,4.5,4.667,4.5,2,4,2,1,5,5,1,2,2,5,1,4,3,1,2,2,5,1,4,3,5,4,3,5,5,"Jam i hapur ndaj IA, por privatesia dhe transparenca jane kushtet kryesore."
146,True,Early Adopter,0.765,0.705,Femer,26-35,Arsim i mesem (gjimnaz/profesional),I/e papune,Tregti / Sherbime,Shkoder,Other,3-5 vjet,Mobile banking (aplikacioni i bankes ne telefon)|Internet banking (permes kompjuterit/browserit)|Karta debiti/krediti per pagesa online,Cdo dite,3,Po,3.667,3.75,3.333,3.667,3.5,5,4,4,5,3,4,2,3,5,3,4,3,4,2,3,5,3,4,2,4,3,4,3,4,3,Do ta provoja nese banka e shpjegon qarte si ruhen te dhenat dhe si kontrollohen vendimet.
147,True,Early Adopter,0.676,0.972,Mashkull,18-25,Bachelor,Student/e,Teknologji / IT,Shkoder,Intesa Sanpaolo Bank,Me pak se 1 vit,Mobile banking (aplikacioni i bankes ne telefon)|Internet banking (permes kompjuterit/browserit)|Karta debiti/krediti per pagesa online,Cdo dite,3,Nuk jam i/e sigurt,5.0,4.75,2.667,2.333,2.5,4,5,5,5,3,3,4,5,5,3,5,3,5,4,5,5,3,5,3,5,2,3,3,1,4,"IA mund te rrise shpejtesine e sherbimeve bankare, sidomos per rekomandime dhe zbulim mashtrimesh."
148,True,Cautious User,0.626,1.121,Mashkull,18-25,Arsim i mesem (gjimnaz/profesional),Student/e,Tregti / Sherbime,Tirane,Tirana Bank,Me pak se 1 vit,"Internet banking (permes kompjuterit/browserit)|Karta debiti/krediti per pagesa online|E-wallet (EasyPay, M-Pay, E-Posta, etj.)",Nje here ne jave,4,Jo,3.667,4.75,2.333,3.0,3.75,3,3,4,5,4,2,4,4,5,5,5,5,5,4,4,5,5,5,4,5,1,4,1,1,3,"Sherbimet me IA mund te ndihmojne, por vendimet e rendesishme duhet te verifikohen nga punonjesit e bankes."
149,True,Cautious User,0.861,0.418,Femer,26-35,Bachelor,I/e punesuar,Teknologji / IT,Zone rurale,Tirana Bank,3-5 vjet,"Mobile banking (aplikacioni i bankes ne telefon)|Internet banking (permes kompjuterit/browserit)|E-wallet (EasyPay, M-Pay, E-Posta, etj.)",Disa here ne muaj,4,Po,3.0,3.0,4.167,4.667,4.75,2,3,3,4,4,5,3,3,3,5,4,4,2,3,2,3,5,4,4,2,2,5,4,5,5,"Jam i hapur ndaj IA, por privatesia dhe transparenca jane kushtet kryesore."
150,True,Cautious User,0.853,0.441,Mashkull,46-55,Bachelor,I/e punesuar,Arsim,Shkoder,Raiffeisen Bank,Mbi 5 vjet,Mobile banking (aplikacioni i bankes ne telefon)|Karta debiti/krediti per pagesa online,Disa here ne jave,3,Jo,3.667,3.75,4.0,4.333,4.0,5,3,4,4,5,4,4,4,3,4,4,4,4,3,4,3,4,4,4,4,3,4,3,4,5,"Jam i hapur ndaj IA, por privatesia dhe transparenca jane kushtet kryesore."
151,True,Cautious User,0.859,0.423,Mashkull,26-35,Master,I/e punesuar,Shendetesi / Mjekesi,Tirane,Credins Bank,1-3 vjet,"Mobile banking (aplikacioni i bankes ne telefon)|Karta debiti/krediti per pagesa online|E-wallet (EasyPay, M-Pay, E-Posta, etj.)",Nje here ne jave,4,Jo,4.333,3.5,4.667,5.0,4.75,3,5,4,5,5,5,4,4,3,4,2,5,5,4,4,3,4,2,5,5,4,5,4,5,5,"Jam i hapur ndaj IA, por privatesia dhe transparenca jane kushtet kryesore."
152,True,Traditionalist,0.81,0.57,Femer,26-35,Arsim i mesem (gjimnaz/profesional),I/e papune,Tregti / Sherbime,Tirane,Tirana Bank,Mbi 5 vjet,Karta debiti/krediti per pagesa online,Disa here ne muaj,2,Jo,3.667,2.5,4.0,4.333,4.0,2,4,2,3,5,5,3,5,2,4,2,4,3,3,4,2,4,2,4,2,3,3,4,5,4,Per ceshtje bankare preferoj te flas me nje person dhe jo me sistem automatik.
153,True,Cautious User,0.88,0.359,Femer,46-55,Arsim baze (9-vjecar),I/e vetepunesuar,Administrate publike,Shkoder,Intesa Sanpaolo Bank,1-3 vjet,Mobile banking (aplikacioni i bankes ne telefon)|Internet banking (permes kompjuterit/browserit),Nje here ne jave,4,Jo,3.667,3.5,4.167,4.0,4.25,2,3,3,4,5,3,5,5,4,5,2,5,3,5,5,4,5,2,5,3,4,3,4,4,5,"Sherbimet me IA mund te ndihmojne, por vendimet e rendesishme duhet te verifikohen nga punonjesit e bankes."
154,True,Cautious User,0.696,0.911,Mashkull,46-55,Arsim baze (9-vjecar),I/e punesuar,Tregti / Sherbime,Zone rurale,BKT (Banka Kombetare Tregtare),Mbi 5 vjet,"E-wallet (EasyPay, M-Pay, E-Posta, etj.)",Nje here ne jave,3,Jo,4.0,1.75,3.667,4.0,4.25,3,4,4,2,4,5,2,4,1,5,1,4,3,2,4,1,5,1,4,3,1,4,4,4,5,"Sherbimet me IA mund te ndihmojne, por vendimet e rendesishme duhet te verifikohen nga punonjesit e bankes."
155,True,Cautious User,0.783,0.65,Femer,26-35,Bachelor,I/e punesuar,Tregti / Sherbime,Qytet tjeter,Raiffeisen Bank,1-3 vjet,Mobile banking (aplikacioni i bankes ne telefon)|Internet banking (permes kompjuterit/browserit)|Karta debiti/krediti per pagesa online,Nje here ne jave,4,Jo,4.0,4.5,4.667,5.0,4.5,3,5,3,5,5,4,4,4,5,5,5,3,4,4,4,5,5,5,3,4,4,5,4,5,5,"Jam i hapur ndaj IA, por privatesia dhe transparenca jane kushtet kryesore."
156,True,Early Adopter,0.756,0.732,Mashkull,18-25,Bachelor,Student/e,Finance / Banke / Sigurime,Durres,BKT (Banka Kombetare Tregtare),Me pak se 1 vit,"Mobile banking (aplikacioni i bankes ne telefon)|Internet banking (permes kompjuterit/browserit)|Karta debiti/krediti per pagesa online|E-wallet (EasyPay, M-Pay, E-Posta, etj.)",Cdo dite,5,Nuk jam i/e sigurt,4.0,4.0,3.833,4.333,4.5,4,4,3,4,5,2,5,5,5,5,4,5,2,5,5,5,5,4,5,2,3,4,3,4,4,Do ta provoja nese banka e shpjegon qarte si ruhen te dhenat dhe si kontrollohen vendimet.
157,True,Early Adopter,0.886,0.343,Mashkull,26-35,Bachelor,I/e punesuar,Finance / Banke / Sigurime,Qytet tjeter,Raiffeisen Bank,3-5 vjet,"Mobile banking (aplikacioni i bankes ne telefon)|Karta debiti/krediti per pagesa online|E-wallet (EasyPay, M-Pay, E-Posta, etj.)",Cdo dite,4,Po,4.333,5.0,3.0,3.333,4.25,4,5,3,5,2,3,5,5,5,5,5,4,5,5,5,5,5,5,4,5,3,4,3,4,2,"IA mund te rrise shpejtesine e sherbimeve bankare, sidomos per rekomandime dhe zbulim mashtrimesh."
158,True,Traditionalist,0.843,0.47,Femer,46-55,Arsim baze (9-vjecar),I/e punesuar,Bujqesi,Elbasan,BKT (Banka Kombetare Tregtare),3-5 vjet,Mobile banking (aplikacioni i bankes ne telefon),Rralle ose kurre,1,Jo,3.0,1.75,4.833,4.667,4.0,3,4,1,2,5,4,2,4,1,3,1,4,3,1,4,1,3,1,4,3,5,5,5,4,5,Per ceshtje bankare preferoj te flas me nje person dhe jo me sistem automatik.
159,True,Cautious User,0.866,0.401,Femer,36-45,Arsim i mesem (gjimnaz/profesional),I/e punesuar,Tregti / Sherbime,Tirane,Credins Bank,1-3 vjet,Mobile banking (aplikacioni i bankes ne telefon)|Internet banking (permes kompjuterit/browserit)|Karta debiti/krediti per pagesa online,Disa here ne jave,4,Nuk jam i/e sigurt,3.333,2.75,4.667,4.667,5.0,3,3,4,2,4,5,3,3,3,5,2,5,3,3,3,3,5,2,5,3,4,5,5,5,5,"Jam i hapur ndaj IA, por privatesia dhe transparenca jane kushtet kryesore."
160,True,Early Adopter,0.826,0.523,Mashkull,18-25,Arsim i mesem (gjimnaz/profesional),I/e punesuar,Tregti / Sherbime,Zone rurale,Intesa Sanpaolo Bank,3-5 vjet,Mobile banking (aplikacioni i bankes ne telefon)|Internet banking (permes kompjuterit/browserit)|Karta debiti/krediti per pagesa online,Cdo dite,4,Nuk jam i/e sigurt,4.333,4.75,3.833,4.0,4.0,3,5,3,3,4,4,5,5,4,4,5,4,5,5,5,4,4,4,4,4,4,4,2,4,5,Do ta provoja nese banka e shpjegon qarte si ruhen te dhenat dhe si kontrollohen vendimet.
161,True,Cautious User,0.7,0.901,Femer,36-45,Master,I/e vetepunesuar,Shendetesi / Mjekesi,Tirane,Tirana Bank,3-5 vjet,Internet banking (permes kompjuterit/browserit)|Karta debiti/krediti per pagesa online,Disa here ne jave,4,Po,2.333,3.75,3.0,3.667,4.0,3,3,3,5,3,4,2,1,5,4,5,4,3,2,1,5,4,5,4,3,1,3,2,5,4,"Sherbimet me IA mund te ndihmojne, por vendimet e rendesishme duhet te verifikohen nga punonjesit e bankes."
162,True,Traditionalist,0.765,0.705,Femer,55+,Arsim baze (9-vjecar),I/e punesuar,Administrate publike,Tirane,Raiffeisen Bank,Mbi 5 vjet,Internet banking (permes kompjuterit/browserit),Disa here ne muaj,3,Jo,1.333,1.75,4.0,4.333,4.25,2,1,1,1,5,5,1,2,2,5,2,4,2,1,2,2,5,2,4,2,2,5,5,3,4,Per ceshtje bankare preferoj te flas me nje person dhe jo me sistem automatik.
163,True,Cautious User,0.837,0.489,Femer,36-45,Doktorature,I/e punesuar,Administrate publike,Tirane,Raiffeisen Bank,3-5 vjet,"Karta debiti/krediti per pagesa online|E-wallet (EasyPay, M-Pay, E-Posta, etj.)",Disa here ne jave,4,Jo,4.0,4.0,3.333,4.0,4.25,3,4,4,4,4,5,4,4,3,4,4,5,5,4,4,2,3,4,4,5,2,3,1,5,5,"Jam i hapur ndaj IA, por privatesia dhe transparenca jane kushtet kryesore."
164,True,Early Adopter,0.732,0.803,Mashkull,26-35,Bachelor,I/e punesuar,Finance / Banke / Sigurime,Shkoder,Raiffeisen Bank,3-5 vjet,Mobile banking (aplikacioni i bankes ne telefon)|Internet banking (permes kompjuterit/browserit)|Karta debiti/krediti per pagesa online,Disa here ne jave,4,Nuk jam i/e sigurt,4.333,4.5,1.833,2.0,3.0,3,4,5,4,2,4,5,4,5,4,5,4,3,5,4,5,4,5,4,3,1,2,1,2,3,"IA mund te rrise shpejtesine e sherbimeve bankare, sidomos per rekomandime dhe zbulim mashtrimesh."
165,True,Cautious User,0.883,0.351,Preferoj te mos pergjigjem,46-55,Arsim i mesem (gjimnaz/profesional),I/e punesuar,Ndertim / Inxhinieri,Tirane,Credins Bank,3-5 vjet,Mobile banking (aplikacioni i bankes ne telefon)|Internet banking (permes kompjuterit/browserit),Disa here ne jave,3,Po,4.0,3.5,5.0,5.0,4.5,3,4,3,2,5,5,3,5,5,5,3,3,3,3,5,5,5,3,3,3,5,5,5,5,5,"Sherbimet me IA mund te ndihmojne, por vendimet e rendesishme duhet te verifikohen nga punonjesit e bankes."
166,True,Cautious User,0.825,0.525,Mashkull,26-35,Bachelor,I/e vetepunesuar,Administrate publike,Zone rurale,Credins Bank,Me pak se 1 vit,"Mobile banking (aplikacioni i bankes ne telefon)|Internet banking (permes kompjuterit/browserit)|E-wallet (EasyPay, M-Pay, E-Posta, etj.)",Nje here ne jave,5,Jo,4.333,4.0,4.5,5.0,5.0,5,5,4,5,5,5,4,4,3,5,4,5,5,4,4,3,5,4,5,5,4,5,3,5,5,"Sherbimet me IA mund te ndihmojne, por vendimet e rendesishme duhet te verifikohen nga punonjesit e bankes."
167,True,Traditionalist,0.806,0.582,Femer,46-55,Arsim baze (9-vjecar),I/e punesuar,Tregti / Sherbime,Tirane,Raiffeisen Bank,3-5 vjet,Nuk perdor asnje sherbim digjital bankar,Rralle ose kurre,3,Po,3.0,2.75,4.667,5.0,4.5,1,4,2,1,5,5,4,3,1,5,2,3,4,4,3,2,5,2,3,4,3,5,5,5,5,Per ceshtje bankare preferoj te flas me nje person dhe jo me sistem automatik.
168,True,Cautious User,0.885,0.344,Mashkull,46-55,Bachelor,I/e punesuar,Shendetesi / Mjekesi,Korce,Raiffeisen Bank,3-5 vjet,Mobile banking (aplikacioni i bankes ne telefon)|Internet banking (permes kompjuterit/browserit)|Karta debiti/krediti per pagesa online,Disa here ne jave,2,Po,3.333,3.25,3.5,4.333,4.25,3,4,2,3,5,3,3,4,3,4,3,5,4,3,4,3,4,3,5,4,2,3,3,5,3,"Sherbimet me IA mund te ndihmojne, por vendimet e rendesishme duhet te verifikohen nga punonjesit e bankes."
169,True,Cautious User,0.746,0.763,Mashkull,36-45,Bachelor,I/e punesuar,Ndertim / Inxhinieri,Tirane,Tirana Bank,Mbi 5 vjet,Mobile banking (aplikacioni i bankes ne telefon)|Internet banking (permes kompjuterit/browserit)|Karta debiti/krediti per pagesa online,Disa here ne jave,1,Po,3.0,3.75,3.5,3.667,3.75,2,3,2,1,3,4,4,4,4,4,5,3,2,3,4,4,3,4,3,2,3,5,3,3,4,"Sherbimet me IA mund te ndihmojne, por vendimet e rendesishme duhet te verifikohen nga punonjesit e bankes."
170,True,Cautious User,0.888,0.337,Femer,55+,Arsim baze (9-vjecar),I/e punesuar,Bujqesi,Zone rurale,BKT (Banka Kombetare Tregtare),Mbi 5 vjet,Mobile banking (aplikacioni i bankes ne telefon)|Internet banking (permes kompjuterit/browserit)|Karta debiti/krediti per pagesa online,Nje here ne jave,5,Jo,4.0,3.25,4.667,5.0,5.0,2,3,5,4,5,5,3,4,4,5,3,5,3,3,4,4,5,3,5,3,3,5,5,5,5,"Jam i hapur ndaj IA, por privatesia dhe transparenca jane kushtet kryesore."
171,True,Cautious User,0.629,1.113,Mashkull,36-45,Bachelor,I/e punesuar,Ndertim / Inxhinieri,Tirane,Credins Bank,Mbi 5 vjet,Mobile banking (aplikacioni i bankes ne telefon)|Internet banking (permes kompjuterit/browserit)|Karta debiti/krediti per pagesa online,Disa here ne jave,3,Po,4.0,4.0,2.5,3.0,3.25,5,4,3,5,3,5,3,5,5,4,3,3,5,3,5,5,4,3,3,5,2,4,2,2,2,"Jam i hapur ndaj IA, por privatesia dhe transparenca jane kushtet kryesore."
172,True,Early Adopter,0.713,0.86,Femer,36-45,Bachelor,I/e punesuar,Finance / Banke / Sigurime,Tirane,BKT (Banka Kombetare Tregtare),1-3 vjet,"Mobile banking (aplikacioni i bankes ne telefon)|Internet banking (permes kompjuterit/browserit)|Karta debiti/krediti per pagesa online|E-wallet (EasyPay, M-Pay, E-Posta, etj.)",Cdo dite,3,Jo,4.667,4.5,4.167,4.667,4.75,3,5,5,4,5,4,5,4,4,5,4,5,5,5,4,4,5,4,4,5,2,5,5,4,4,"IA mund te rrise shpejtesine e sherbimeve bankare, sidomos per rekomandime dhe zbulim mashtrimesh."
173,True,Early Adopter,0.748,0.757,Mashkull,18-25,Bachelor,I/e papune,Teknologji / IT,Shkoder,BKT (Banka Kombetare Tregtare),1-3 vjet,"Mobile banking (aplikacioni i bankes ne telefon)|Internet banking (permes kompjuterit/browserit)|Karta debiti/krediti per pagesa online|E-wallet (EasyPay, M-Pay, E-Posta, etj.)",Cdo dite,4,Po,3.333,4.25,3.0,3.0,3.25,5,4,3,3,3,3,5,3,4,4,5,3,3,5,3,5,4,5,3,3,2,2,5,4,2,Do ta provoja nese banka e shpjegon qarte si ruhen te dhenat dhe si kontrollohen vendimet.
174,True,Cautious User,0.859,0.423,Femer,26-35,Bachelor,I/e punesuar,Tregti / Sherbime,Tirane,BKT (Banka Kombetare Tregtare),1-3 vjet,"Mobile banking (aplikacioni i bankes ne telefon)|E-wallet (EasyPay, M-Pay, E-Posta, etj.)",Disa here ne jave,4,Jo,4.333,3.5,4.5,5.0,4.75,5,5,3,5,5,5,4,5,3,5,4,4,3,4,5,4,5,4,4,3,4,5,4,5,4,"Jam i hapur ndaj IA, por privatesia dhe transparenca jane kushtet kryesore."
175,True,Early Adopter,0.758,0.726,Mashkull,18-25,Bachelor,I/e papune,Tregti / Sherbime,Tirane,BKT (Banka Kombetare Tregtare),Me pak se 1 vit,"Internet banking (permes kompjuterit/browserit)|Karta debiti/krediti per pagesa online|E-wallet (EasyPay, M-Pay, E-Posta, etj.)",Disa here ne jave,5,Po,4.0,3.5,2.833,2.667,3.25,4,5,4,3,4,2,3,3,4,5,3,4,4,3,3,4,5,3,4,4,3,2,3,2,3,Do ta provoja nese banka e shpjegon qarte si ruhen te dhenat dhe si kontrollohen vendimet.
176,True,Traditionalist,0.742,0.773,Mashkull,46-55,Arsim baze (9-vjecar),I/e vetepunesuar,Bujqesi,Zone rurale,Credins Bank,Me pak se 1 vit,Nuk perdor asnje sherbim digjital bankar,Rralle ose kurre,3,Jo,2.0,3.0,5.0,5.0,5.0,2,1,2,4,5,2,3,3,3,5,3,5,3,3,3,3,5,2,5,3,5,5,5,5,5,Per ceshtje bankare preferoj te flas me nje person dhe jo me sistem automatik.
177,True,Traditionalist,0.792,0.623,Mashkull,46-55,Arsim baze (9-vjecar),I/e punesuar,Administrate publike,Vlore,OTP Bank,1-3 vjet,Nuk perdor asnje sherbim digjital bankar,Rralle ose kurre,3,Po,2.333,3.5,3.833,4.0,4.0,4,2,2,2,5,2,3,3,3,5,4,4,4,3,3,2,5,4,4,4,4,4,5,3,2,Per ceshtje bankare preferoj te flas me nje person dhe jo me sistem automatik.
178,True,Traditionalist,0.51,1.469,Mashkull,26-35,Arsim i mesem (gjimnaz/profesional),I/e punesuar,Administrate publike,Shkoder,Credins Bank,3-5 vjet,Nuk perdor asnje sherbim digjital bankar,Rralle ose kurre,2,Jo,2.0,3.0,2.5,1.667,2.75,1,3,1,3,2,4,3,2,2,5,3,3,4,3,3,2,5,3,3,4,3,2,3,1,4,Per ceshtje bankare preferoj te flas me nje person dhe jo me sistem automatik.
179,True,Traditionalist,0.938,0.185,Femer,18-25,Bachelor,I/e papune,Tregti / Sherbime,Tirane,Raiffeisen Bank,1-3 vjet,Mobile banking (aplikacioni i bankes ne telefon)|Karta debiti/krediti per pagesa online,Rralle ose kurre,3,Jo,2.667,2.5,4.333,4.0,4.5,2,4,2,3,4,4,2,2,2,5,3,5,3,2,2,2,5,3,5,3,4,5,5,3,5,"IA mund te perdoret per pyetje te thjeshta, por jo per vendime financiare te rendesishme."
180,True,Cautious User,0.736,0.791,Mashkull,36-45,Arsim i mesem (gjimnaz/profesional),I/e punesuar,Bujqesi,Korce,Raiffeisen Bank,1-3 vjet,Mobile banking (aplikacioni i bankes ne telefon),Disa here ne jave,4,Po,3.0,2.0,4.0,4.667,4.75,2,3,4,2,5,4,2,2,1,5,2,5,3,3,2,1,4,2,5,3,3,5,3,4,4,"Jam i hapur ndaj IA, por privatesia dhe transparenca jane kushtet kryesore."
181,True,Cautious User,0.774,0.677,Femer,46-55,Bachelor,I/e vetepunesuar,Ndertim / Inxhinieri,Tirane,BKT (Banka Kombetare Tregtare),Mbi 5 vjet,Internet banking (permes kompjuterit/browserit)|Karta debiti/krediti per pagesa online,Cdo dite,2,Po,2.667,2.75,4.833,5.0,5.0,2,3,2,3,5,4,3,3,3,5,4,5,1,3,3,3,5,4,5,1,5,5,5,5,4,"Sherbimet me IA mund te ndihmojne, por vendimet e rendesishme duhet te verifikohen nga punonjesit e bankes."
182,True,Early Adopter,0.715,0.854,Mashkull,18-25,Bachelor,Student/e,Tregti / Sherbime,Tirane,Raiffeisen Bank,Me pak se 1 vit,"Mobile banking (aplikacioni i bankes ne telefon)|Internet banking (permes kompjuterit/browserit)|E-wallet (EasyPay, M-Pay, E-Posta, etj.)",Cdo dite,4,Nuk jam i/e sigurt,5.0,4.75,2.333,2.0,3.0,3,5,5,4,1,2,5,5,5,4,5,3,4,5,4,5,4,5,3,4,2,1,2,4,4,"IA mund te rrise shpejtesine e sherbimeve bankare, sidomos per rekomandime dhe zbulim mashtrimesh."
183,True,Early Adopter,0.777,0.669,Femer,18-25,Arsim i mesem (gjimnaz/profesional),Student/e,Shendetesi / Mjekesi,Vlore,Raiffeisen Bank,3-5 vjet,"Mobile banking (aplikacioni i bankes ne telefon)|Karta debiti/krediti per pagesa online|E-wallet (EasyPay, M-Pay, E-Posta, etj.)",Disa here ne jave,4,Nuk jam i/e sigurt,5.0,4.75,1.833,2.333,3.25,5,5,5,4,3,1,4,5,5,5,5,4,5,4,5,5,5,5,5,5,1,3,1,1,2,"IA mund te rrise shpejtesine e sherbimeve bankare, sidomos per rekomandime dhe zbulim mashtrimesh."
184,True,Traditionalist,0.835,0.495,Mashkull,46-55,Arsim i mesem (gjimnaz/profesional),I/e punesuar,Administrate publike,Tirane,Intesa Sanpaolo Bank,1-3 vjet,Internet banking (permes kompjuterit/browserit)|Karta debiti/krediti per pagesa online,Disa here ne muaj,2,Jo,2.333,3.25,3.833,4.0,4.25,2,2,2,3,4,3,3,3,5,5,3,4,2,3,3,5,4,2,4,2,4,3,4,5,3,Per ceshtje bankare preferoj te flas me nje person dhe jo me sistem automatik.
185,True,Early Adopter,0.877,0.368,Femer,18-25,Master,Student/e,Teknologji / IT,Tirane,BKT (Banka Kombetare Tregtare),Me pak se 1 vit,Mobile banking (aplikacioni i bankes ne telefon)|Internet banking (permes kompjuterit/browserit)|Karta debiti/krediti per pagesa online,Disa here ne jave,5,Jo,5.0,4.5,2.833,3.333,3.75,4,5,5,4,3,2,4,5,5,3,4,5,5,4,5,4,3,3,5,5,1,3,3,4,3,Do ta provoja nese banka e shpjegon qarte si ruhen te dhenat dhe si kontrollohen vendimet.
186,True,Cautious User,0.677,0.97,Mashkull,26-35,Master,I/e papune,Ndertim / Inxhinieri,Tirane,BKT (Banka Kombetare Tregtare),1-3 vjet,Mobile banking (aplikacioni i bankes ne telefon)|Internet banking (permes kompjuterit/browserit),Disa here ne jave,3,Po,4.333,3.0,2.5,3.0,3.75,5,5,4,1,3,4,3,4,2,4,3,5,4,3,4,2,4,3,5,4,1,3,2,3,3,"Jam i hapur ndaj IA, por privatesia dhe transparenca jane kushtet kryesore."
187,True,Early Adopter,0.648,1.057,Mashkull,18-25,Master,I/e punesuar,Teknologji / IT,Korce,Raiffeisen Bank,1-3 vjet,"Mobile banking (aplikacioni i bankes ne telefon)|Karta debiti/krediti per pagesa online|E-wallet (EasyPay, M-Pay, E-Posta, etj.)",Cdo dite,4,Jo,4.333,4.75,2.333,2.333,2.25,5,5,3,5,3,3,5,5,4,4,5,1,5,5,5,4,5,5,1,5,1,2,3,2,3,"IA mund te rrise shpejtesine e sherbimeve bankare, sidomos per rekomandime dhe zbulim mashtrimesh."
188,True,Cautious User,0.824,0.529,Femer,36-45,Arsim baze (9-vjecar),I/e papune,Ndertim / Inxhinieri,Tirane,Intesa Sanpaolo Bank,Mbi 5 vjet,Mobile banking (aplikacioni i bankes ne telefon),Disa here ne jave,4,Jo,4.0,4.25,4.833,5.0,4.75,4,5,3,4,5,5,4,4,4,5,4,4,5,4,4,4,5,4,4,5,4,5,5,5,5,"Jam i hapur ndaj IA, por privatesia dhe transparenca jane kushtet kryesore."
189,True,Traditionalist,0.786,0.643,Femer,18-25,Arsim i mesem (gjimnaz/profesional),I/e papune,Tregti / Sherbime,Tirane,BKT (Banka Kombetare Tregtare),Me pak se 1 vit,Nuk perdor asnje sherbim digjital bankar,Rralle ose kurre,3,Jo,2.0,2.0,4.667,5.0,4.75,2,3,2,1,5,4,2,1,2,5,2,4,2,2,1,1,5,2,5,2,4,5,5,5,4,Per ceshtje bankare preferoj te flas me nje person dhe jo me sistem automatik.
190,True,Cautious User,0.761,0.718,Mashkull,26-35,Arsim i mesem (gjimnaz/profesional),I/e punesuar,Ndertim / Inxhinieri,Elbasan,Credins Bank,3-5 vjet,Internet banking (permes kompjuterit/browserit)|Karta debiti/krediti per pagesa online,Nje here ne jave,3,Nuk jam i/e sigurt,4.667,2.5,3.667,4.333,4.25,4,4,5,4,5,4,3,5,2,5,3,4,2,3,5,2,5,2,4,2,2,5,4,3,3,"Sherbimet me IA mund te ndihmojne, por vendimet e rendesishme duhet te verifikohen nga punonjesit e bankes."
191,True,Traditionalist,0.847,0.459,Femer,26-35,Arsim i mesem (gjimnaz/profesional),I/e punesuar,Tregti / Sherbime,Vlore,Other,1-3 vjet,"E-wallet (EasyPay, M-Pay, E-Posta, etj.)",Disa here ne muaj,2,Jo,2.333,2.0,4.167,4.667,4.75,2,1,2,2,5,5,3,4,2,5,1,5,2,3,4,2,5,1,5,2,2,4,5,5,4,Per ceshtje bankare preferoj te flas me nje person dhe jo me sistem automatik.
192,True,Traditionalist,0.932,0.204,Mashkull,55+,Arsim i mesem (gjimnaz/profesional),I/e dale ne pension,Bujqesi,Vlore,Credins Bank,Mbi 5 vjet,Mobile banking (aplikacioni i bankes ne telefon)|Karta debiti/krediti per pagesa online,Disa here ne muaj,3,Jo,2.333,2.0,3.833,4.0,4.25,2,3,2,3,3,4,1,2,3,4,2,4,2,2,2,3,4,2,4,2,3,4,4,5,4,Per ceshtje bankare preferoj te flas me nje person dhe jo me sistem automatik.
193,True,Cautious User,0.885,0.344,Mashkull,36-45,Master,I/e punesuar,Administrate publike,Qytet tjeter,Intesa Sanpaolo Bank,Mbi 5 vjet,"Mobile banking (aplikacioni i bankes ne telefon)|Internet banking (permes kompjuterit/browserit)|E-wallet (EasyPay, M-Pay, E-Posta, etj.)",Disa here ne jave,4,Jo,3.333,3.25,4.0,4.333,4.25,2,4,4,3,4,4,2,2,3,3,4,5,4,2,2,3,3,4,5,4,3,4,4,5,4,"Jam i hapur ndaj IA, por privatesia dhe transparenca jane kushtet kryesore."
194,True,Cautious User,0.602,1.194,Mashkull,46-55,Bachelor,I/e punesuar,Bujqesi,Shkoder,Intesa Sanpaolo Bank,3-5 vjet,Mobile banking (aplikacioni i bankes ne telefon)|Internet banking (permes kompjuterit/browserit)|Karta debiti/krediti per pagesa online,Disa here ne jave,3,Jo,2.0,1.75,4.167,4.667,5.0,2,4,1,2,4,5,2,1,1,5,2,5,2,2,1,1,5,2,5,1,1,5,5,5,5,"Sherbimet me IA mund te ndihmojne, por vendimet e rendesishme duhet te verifikohen nga punonjesit e bankes."
195,True,Traditionalist,0.745,0.766,Mashkull,55+,Arsim baze (9-vjecar),I/e vetepunesuar,Tregti / Sherbime,Qytet tjeter,BKT (Banka Kombetare Tregtare),Me pak se 1 vit,Nuk perdor asnje sherbim digjital bankar,Rralle ose kurre,3,Po,4.0,2.25,4.667,4.333,4.75,2,3,5,2,3,5,3,4,3,4,1,5,2,3,4,3,4,1,5,2,5,5,5,5,5,Per ceshtje bankare preferoj te flas me nje person dhe jo me sistem automatik.
196,True,Cautious User,0.723,0.83,Femer,36-45,Bachelor,I/e punesuar,Administrate publike,Korce,BKT (Banka Kombetare Tregtare),Mbi 5 vjet,"Mobile banking (aplikacioni i bankes ne telefon)|Karta debiti/krediti per pagesa online|E-wallet (EasyPay, M-Pay, E-Posta, etj.)",Disa here ne jave,4,Po,3.0,2.0,4.667,5.0,4.75,2,2,2,3,5,5,3,5,2,5,2,4,1,3,5,2,5,2,4,1,3,5,5,5,5,"Sherbimet me IA mund te ndihmojne, por vendimet e rendesishme duhet te verifikohen nga punonjesit e bankes."
197,True,Cautious User,0.828,0.516,Femer,36-45,Arsim baze (9-vjecar),I/e vetepunesuar,Administrate publike,Zone rurale,BKT (Banka Kombetare Tregtare),1-3 vjet,"Mobile banking (aplikacioni i bankes ne telefon)|Internet banking (permes kompjuterit/browserit)|E-wallet (EasyPay, M-Pay, E-Posta, etj.)",Disa here ne jave,5,Po,4.333,3.5,4.0,4.333,4.0,3,3,5,2,5,4,4,5,4,5,3,3,3,4,5,4,5,3,3,3,3,5,4,3,4,"Sherbimet me IA mund te ndihmojne, por vendimet e rendesishme duhet te verifikohen nga punonjesit e bankes."
198,True,Early Adopter,0.92,0.241,Mashkull,18-25,Master,I/e vetepunesuar,Finance / Banke / Sigurime,Durres,Raiffeisen Bank,1-3 vjet,Mobile banking (aplikacioni i bankes ne telefon)|Karta debiti/krediti per pagesa online,Cdo dite,4,Po,4.333,4.75,3.833,3.333,4.25,4,5,3,4,3,4,5,5,5,5,5,5,4,5,5,5,5,5,5,4,3,3,5,4,5,Do ta provoja nese banka e shpjegon qarte si ruhen te dhenat dhe si kontrollohen vendimet.
199,True,Cautious User,0.587,1.239,Mashkull,46-55,Bachelor,I/e punesuar,Arsim,Shkoder,Intesa Sanpaolo Bank,3-5 vjet,"Mobile banking (aplikacioni i bankes ne telefon)|Internet banking (permes kompjuterit/browserit)|Karta debiti/krediti per pagesa online|E-wallet (EasyPay, M-Pay, E-Posta, etj.)",Disa here ne jave,3,Po,1.667,2.0,4.5,4.667,4.75,3,2,1,3,5,5,2,2,3,5,2,5,1,2,2,3,5,2,5,1,4,4,5,5,4,"Jam i hapur ndaj IA, por privatesia dhe transparenca jane kushtet kryesore."
200,True,Early Adopter,0.834,0.498,Mashkull,26-35,Arsim i mesem (gjimnaz/profesional),I/e papune,Tregti / Sherbime,Shkoder,Other,1-3 vjet,"Mobile banking (aplikacioni i bankes ne telefon)|Internet banking (permes kompjuterit/browserit)|E-wallet (EasyPay, M-Pay, E-Posta, etj.)",Cdo dite,5,Po,4.667,4.25,3.833,4.0,4.0,4,4,5,5,5,4,4,5,5,5,5,4,3,4,5,5,5,5,4,3,3,4,4,3,4,Do ta provoja nese banka e shpjegon qarte si ruhen te dhenat dhe si kontrollohen vendimet.
201,True,Early Adopter,0.711,0.867,Femer,18-25,Bachelor,Student/e,Tregti / Sherbime,Durres,Credins Bank,3-5 vjet,Mobile banking (aplikacioni i bankes ne telefon)|Karta debiti/krediti per pagesa online,Cdo dite,5,Po,4.333,5.0,2.667,2.333,2.75,4,4,4,5,3,3,5,5,5,4,5,3,5,5,5,5,4,5,3,5,3,2,4,2,2,Do ta provoja nese banka e shpjegon qarte si ruhen te dhenat dhe si kontrollohen vendimet.
202,True,Cautious User,0.901,0.297,Mashkull,26-35,Arsim i mesem (gjimnaz/profesional),I/e punesuar,Tregti / Sherbime,Vlore,Tirana Bank,1-3 vjet,Internet banking (permes kompjuterit/browserit),Disa here ne jave,4,Nuk jam i/e sigurt,4.0,3.0,3.667,4.333,4.5,2,4,4,4,4,4,5,4,2,5,2,4,3,5,4,2,5,2,4,3,2,4,4,5,3,"Jam i hapur ndaj IA, por privatesia dhe transparenca jane kushtet kryesore."
203,True,Cautious User,0.802,0.593,Femer,18-25,Master,I/e punesuar,Shendetesi / Mjekesi,Qytet tjeter,Intesa Sanpaolo Bank,1-3 vjet,Mobile banking (aplikacioni i bankes ne telefon)|Karta debiti/krediti per pagesa online,Disa here ne jave,4,Jo,2.667,3.25,3.833,4.333,4.25,3,3,2,3,5,3,3,3,3,4,4,5,3,3,3,3,4,4,5,3,3,4,4,4,3,"Sherbimet me IA mund te ndihmojne, por vendimet e rendesishme duhet te verifikohen nga punonjesit e bankes."
204,True,Cautious User,0.675,0.974,Mashkull,18-25,Bachelor,I/e punesuar,Administrate publike,Tirane,Intesa Sanpaolo Bank,1-3 vjet,Karta debiti/krediti per pagesa online,Disa here ne jave,4,Jo,2.333,4.75,3.833,4.333,4.5,3,3,2,5,5,3,4,2,5,5,5,5,5,4,1,5,5,5,5,5,1,4,4,4,5,"Sherbimet me IA mund te ndihmojne, por vendimet e rendesishme duhet te verifikohen nga punonjesit e bankes."
205,True,Traditionalist,0.712,0.864,Femer,26-35,Bachelor,I/e papune,Shendetesi / Mjekesi,Elbasan,Raiffeisen Bank,Mbi 5 vjet,Nuk perdor asnje sherbim digjital bankar,Rralle ose kurre,3,Jo,1.0,2.25,4.833,4.667,4.0,2,1,1,2,5,4,2,1,2,3,4,4,1,2,1,2,3,4,3,1,5,4,5,5,5,"IA mund te perdoret per pyetje te thjeshta, por jo per vendime financiare te rendesishme."
206,True,Cautious User,0.688,0.937,Mashkull,26-35,Bachelor,I/e punesuar,Arsim,Tirane,BKT (Banka Kombetare Tregtare),3-5 vjet,Mobile banking (aplikacioni i bankes ne telefon)|Karta debiti/krediti per pagesa online,Disa here ne jave,3,Nuk jam i/e sigurt,3.333,1.75,4.0,4.333,4.0,3,4,3,1,5,4,2,3,2,4,1,4,2,2,3,2,3,1,4,2,2,4,4,4,5,"Sherbimet me IA mund te ndihmojne, por vendimet e rendesishme duhet te verifikohen nga punonjesit e bankes."
207,True,Professional / Expert,0.727,0.819,Mashkull,46-55,Master,I/e punesuar,Finance / Banke / Sigurime,Durres,Tirana Bank,3-5 vjet,"Mobile banking (aplikacioni i bankes ne telefon)|Internet banking (permes kompjuterit/browserit)|E-wallet (EasyPay, M-Pay, E-Posta, etj.)",Cdo dite,5,Po,4.0,3.25,2.667,3.0,3.75,5,4,4,3,4,3,3,4,3,5,3,5,4,3,4,3,4,3,5,5,2,1,2,4,3,"Potenciali eshte i madh, por bankat duhet te forcojne qeverisjen e te dhenave dhe kontrollin rregullator."
208,True,Early Adopter,0.72,0.841,Femer,18-25,Master,I/e vetepunesuar,Administrate publike,Vlore,Intesa Sanpaolo Bank,Me pak se 1 vit,"Mobile banking (aplikacioni i bankes ne telefon)|Karta debiti/krediti per pagesa online|E-wallet (EasyPay, M-Pay, E-Posta, etj.)",Cdo dite,4,Nuk jam i/e sigurt,3.0,4.5,3.167,3.333,3.5,4,2,3,3,4,4,5,4,3,3,5,5,5,5,4,3,3,5,5,5,3,3,2,3,4,"IA mund te rrise shpejtesine e sherbimeve bankare, sidomos per rekomandime dhe zbulim mashtrimesh."
209,True,Professional / Expert,0.743,0.77,Femer,18-25,Bachelor,I/e punesuar,Finance / Banke / Sigurime,Tirane,Credins Bank,1-3 vjet,Mobile banking (aplikacioni i bankes ne telefon)|Internet banking (permes kompjuterit/browserit),Cdo dite,3,Jo,4.0,4.5,2.833,3.0,3.75,5,5,4,4,3,4,5,3,3,5,5,4,5,5,3,4,5,5,4,5,1,3,3,3,4,"Potenciali eshte i madh, por bankat duhet te forcojne qeverisjen e te dhenave dhe kontrollin rregullator."
210,True,Traditionalist,0.831,0.507,Mashkull,18-25,Bachelor,I/e punesuar,Ndertim / Inxhinieri,Tirane,Raiffeisen Bank,1-3 vjet,Nuk perdor asnje sherbim digjital bankar,Rralle ose kurre,3,Jo,2.667,1.5,4.667,4.667,4.25,3,2,4,2,4,5,1,2,2,3,1,4,2,1,2,2,3,1,4,2,5,5,5,5,4,"IA mund te perdoret per pyetje te thjeshta, por jo per vendime financiare te rendesishme."
211,True,Cautious User,0.887,0.34,Femer,55+,Bachelor,I/e vetepunesuar,Tregti / Sherbime,Durres,OTP Bank,3-5 vjet,Mobile banking (aplikacioni i bankes ne telefon)|Internet banking (permes kompjuterit/browserit)|Karta debiti/krediti per pagesa online,Cdo dite,3,Jo,3.333,3.25,4.667,5.0,4.75,4,4,3,3,5,3,3,3,4,5,2,4,4,3,3,4,5,2,4,4,3,5,5,5,5,"Jam i hapur ndaj IA, por privatesia dhe transparenca jane kushtet kryesore."
212,True,Cautious User,0.9,0.3,Femer,26-35,Arsim i mesem (gjimnaz/profesional),I/e punesuar,Tregti / Sherbime,Shkoder,OTP Bank,Me pak se 1 vit,"Karta debiti/krediti per pagesa online|E-wallet (EasyPay, M-Pay, E-Posta, etj.)",Disa here ne jave,4,Jo,3.333,3.75,4.0,4.333,4.5,2,3,4,4,5,5,3,3,5,5,3,5,4,3,3,5,5,3,5,4,3,4,4,4,4,"Jam i hapur ndaj IA, por privatesia dhe transparenca jane kushtet kryesore."
213,True,Traditionalist,0.745,0.766,Mashkull,55+,Arsim i mesem (gjimnaz/profesional),I/e dale ne pension,Administrate publike,Qytet tjeter,Tirana Bank,Me pak se 1 vit,Karta debiti/krediti per pagesa online,Disa here ne muaj,3,Nuk jam i/e sigurt,3.667,3.25,3.5,4.0,4.75,1,4,2,3,3,4,3,5,3,5,3,5,4,3,5,3,5,3,5,4,4,5,3,4,2,"IA mund te perdoret per pyetje te thjeshta, por jo per vendime financiare te rendesishme."
214,True,Traditionalist,0.728,0.815,Mashkull,36-45,Bachelor,I/e papune,Finance / Banke / Sigurime,Tirane,BKT (Banka Kombetare Tregtare),3-5 vjet,Nuk perdor asnje sherbim digjital bankar,Rralle ose kurre,2,Po,1.667,1.25,4.833,4.667,4.75,2,1,3,1,5,5,1,1,2,5,1,5,1,1,1,3,5,1,5,2,5,4,5,5,5,"IA mund te perdoret per pyetje te thjeshta, por jo per vendime financiare te rendesishme."
215,True,Professional / Expert,0.848,0.456,Mashkull,26-35,Master,I/e punesuar,Finance / Banke / Sigurime,Tirane,BKT (Banka Kombetare Tregtare),Me pak se 1 vit,Mobile banking (aplikacioni i bankes ne telefon)|Internet banking (permes kompjuterit/browserit)|Karta debiti/krediti per pagesa online,Cdo dite,2,Po,4.333,4.0,3.5,3.667,4.0,3,4,5,4,4,5,5,4,5,5,3,4,3,5,4,5,5,3,4,2,2,3,4,4,4,"Potenciali eshte i madh, por bankat duhet te forcojne qeverisjen e te dhenave dhe kontrollin rregullator."
216,True,Cautious User,0.858,0.427,Femer,26-35,Arsim i mesem (gjimnaz/profesional),I/e vetepunesuar,Administrate publike,Tirane,BKT (Banka Kombetare Tregtare),Mbi 5 vjet,Mobile banking (aplikacioni i bankes ne telefon)|Internet banking (permes kompjuterit/browserit)|Karta debiti/krediti per pagesa online,Nje here ne jave,2,Nuk jam i/e sigurt,4.333,3.75,3.833,4.0,4.75,3,4,4,4,3,3,2,5,3,5,5,5,5,2,5,3,5,5,5,5,3,5,4,4,4,"Sherbimet me IA mund te ndihmojne, por vendimet e rendesishme duhet te verifikohen nga punonjesit e bankes."
217,True,Cautious User,0.871,0.387,Mashkull,36-45,Bachelor,I/e punesuar,Tregti / Sherbime,Qytet tjeter,BKT (Banka Kombetare Tregtare),Me pak se 1 vit,Mobile banking (aplikacioni i bankes ne telefon)|Internet banking (permes kompjuterit/browserit)|Karta debiti/krediti per pagesa online,Disa here ne jave,4,Jo,3.333,4.0,3.667,4.333,4.5,2,4,3,3,5,4,4,3,5,5,4,5,3,4,3,5,4,4,5,3,2,5,3,3,4,"Jam i hapur ndaj IA, por privatesia dhe transparenca jane kushtet kryesore."
218,True,Cautious User,0.687,0.938,Mashkull,26-35,Arsim i mesem (gjimnaz/profesional),I/e punesuar,Administrate publike,Durres,BKT (Banka Kombetare Tregtare),1-3 vjet,"Internet banking (permes kompjuterit/browserit)|Karta debiti/krediti per pagesa online|E-wallet (EasyPay, M-Pay, E-Posta, etj.)",Disa here ne jave,4,Jo,3.0,1.75,4.667,5.0,4.75,5,4,3,1,5,5,3,2,1,4,1,5,2,3,2,1,4,2,5,2,3,5,5,5,5,"Jam i hapur ndaj IA, por privatesia dhe transparenca jane kushtet kryesore."
219,True,Traditionalist,0.626,1.121,Femer,55+,Arsim baze (9-vjecar),I/e dale ne pension,Administrate publike,Tirane,Raiffeisen Bank,Mbi 5 vjet,Internet banking (permes kompjuterit/browserit),Rralle ose kurre,3,Jo,3.667,4.25,4.167,4.333,4.25,3,3,4,3,4,5,4,4,5,4,4,4,4,3,5,5,4,4,3,4,5,5,4,4,3,Per ceshtje bankare preferoj te flas me nje person dhe jo me sistem automatik.
220,True,Cautious User,0.734,0.798,Mashkull,18-25,Arsim i mesem (gjimnaz/profesional),I/e papune,Tregti / Sherbime,Shkoder,Intesa Sanpaolo Bank,1-3 vjet,"Mobile banking (aplikacioni i bankes ne telefon)|Internet banking (permes kompjuterit/browserit)|E-wallet (EasyPay, M-Pay, E-Posta, etj.)",Nje here ne jave,4,Po,2.333,4.0,3.333,4.333,4.25,2,2,2,4,5,4,5,3,3,5,5,4,3,5,3,3,5,5,4,3,1,4,3,4,3,"Sherbimet me IA mund te ndihmojne, por vendimet e rendesishme duhet te verifikohen nga punonjesit e bankes."
221,True,Cautious User,0.687,0.939,Femer,36-45,Arsim baze (9-vjecar),I/e punesuar,Administrate publike,Tirane,Other,3-5 vjet,"Internet banking (permes kompjuterit/browserit)|E-wallet (EasyPay, M-Pay, E-Posta, etj.)",Nje here ne jave,3,Jo,4.333,4.25,3.167,3.0,4.25,2,4,4,5,2,3,3,5,4,5,5,5,5,3,5,4,5,5,5,5,3,4,3,3,4,"Sherbimet me IA mund te ndihmojne, por vendimet e rendesishme duhet te verifikohen nga punonjesit e bankes."
222,True,Traditionalist,0.721,0.837,Mashkull,36-45,Arsim baze (9-vjecar),I/e vetepunesuar,Tregti / Sherbime,Shkoder,Credins Bank,Me pak se 1 vit,Nuk perdor asnje sherbim digjital bankar,Rralle ose kurre,2,Po,1.333,1.25,4.333,4.0,4.5,2,1,1,3,4,4,1,2,2,5,1,5,1,1,2,3,5,1,5,1,4,3,5,5,5,"IA mund te perdoret per pyetje te thjeshta, por jo per vendime financiare te rendesishme."
223,True,Cautious User,0.838,0.487,Femer,46-55,Arsim i mesem (gjimnaz/profesional),I/e punesuar,Administrate publike,Vlore,BKT (Banka Kombetare Tregtare),Mbi 5 vjet,Karta debiti/krediti per pagesa online,Nje here ne jave,4,Nuk jam i/e sigurt,4.0,4.25,3.833,4.667,4.5,2,3,4,5,5,4,4,5,5,4,5,5,3,4,5,5,4,5,5,3,3,5,2,4,4,"Sherbimet me IA mund te ndihmojne, por vendimet e rendesishme duhet te verifikohen nga punonjesit e bankes."
224,True,Cautious User,0.885,0.344,Femer,36-45,Bachelor,I/e punesuar,Shendetesi / Mjekesi,Zone rurale,Raiffeisen Bank,1-3 vjet,"Mobile banking (aplikacioni i bankes ne telefon)|Karta debiti/krediti per pagesa online|E-wallet (EasyPay, M-Pay, E-Posta, etj.)",Cdo dite,3,Po,3.667,2.75,4.833,4.667,4.75,4,3,4,4,5,5,3,4,2,5,3,5,3,3,4,2,5,4,5,3,5,5,5,4,5,"Sherbimet me IA mund te ndihmojne, por vendimet e rendesishme duhet te verifikohen nga punonjesit e bankes."
225,True,Traditionalist,0.805,0.584,Mashkull,46-55,Arsim i mesem (gjimnaz/profesional),I/e vetepunesuar,Ndertim / Inxhinieri,Qytet tjeter,Intesa Sanpaolo Bank,1-3 vjet,Nuk perdor asnje sherbim digjital bankar,Rralle ose kurre,2,Jo,3.667,2.5,4.167,3.667,4.0,4,3,5,2,3,5,4,3,2,4,2,4,2,4,3,2,4,2,4,2,4,4,5,4,5,"IA mund te perdoret per pyetje te thjeshta, por jo per vendime financiare te rendesishme."
226,True,Traditionalist,0.768,0.697,Femer,26-35,Arsim i mesem (gjimnaz/profesional),I/e punesuar,Tregti / Sherbime,Vlore,Other,1-3 vjet,"Mobile banking (aplikacioni i bankes ne telefon)|E-wallet (EasyPay, M-Pay, E-Posta, etj.)",Rralle ose kurre,3,Jo,3.333,2.75,5.0,5.0,4.75,4,4,3,3,5,5,4,3,2,5,2,4,3,4,3,2,5,2,4,3,5,5,5,5,5,Per ceshtje bankare preferoj te flas me nje person dhe jo me sistem automatik.
227,True,Traditionalist,0.799,0.602,Femer,55+,Arsim i mesem (gjimnaz/profesional),I/e vetepunesuar,Tregti / Sherbime,Korce,Tirana Bank,3-5 vjet,"Mobile banking (aplikacioni i bankes ne telefon)|Karta debiti/krediti per pagesa online|E-wallet (EasyPay, M-Pay, E-Posta, etj.)",Disa here ne muaj,2,Jo,2.0,3.25,4.167,3.667,4.0,2,2,2,3,3,5,3,2,3,3,3,5,4,3,2,3,3,3,5,4,4,5,5,3,5,"IA mund te perdoret per pyetje te thjeshta, por jo per vendime financiare te rendesishme."
228,True,Professional / Expert,0.694,0.918,Mashkull,26-35,Master,I/e punesuar,Teknologji / IT,Durres,Intesa Sanpaolo Bank,3-5 vjet,Mobile banking (aplikacioni i bankes ne telefon)|Internet banking (permes kompjuterit/browserit)|Karta debiti/krediti per pagesa online,Disa here ne jave,4,Jo,2.667,3.75,4.167,4.333,4.75,4,3,2,2,4,3,4,3,3,5,4,5,4,4,4,3,5,4,5,4,4,4,5,5,3,"IA duhet te zbatohet gradualisht, me auditim, transparence dhe pergjegjesi te qarte institucionale."
229,True,Professional / Expert,0.737,0.788,Femer,26-35,Bachelor,I/e vetepunesuar,Teknologji / IT,Tirane,BKT (Banka Kombetare Tregtare),1-3 vjet,Mobile banking (aplikacioni i bankes ne telefon)|Internet banking (permes kompjuterit/browserit),Nje here ne jave,4,Po,4.667,2.75,3.5,4.0,4.0,5,5,4,3,5,5,2,5,3,4,3,5,3,2,5,3,5,3,5,3,2,3,4,4,3,"Potenciali eshte i madh, por bankat duhet te forcojne qeverisjen e te dhenave dhe kontrollin rregullator."
230,True,Cautious User,0.859,0.423,Mashkull,26-35,Bachelor,I/e punesuar,Shendetesi / Mjekesi,Korce,BKT (Banka Kombetare Tregtare),3-5 vjet,"Mobile banking (aplikacioni i bankes ne telefon)|E-wallet (EasyPay, M-Pay, E-Posta, etj.)",Disa here ne jave,3,Jo,4.333,3.25,3.333,4.0,4.5,2,3,5,2,3,2,4,5,3,5,4,4,2,3,5,3,5,5,4,2,1,5,2,4,5,"Sherbimet me IA mund te ndihmojne, por vendimet e rendesishme duhet te verifikohen nga punonjesit e bankes."
231,True,Cautious User,0.842,0.474,Femer,26-35,Arsim i mesem (gjimnaz/profesional),I/e punesuar,Bujqesi,Tirane,Raiffeisen Bank,3-5 vjet,Mobile banking (aplikacioni i bankes ne telefon)|Internet banking (permes kompjuterit/browserit),Nje here ne jave,3,Po,3.0,4.0,4.5,4.667,4.75,4,3,2,5,5,5,5,4,3,5,5,5,3,5,4,4,5,5,4,3,4,5,4,4,5,"Sherbimet me IA mund te ndihmojne, por vendimet e rendesishme duhet te verifikohen nga punonjesit e bankes."
232,True,Cautious User,0.892,0.323,Femer,55+,Arsim baze (9-vjecar),I/e punesuar,Tregti / Sherbime,Tirane,Credins Bank,3-5 vjet,"Mobile banking (aplikacioni i bankes ne telefon)|Internet banking (permes kompjuterit/browserit)|Karta debiti/krediti per pagesa online|E-wallet (EasyPay, M-Pay, E-Posta, etj.)",Nje here ne jave,4,Jo,4.0,3.25,4.167,5.0,4.75,2,4,3,3,5,5,3,5,3,5,3,4,4,3,5,3,5,3,4,4,3,5,2,5,5,"Sherbimet me IA mund te ndihmojne, por vendimet e rendesishme duhet te verifikohen nga punonjesit e bankes."
233,True,Early Adopter,0.684,0.947,Mashkull,26-35,Bachelor,I/e punesuar,Teknologji / IT,Tirane,Raiffeisen Bank,3-5 vjet,"Mobile banking (aplikacioni i bankes ne telefon)|Internet banking (permes kompjuterit/browserit)|Karta debiti/krediti per pagesa online|E-wallet (EasyPay, M-Pay, E-Posta, etj.)",Cdo dite,4,Po,3.333,3.5,2.5,2.333,3.25,4,4,3,3,2,3,2,3,4,4,3,4,5,2,4,4,3,3,4,5,1,2,3,3,4,"IA mund te rrise shpejtesine e sherbimeve bankare, sidomos per rekomandime dhe zbulim mashtrimesh."
234,True,Cautious User,0.882,0.353,Femer,26-35,Bachelor,I/e punesuar,Tregti / Sherbime,Tirane,Other,Me pak se 1 vit,Mobile banking (aplikacioni i bankes ne telefon)|Internet banking (permes kompjuterit/browserit)|Karta debiti/krediti per pagesa online,Nje here ne jave,3,Jo,3.333,3.25,4.833,5.0,5.0,3,3,3,3,5,4,3,4,4,5,3,5,3,2,4,4,5,3,5,3,4,5,5,5,5,"Jam i hapur ndaj IA, por privatesia dhe transparenca jane kushtet kryesore."
235,True,Traditionalist,0.75,0.751,Mashkull,36-45,Bachelor,I/e punesuar,Shendetesi / Mjekesi,Elbasan,Intesa Sanpaolo Bank,Mbi 5 vjet,"Internet banking (permes kompjuterit/browserit)|Karta debiti/krediti per pagesa online|E-wallet (EasyPay, M-Pay, E-Posta, etj.)",Rralle ose kurre,2,Po,1.333,1.75,3.833,3.667,3.75,3,1,2,1,3,2,2,1,2,4,1,3,2,2,1,2,4,1,4,2,3,5,4,3,5,"IA mund te perdoret per pyetje te thjeshta, por jo per vendime financiare te rendesishme."
236,True,Cautious User,0.719,0.843,Femer,46-55,Arsim baze (9-vjecar),I/e papune,Ndertim / Inxhinieri,Vlore,Raiffeisen Bank,Me pak se 1 vit,"Internet banking (permes kompjuterit/browserit)|Karta debiti/krediti per pagesa online|E-wallet (EasyPay, M-Pay, E-Posta, etj.)",Cdo dite,3,Po,4.667,4.75,4.667,4.667,5.0,4,4,5,5,4,5,5,5,5,5,5,5,4,5,5,5,5,5,5,4,4,5,5,5,5,"Sherbimet me IA mund te ndihmojne, por vendimet e rendesishme duhet te verifikohen nga punonjesit e bankes."
237,True,Traditionalist,0.793,0.62,Femer,46-55,Bachelor,I/e vetepunesuar,Ndertim / Inxhinieri,Elbasan,Credins Bank,3-5 vjet,Internet banking (permes kompjuterit/browserit)|Karta debiti/krediti per pagesa online,Rralle ose kurre,3,Po,2.667,3.5,4.167,4.0,4.5,3,2,3,3,4,3,4,3,3,5,4,5,3,4,3,3,5,4,4,3,5,5,5,3,3,"IA mund te perdoret per pyetje te thjeshta, por jo per vendime financiare te rendesishme."
238,True,Cautious User,0.674,0.977,Femer,18-25,Bachelor,I/e punesuar,Shendetesi / Mjekesi,Durres,Raiffeisen Bank,3-5 vjet,Mobile banking (aplikacioni i bankes ne telefon),Disa here ne jave,3,Jo,3.667,4.5,2.667,4.0,3.25,2,4,3,5,5,3,5,4,4,3,5,3,4,5,4,4,3,5,3,5,1,4,2,3,1,"Sherbimet me IA mund te ndihmojne, por vendimet e rendesishme duhet te verifikohen nga punonjesit e bankes."
239,True,Cautious User,0.838,0.487,Mashkull,26-35,Bachelor,I/e punesuar,Tregti / Sherbime,Tirane,Other,1-3 vjet,"Mobile banking (aplikacioni i bankes ne telefon)|E-wallet (EasyPay, M-Pay, E-Posta, etj.)",Nje here ne jave,2,Nuk jam i/e sigurt,4.0,4.25,4.167,4.667,4.5,5,3,4,3,5,5,5,5,5,5,4,4,3,5,5,4,5,3,4,3,3,4,4,5,4,"Sherbimet me IA mund te ndihmojne, por vendimet e rendesishme duhet te verifikohen nga punonjesit e bankes."
240,True,Traditionalist,0.826,0.523,Femer,55+,Arsim baze (9-vjecar),I/e punesuar,Tregti / Sherbime,Tirane,OTP Bank,3-5 vjet,Karta debiti/krediti per pagesa online,Rralle ose kurre,4,Po,2.667,3.25,3.833,3.667,4.0,3,2,2,4,4,4,3,4,2,5,4,4,4,3,4,2,5,4,4,4,3,3,5,4,4,Per ceshtje bankare preferoj te flas me nje person dhe jo me sistem automatik.
241,True,Early Adopter,0.896,0.311,Mashkull,18-25,Master,I/e punesuar,Ndertim / Inxhinieri,Shkoder,Other,Me pak se 1 vit,"Mobile banking (aplikacioni i bankes ne telefon)|Internet banking (permes kompjuterit/browserit)|Karta debiti/krediti per pagesa online|E-wallet (EasyPay, M-Pay, E-Posta, etj.)",Disa here ne jave,3,Nuk jam i/e sigurt,4.667,4.5,3.167,2.667,3.75,5,5,4,5,2,2,4,5,4,5,5,4,5,4,5,4,5,5,4,5,3,4,4,2,4,Do ta provoja nese banka e shpjegon qarte si ruhen te dhenat dhe si kontrollohen vendimet.
242,True,Cautious User,0.718,0.846,Mashkull,18-25,Bachelor,I/e vetepunesuar,Ndertim / Inxhinieri,Tirane,BKT (Banka Kombetare Tregtare),Me pak se 1 vit,Mobile banking (aplikacioni i bankes ne telefon),Cdo dite,4,Po,4.667,4.75,4.333,4.333,4.5,5,5,4,4,4,5,5,5,5,5,4,4,5,5,5,5,5,4,4,5,4,4,5,5,4,"Jam i hapur ndaj IA, por privatesia dhe transparenca jane kushtet kryesore."
243,True,Professional / Expert,0.748,0.756,Femer,26-35,Bachelor,I/e vetepunesuar,Teknologji / IT,Zone rurale,Intesa Sanpaolo Bank,Mbi 5 vjet,"Mobile banking (aplikacioni i bankes ne telefon)|Internet banking (permes kompjuterit/browserit)|Karta debiti/krediti per pagesa online|E-wallet (EasyPay, M-Pay, E-Posta, etj.)",Disa here ne jave,5,Nuk jam i/e sigurt,4.667,4.5,2.833,3.0,3.75,5,5,4,4,3,3,5,5,5,5,4,4,4,5,5,4,5,4,4,4,2,4,3,2,3,"IA duhet te zbatohet gradualisht, me auditim, transparence dhe pergjegjesi te qarte institucionale."
244,True,Traditionalist,0.644,1.067,Femer,46-55,Arsim baze (9-vjecar),I/e punesuar,Bujqesi,Vlore,Raiffeisen Bank,Mbi 5 vjet,Nuk perdor asnje sherbim digjital bankar,Rralle ose kurre,2,Po,4.0,3.75,3.5,4.0,3.5,2,4,4,4,5,3,3,4,4,3,4,4,4,3,5,4,3,4,4,4,3,3,3,4,3,"IA mund te perdoret per pyetje te thjeshta, por jo per vendime financiare te rendesishme."
245,True,Traditionalist,0.664,1.007,Femer,18-25,Arsim i mesem (gjimnaz/profesional),Student/e,Tregti / Sherbime,Tirane,Raiffeisen Bank,Me pak se 1 vit,"Mobile banking (aplikacioni i bankes ne telefon)|E-wallet (EasyPay, M-Pay, E-Posta, etj.)",Rralle ose kurre,3,Po,4.333,2.25,3.833,3.667,3.25,4,5,3,2,4,5,3,5,2,3,1,3,3,3,5,2,3,1,3,3,4,4,4,3,4,"IA mund te perdoret per pyetje te thjeshta, por jo per vendime financiare te rendesishme."
246,True,Early Adopter,0.814,0.558,Mashkull,26-35,Arsim i mesem (gjimnaz/profesional),I/e punesuar,Ndertim / Inxhinieri,Durres,BKT (Banka Kombetare Tregtare),Mbi 5 vjet,Mobile banking (aplikacioni i bankes ne telefon)|Internet banking (permes kompjuterit/browserit),Cdo dite,4,Jo,5.0,5.0,2.0,2.667,3.5,4,5,5,5,3,4,5,5,5,5,5,4,5,5,5,5,5,5,4,5,1,2,2,3,1,Do ta provoja nese banka e shpjegon qarte si ruhen te dhenat dhe si kontrollohen vendimet.
247,True,Early Adopter,0.886,0.343,Femer,18-25,Arsim i mesem (gjimnaz/profesional),I/e punesuar,Tregti / Sherbime,Elbasan,OTP Bank,1-3 vjet,Mobile banking (aplikacioni i bankes ne telefon)|Internet banking (permes kompjuterit/browserit)|Karta debiti/krediti per pagesa online,Cdo dite,4,Nuk jam i/e sigurt,4.333,4.0,2.667,3.333,3.75,5,4,4,4,3,2,3,5,4,3,4,5,5,3,5,3,3,4,5,5,1,4,1,3,4,Do ta provoja nese banka e shpjegon qarte si ruhen te dhenat dhe si kontrollohen vendimet.
248,True,Traditionalist,0.804,0.587,Femer,26-35,Bachelor,I/e papune,Finance / Banke / Sigurime,Durres,Intesa Sanpaolo Bank,3-5 vjet,Nuk perdor asnje sherbim digjital bankar,Rralle ose kurre,4,Nuk jam i/e sigurt,2.333,1.25,3.833,4.0,3.75,3,3,1,1,4,3,1,3,1,4,1,3,2,1,4,1,4,1,3,2,4,4,4,4,3,"IA mund te perdoret per pyetje te thjeshta, por jo per vendime financiare te rendesishme."
249,True,Early Adopter,0.778,0.666,Femer,18-25,Bachelor,I/e punesuar,Arsim,Qytet tjeter,Credins Bank,Me pak se 1 vit,"Mobile banking (aplikacioni i bankes ne telefon)|Karta debiti/krediti per pagesa online|E-wallet (EasyPay, M-Pay, E-Posta, etj.)",Disa here ne jave,3,Jo,4.667,4.0,2.833,2.667,3.0,3,5,4,5,4,2,5,5,4,4,4,4,3,5,5,3,4,4,4,2,2,3,2,1,5,"IA mund te rrise shpejtesine e sherbimeve bankare, sidomos per rekomandime dhe zbulim mashtrimesh."
250,True,Cautious User,0.764,0.707,Mashkull,36-45,Arsim i mesem (gjimnaz/profesional),I/e vetepunesuar,Tregti / Sherbime,Tirane,Raiffeisen Bank,3-5 vjet,Karta debiti/krediti per pagesa online,Disa here ne jave,2,Nuk jam i/e sigurt,4.667,4.25,4.333,5.0,5.0,5,5,4,3,5,3,5,5,5,5,4,5,3,5,5,5,5,4,5,3,2,5,4,5,5,"Jam i hapur ndaj IA, por privatesia dhe transparenca jane kushtet kryesore."
251,True,Cautious User,0.764,0.708,Femer,26-35,Doktorature,I/e vetepunesuar,Arsim,Qytet tjeter,Tirana Bank,Me pak se 1 vit,Mobile banking (aplikacioni i bankes ne telefon)|Internet banking (permes kompjuterit/browserit)|Karta debiti/krediti per pagesa online,Disa here ne jave,4,Jo,3.333,4.75,4.333,4.667,4.75,2,3,2,5,5,5,5,5,5,5,5,5,4,5,4,5,5,5,5,3,3,5,5,4,4,"Jam i hapur ndaj IA, por privatesia dhe transparenca jane kushtet kryesore."
252,True,Early Adopter,0.797,0.608,Mashkull,26-35,Bachelor,I/e vetepunesuar,Teknologji / IT,Qytet tjeter,Credins Bank,1-3 vjet,"Mobile banking (aplikacioni i bankes ne telefon)|Karta debiti/krediti per pagesa online|E-wallet (EasyPay, M-Pay, E-Posta, etj.)",Cdo dite,4,Po,4.0,5.0,2.833,3.667,3.5,5,3,5,5,5,3,5,4,5,4,5,4,5,5,3,5,4,5,4,4,2,3,3,3,1,Do ta provoja nese banka e shpjegon qarte si ruhen te dhenat dhe si kontrollohen vendimet.
253,True,Cautious User,0.62,1.141,Femer,26-35,Arsim baze (9-vjecar),I/e punesuar,Tregti / Sherbime,Vlore,Credins Bank,1-3 vjet,"Mobile banking (aplikacioni i bankes ne telefon)|Internet banking (permes kompjuterit/browserit)|Karta debiti/krediti per pagesa online|E-wallet (EasyPay, M-Pay, E-Posta, etj.)",Nje here ne jave,4,Po,5.0,4.5,3.667,3.667,3.5,3,5,5,5,4,4,5,5,4,4,5,3,4,5,5,3,4,5,3,4,3,4,4,3,4,"Sherbimet me IA mund te ndihmojne, por vendimet e rendesishme duhet te verifikohen nga punonjesit e bankes."
254,True,Cautious User,0.812,0.565,Mashkull,26-35,Master,I/e vetepunesuar,Finance / Banke / Sigurime,Tirane,BKT (Banka Kombetare Tregtare),3-5 vjet,"Mobile banking (aplikacioni i bankes ne telefon)|Karta debiti/krediti per pagesa online|E-wallet (EasyPay, M-Pay, E-Posta, etj.)",Nje here ne jave,3,Jo,2.667,3.0,4.0,4.667,4.75,2,4,2,1,5,5,3,2,2,5,4,5,3,3,2,2,5,4,5,3,3,4,3,5,4,"Sherbimet me IA mund te ndihmojne, por vendimet e rendesishme duhet te verifikohen nga punonjesit e bankes."
255,True,Professional / Expert,0.785,0.644,Mashkull,26-35,Bachelor,I/e punesuar,Teknologji / IT,Elbasan,BKT (Banka Kombetare Tregtare),1-3 vjet,"Mobile banking (aplikacioni i bankes ne telefon)|Karta debiti/krediti per pagesa online|E-wallet (EasyPay, M-Pay, E-Posta, etj.)",Cdo dite,3,Po,4.667,4.5,3.333,3.667,3.75,5,5,4,3,4,3,5,5,5,5,5,3,3,5,5,5,5,5,3,3,1,4,4,3,4,"Potenciali eshte i madh, por bankat duhet te forcojne qeverisjen e te dhenave dhe kontrollin rregullator."
256,True,Cautious User,0.713,0.861,Femer,36-45,Bachelor,I/e punesuar,Tregti / Sherbime,Tirane,BKT (Banka Kombetare Tregtare),1-3 vjet,Mobile banking (aplikacioni i bankes ne telefon)|Internet banking (permes kompjuterit/browserit)|Karta debiti/krediti per pagesa online,Nje here ne jave,4,Jo,4.0,5.0,3.833,4.333,4.25,3,4,4,5,4,3,5,4,5,4,5,4,5,5,4,5,4,5,4,5,3,5,3,4,4,"Sherbimet me IA mund te ndihmojne, por vendimet e rendesishme duhet te verifikohen nga punonjesit e bankes."
257,True,Cautious User,0.708,0.877,Mashkull,36-45,Arsim i mesem (gjimnaz/profesional),I/e punesuar,Tregti / Sherbime,Tirane,BKT (Banka Kombetare Tregtare),Me pak se 1 vit,"Mobile banking (aplikacioni i bankes ne telefon)|Internet banking (permes kompjuterit/browserit)|Karta debiti/krediti per pagesa online|E-wallet (EasyPay, M-Pay, E-Posta, etj.)",Disa here ne jave,4,Jo,2.667,2.0,3.833,4.667,4.75,2,2,3,3,5,5,3,3,3,5,1,5,1,3,4,3,5,1,5,1,3,5,3,4,3,"Sherbimet me IA mund te ndihmojne, por vendimet e rendesishme duhet te verifikohen nga punonjesit e bankes."
258,True,Early Adopter,0.739,0.783,Femer,18-25,Bachelor,Student/e,Shendetesi / Mjekesi,Durres,Credins Bank,Me pak se 1 vit,Mobile banking (aplikacioni i bankes ne telefon)|Internet banking (permes kompjuterit/browserit)|Karta debiti/krediti per pagesa online,Cdo dite,4,Jo,3.333,3.5,3.5,3.333,3.75,4,4,4,4,3,2,3,2,4,3,3,5,4,3,2,4,3,3,5,3,3,4,4,3,4,Do ta provoja nese banka e shpjegon qarte si ruhen te dhenat dhe si kontrollohen vendimet.
259,True,Cautious User,0.515,1.455,Mashkull,26-35,Bachelor,I/e punesuar,Arsim,Elbasan,Credins Bank,Mbi 5 vjet,Mobile banking (aplikacioni i bankes ne telefon)|Internet banking (permes kompjuterit/browserit)|Karta debiti/krediti per pagesa online,Cdo dite,4,Po,2.333,1.0,4.0,4.0,4.0,4,3,2,1,3,5,1,2,1,4,1,3,1,1,2,1,4,1,3,1,3,5,4,4,5,"Jam i hapur ndaj IA, por privatesia dhe transparenca jane kushtet kryesore."
260,True,Cautious User,0.588,1.235,Femer,26-35,Bachelor,I/e punesuar,Administrate publike,Zone rurale,Other,1-3 vjet,"Mobile banking (aplikacioni i bankes ne telefon)|Internet banking (permes kompjuterit/browserit)|Karta debiti/krediti per pagesa online|E-wallet (EasyPay, M-Pay, E-Posta, etj.)",Nje here ne jave,4,Jo,2.0,2.25,4.167,4.0,3.5,3,1,3,3,5,5,2,2,2,5,4,2,1,2,2,2,5,4,1,1,3,4,5,3,5,"Sherbimet me IA mund te ndihmojne, por vendimet e rendesishme duhet te verifikohen nga punonjesit e bankes."
261,True,Cautious User,0.654,1.037,Mashkull,26-35,Arsim baze (9-vjecar),I/e punesuar,Bujqesi,Tirane,BKT (Banka Kombetare Tregtare),Mbi 5 vjet,Mobile banking (aplikacioni i bankes ne telefon)|Internet banking (permes kompjuterit/browserit)|Karta debiti/krediti per pagesa online,Nje here ne jave,4,Po,5.0,4.25,3.333,3.333,4.0,3,5,5,5,4,2,4,5,4,5,5,5,4,4,5,4,5,5,5,4,4,3,2,3,4,"Sherbimet me IA mund te ndihmojne, por vendimet e rendesishme duhet te verifikohen nga punonjesit e bankes."
262,True,Cautious User,0.941,0.178,Femer,26-35,Bachelor,I/e papune,Shendetesi / Mjekesi,Tirane,Tirana Bank,Me pak se 1 vit,Mobile banking (aplikacioni i bankes ne telefon)|Internet banking (permes kompjuterit/browserit),Nje here ne jave,2,Jo,3.667,3.25,4.0,4.333,4.5,4,4,3,1,5,5,4,4,3,5,4,5,2,4,4,3,5,4,5,2,3,5,3,3,5,"Jam i hapur ndaj IA, por privatesia dhe transparenca jane kushtet kryesore."
263,True,Traditionalist,0.379,1.864,Mashkull,36-45,Arsim i mesem (gjimnaz/profesional),I/e punesuar,Administrate publike,Durres,BKT (Banka Kombetare Tregtare),3-5 vjet,"Mobile banking (aplikacioni i bankes ne telefon)|Karta debiti/krediti per pagesa online|E-wallet (EasyPay, M-Pay, E-Posta, etj.)",Disa here ne muaj,1,Nuk jam i/e sigurt,4.0,4.5,2.0,2.0,2.5,3,5,3,4,2,2,5,4,4,3,5,3,4,5,4,4,2,5,3,3,1,3,3,1,2,"IA mund te perdoret per pyetje te thjeshta, por jo per vendime financiare te rendesishme."
264,True,Cautious User,0.649,1.054,Mashkull,36-45,Arsim baze (9-vjecar),I/e punesuar,Tregti / Sherbime,Tirane,BKT (Banka Kombetare Tregtare),1-3 vjet,"Mobile banking (aplikacioni i bankes ne telefon)|Karta debiti/krediti per pagesa online|E-wallet (EasyPay, M-Pay, E-Posta, etj.)",Disa here ne jave,4,Jo,3.0,1.5,4.167,5.0,5.0,2,4,3,1,5,4,2,2,2,5,1,5,1,2,2,2,5,1,5,1,2,5,3,5,5,"Jam i hapur ndaj IA, por privatesia dhe transparenca jane kushtet kryesore."
265,True,Cautious User,0.772,0.683,Mashkull,46-55,Arsim i mesem (gjimnaz/profesional),I/e punesuar,Tregti / Sherbime,Tirane,BKT (Banka Kombetare Tregtare),3-5 vjet,Mobile banking (aplikacioni i bankes ne telefon),Nje here ne jave,4,Nuk jam i/e sigurt,3.0,3.75,3.667,3.667,4.0,2,3,3,4,4,5,4,3,2,4,5,5,4,4,3,1,4,5,5,4,3,4,4,3,4,"Jam i hapur ndaj IA, por privatesia dhe transparenca jane kushtet kryesore."
266,True,Cautious User,0.874,0.379,Mashkull,46-55,Arsim baze (9-vjecar),I/e vetepunesuar,Bujqesi,Tirane,BKT (Banka Kombetare Tregtare),3-5 vjet,"Karta debiti/krediti per pagesa online|E-wallet (EasyPay, M-Pay, E-Posta, etj.)",Disa here ne jave,4,Jo,3.333,3.75,3.667,4.333,4.25,3,3,2,3,4,5,3,5,4,4,4,4,4,4,5,4,4,5,4,4,2,4,5,5,2,"Jam i hapur ndaj IA, por privatesia dhe transparenca jane kushtet kryesore."
267,True,Cautious User,0.614,1.158,Femer,26-35,Bachelor,I/e punesuar,Ndertim / Inxhinieri,Qytet tjeter,Credins Bank,1-3 vjet,Mobile banking (aplikacioni i bankes ne telefon)|Karta debiti/krediti per pagesa online,Disa here ne jave,2,Jo,2.0,3.75,2.833,3.333,3.75,3,3,2,3,3,4,4,1,3,4,4,4,4,4,1,2,4,4,4,4,2,3,2,4,3,"Jam i hapur ndaj IA, por privatesia dhe transparenca jane kushtet kryesore."
268,True,Early Adopter,0.638,1.086,Mashkull,26-35,Bachelor,I/e papune,Ndertim / Inxhinieri,Tirane,BKT (Banka Kombetare Tregtare),3-5 vjet,"Mobile banking (aplikacioni i bankes ne telefon)|Internet banking (permes kompjuterit/browserit)|Karta debiti/krediti per pagesa online|E-wallet (EasyPay, M-Pay, E-Posta, etj.)",Cdo dite,4,Nuk jam i/e sigurt,3.667,4.5,1.5,1.667,2.75,3,3,4,4,1,1,5,4,5,4,5,3,3,5,5,4,4,5,3,3,1,3,2,1,1,"IA mund te rrise shpejtesine e sherbimeve bankare, sidomos per rekomandime dhe zbulim mashtrimesh."
269,True,Early Adopter,0.728,0.817,Femer,26-35,Bachelor,I/e punesuar,Administrate publike,Korce,Other,Mbi 5 vjet,Mobile banking (aplikacioni i bankes ne telefon)|Karta debiti/krediti per pagesa online,Disa here ne jave,4,Po,3.667,4.25,2.333,2.333,3.0,2,3,5,3,3,2,3,3,4,5,5,3,5,3,3,5,4,5,3,5,2,3,2,1,3,"IA mund te rrise shpejtesine e sherbimeve bankare, sidomos per rekomandime dhe zbulim mashtrimesh."
270,True,Traditionalist,0.787,0.639,Femer,46-55,Arsim baze (9-vjecar),I/e punesuar,Bujqesi,Qytet tjeter,Other,3-5 vjet,Mobile banking (aplikacioni i bankes ne telefon)|Karta debiti/krediti per pagesa online,Nje here ne jave,3,Jo,2.0,1.25,4.5,4.333,4.5,2,1,2,1,4,4,1,3,1,4,2,5,1,1,3,1,5,2,5,1,4,4,5,5,5,Per ceshtje bankare preferoj te flas me nje person dhe jo me sistem automatik.
271,True,Cautious User,0.74,0.781,Femer,36-45,Bachelor,I/e vetepunesuar,Finance / Banke / Sigurime,Shkoder,OTP Bank,Mbi 5 vjet,"Mobile banking (aplikacioni i bankes ne telefon)|Karta debiti/krediti per pagesa online|E-wallet (EasyPay, M-Pay, E-Posta, etj.)",Nje here ne jave,2,Jo,4.667,4.5,3.5,4.0,4.5,2,5,4,4,4,4,5,5,5,5,4,5,4,5,5,5,5,4,5,4,2,4,3,4,4,"Sherbimet me IA mund te ndihmojne, por vendimet e rendesishme duhet te verifikohen nga punonjesit e bankes."
272,True,Traditionalist,0.882,0.353,Femer,18-25,Bachelor,I/e punesuar,Administrate publike,Durres,Credins Bank,Me pak se 1 vit,"Karta debiti/krediti per pagesa online|E-wallet (EasyPay, M-Pay, E-Posta, etj.)",Disa here ne muaj,4,Po,2.667,3.0,4.167,4.0,4.25,3,3,2,2,4,4,3,3,3,4,4,5,2,3,2,3,4,4,5,2,4,4,4,4,5,"IA mund te perdoret per pyetje te thjeshta, por jo per vendime financiare te rendesishme."
273,True,Cautious User,0.675,0.974,Mashkull,36-45,Arsim baze (9-vjecar),I/e punesuar,Tregti / Sherbime,Tirane,Other,Me pak se 1 vit,Mobile banking (aplikacioni i bankes ne telefon)|Internet banking (permes kompjuterit/browserit),Disa here ne jave,4,Nuk jam i/e sigurt,3.333,1.5,3.833,4.667,4.75,3,4,3,1,5,5,2,3,2,5,1,5,1,2,3,2,5,1,5,1,2,4,4,5,3,"Jam i hapur ndaj IA, por privatesia dhe transparenca jane kushtet kryesore."
274,True,Cautious User,0.71,0.87,Mashkull,36-45,Bachelor,I/e punesuar,Ndertim / Inxhinieri,Tirane,Tirana Bank,Mbi 5 vjet,Mobile banking (aplikacioni i bankes ne telefon),Nje here ne jave,3,Po,5.0,2.25,4.167,4.333,4.75,5,5,5,2,3,3,2,5,1,5,2,4,4,2,5,1,5,2,4,4,4,5,4,5,4,"Sherbimet me IA mund te ndihmojne, por vendimet e rendesishme duhet te verifikohen nga punonjesit e bankes."
275,True,Early Adopter,0.879,0.364,Mashkull,26-35,Bachelor,I/e vetepunesuar,Finance / Banke / Sigurime,Tirane,Credins Bank,3-5 vjet,Mobile banking (aplikacioni i bankes ne telefon)|Internet banking (permes kompjuterit/browserit)|Karta debiti/krediti per pagesa online,Disa here ne jave,4,Nuk jam i/e sigurt,4.333,4.5,2.667,3.0,3.5,4,5,4,5,2,3,4,4,4,3,5,4,5,4,4,4,3,5,4,5,2,4,3,3,2,Do ta provoja nese banka e shpjegon qarte si ruhen te dhenat dhe si kontrollohen vendimet.
276,True,Cautious User,0.838,0.485,Femer,55+,Arsim baze (9-vjecar),I/e dale ne pension,Ndertim / Inxhinieri,Tirane,BKT (Banka Kombetare Tregtare),1-3 vjet,Mobile banking (aplikacioni i bankes ne telefon)|Internet banking (permes kompjuterit/browserit)|Karta debiti/krediti per pagesa online,Nje here ne jave,2,Po,3.667,3.25,3.833,3.667,4.25,1,3,4,3,3,5,4,4,2,4,4,5,3,4,3,2,4,4,4,3,3,4,5,4,4,"Jam i hapur ndaj IA, por privatesia dhe transparenca jane kushtet kryesore."
277,True,Cautious User,0.764,0.708,Mashkull,18-25,Arsim i mesem (gjimnaz/profesional),I/e punesuar,Tregti / Sherbime,Tirane,BKT (Banka Kombetare Tregtare),1-3 vjet,Mobile banking (aplikacioni i bankes ne telefon)|Internet banking (permes kompjuterit/browserit),Disa here ne muaj,1,Jo,2.333,3.75,3.667,4.333,4.75,2,2,2,5,4,5,3,3,3,5,5,5,4,3,3,3,5,5,5,4,1,5,4,4,4,"Jam i hapur ndaj IA, por privatesia dhe transparenca jane kushtet kryesore."
278,True,Traditionalist,0.605,1.185,Femer,46-55,Arsim baze (9-vjecar),I/e punesuar,Administrate publike,Tirane,Other,1-3 vjet,Nuk perdor asnje sherbim digjital bankar,Rralle ose kurre,2,Jo,3.667,2.0,2.833,2.333,3.0,2,5,3,2,3,1,2,3,2,4,2,4,2,2,3,2,4,2,4,2,2,2,4,2,4,Per ceshtje bankare preferoj te flas me nje person dhe jo me sistem automatik.
279,True,Cautious User,0.685,0.944,Mashkull,18-25,Bachelor,Student/e,Tregti / Sherbime,Shkoder,Other,Me pak se 1 vit,"Mobile banking (aplikacioni i bankes ne telefon)|Karta debiti/krediti per pagesa online|E-wallet (EasyPay, M-Pay, E-Posta, etj.)",Nje here ne jave,4,Jo,3.0,4.25,3.667,3.333,3.75,4,4,2,2,5,3,5,3,4,5,4,5,4,5,3,5,5,4,5,4,3,2,5,3,4,"Jam i hapur ndaj IA, por privatesia dhe transparenca jane kushtet kryesore."
280,True,Cautious User,0.775,0.674,Mashkull,55+,Bachelor,I/e dale ne pension,Tregti / Sherbime,Durres,Raiffeisen Bank,Me pak se 1 vit,Mobile banking (aplikacioni i bankes ne telefon)|Karta debiti/krediti per pagesa online,Disa here ne jave,4,Jo,3.667,4.5,4.0,5.0,4.25,3,3,3,4,5,3,5,5,4,4,5,3,4,5,5,5,4,5,3,4,4,5,3,5,2,"Jam i hapur ndaj IA, por privatesia dhe transparenca jane kushtet kryesore."
281,True,Cautious User,0.712,0.863,Mashkull,18-25,Master,Student/e,Teknologji / IT,Tirane,Intesa Sanpaolo Bank,3-5 vjet,Mobile banking (aplikacioni i bankes ne telefon),Disa here ne jave,3,Jo,4.333,2.25,3.333,3.667,4.0,4,5,4,4,5,5,2,4,3,5,1,5,3,2,4,3,4,1,5,3,1,4,5,2,3,"Sherbimet me IA mund te ndihmojne, por vendimet e rendesishme duhet te verifikohen nga punonjesit e bankes."
282,True,Early Adopter,0.647,1.06,Femer,26-35,Arsim i mesem (gjimnaz/profesional),I/e papune,Administrate publike,Tirane,Raiffeisen Bank,1-3 vjet,Mobile banking (aplikacioni i bankes ne telefon)|Karta debiti/krediti per pagesa online,Disa here ne jave,5,Nuk jam i/e sigurt,4.667,4.25,4.5,5.0,5.0,5,5,5,5,5,5,4,4,5,5,5,5,3,5,4,5,5,5,5,2,3,5,4,5,5,Do ta provoja nese banka e shpjegon qarte si ruhen te dhenat dhe si kontrollohen vendimet.
283,True,Cautious User,0.885,0.345,Mashkull,36-45,Arsim i mesem (gjimnaz/profesional),I/e punesuar,Tregti / Sherbime,Vlore,Credins Bank,Me pak se 1 vit,Mobile banking (aplikacioni i bankes ne telefon)|Internet banking (permes kompjuterit/browserit)|Karta debiti/krediti per pagesa online,Disa here ne jave,4,Po,3.667,3.0,3.833,4.333,4.25,4,3,4,4,5,4,3,4,4,5,3,4,2,3,4,4,5,3,4,2,2,4,4,4,4,"Jam i hapur ndaj IA, por privatesia dhe transparenca jane kushtet kryesore."
284,True,Traditionalist,0.725,0.826,Mashkull,26-35,Arsim i mesem (gjimnaz/profesional),I/e punesuar,Administrate publike,Durres,BKT (Banka Kombetare Tregtare),Me pak se 1 vit,Mobile banking (aplikacioni i bankes ne telefon),Rralle ose kurre,4,Po,1.667,1.0,4.667,4.333,4.5,1,1,1,1,5,5,1,3,1,5,1,5,1,1,3,1,5,1,4,1,5,5,5,3,5,Per ceshtje bankare preferoj te flas me nje person dhe jo me sistem automatik.
285,True,Traditionalist,0.862,0.413,Mashkull,18-25,Arsim i mesem (gjimnaz/profesional),I/e punesuar,Tregti / Sherbime,Qytet tjeter,BKT (Banka Kombetare Tregtare),3-5 vjet,Nuk perdor asnje sherbim digjital bankar,Rralle ose kurre,2,Jo,2.667,3.0,3.667,3.667,4.0,2,3,2,2,4,2,3,3,3,5,3,4,3,3,3,3,5,2,4,3,4,4,3,3,4,"IA mund te perdoret per pyetje te thjeshta, por jo per vendime financiare te rendesishme."
286,True,Early Adopter,0.842,0.473,Femer,26-35,Arsim i mesem (gjimnaz/profesional),I/e vetepunesuar,Administrate publike,Shkoder,BKT (Banka Kombetare Tregtare),Mbi 5 vjet,"Mobile banking (aplikacioni i bankes ne telefon)|Karta debiti/krediti per pagesa online|E-wallet (EasyPay, M-Pay, E-Posta, etj.)",Cdo dite,5,Po,4.0,4.5,2.5,2.667,3.5,4,5,2,5,3,3,5,5,5,5,4,4,4,5,5,5,5,4,4,4,2,2,2,3,3,"IA mund te rrise shpejtesine e sherbimeve bankare, sidomos per rekomandime dhe zbulim mashtrimesh."
287,True,Cautious User,0.674,0.978,Mashkull,18-25,Arsim i mesem (gjimnaz/profesional),Student/e,Finance / Banke / Sigurime,Qytet tjeter,BKT (Banka Kombetare Tregtare),1-3 vjet,"E-wallet (EasyPay, M-Pay, E-Posta, etj.)",Disa here ne muaj,3,Jo,5.0,4.75,4.0,4.333,4.25,5,5,5,5,3,5,4,5,5,4,5,3,5,4,5,5,3,5,3,5,2,5,4,5,5,"Sherbimet me IA mund te ndihmojne, por vendimet e rendesishme duhet te verifikohen nga punonjesit e bankes."
288,True,Traditionalist,0.782,0.655,Mashkull,46-55,Arsim baze (9-vjecar),I/e vetepunesuar,Ndertim / Inxhinieri,Korce,Credins Bank,Mbi 5 vjet,Nuk perdor asnje sherbim digjital bankar,Rralle ose kurre,2,Nuk jam i/e sigurt,1.667,1.5,4.333,4.0,3.75,2,2,2,2,5,5,2,1,2,3,1,5,1,2,1,2,3,1,5,1,4,3,5,4,5,"IA mund te perdoret per pyetje te thjeshta, por jo per vendime financiare te rendesishme."
289,True,Cautious User,0.861,0.417,Femer,18-25,Bachelor,I/e punesuar,Shendetesi / Mjekesi,Vlore,Raiffeisen Bank,Me pak se 1 vit,Mobile banking (aplikacioni i bankes ne telefon)|Karta debiti/krediti per pagesa online,Disa here ne jave,4,Po,3.333,2.75,4.0,4.667,4.5,3,3,3,3,5,4,2,4,4,4,3,5,2,2,4,4,4,3,5,3,2,5,4,4,4,"Jam i hapur ndaj IA, por privatesia dhe transparenca jane kushtet kryesore."
290,True,Early Adopter,0.785,0.645,Femer,26-35,Bachelor,I/e papune,Shendetesi / Mjekesi,Tirane,Credins Bank,Mbi 5 vjet,Mobile banking (aplikacioni i bankes ne telefon)|Internet banking (permes kompjuterit/browserit),Cdo dite,5,Po,5.0,3.75,3.833,4.0,4.5,4,5,5,5,4,4,5,5,2,5,5,5,3,5,4,2,5,5,5,3,3,4,3,4,5,"IA mund te rrise shpejtesine e sherbimeve bankare, sidomos per rekomandime dhe zbulim mashtrimesh."
291,True,Cautious User,0.66,1.019,Mashkull,18-25,Bachelor,Student/e,Tregti / Sherbime,Tirane,Credins Bank,Me pak se 1 vit,Mobile banking (aplikacioni i bankes ne telefon)|Karta debiti/krediti per pagesa online,Nje here ne jave,4,Jo,5.0,4.5,3.833,3.667,4.0,5,5,5,4,4,4,5,5,4,4,4,5,5,5,5,4,4,4,5,5,3,4,4,3,5,"Jam i hapur ndaj IA, por privatesia dhe transparenca jane kushtet kryesore."
292,True,Cautious User,0.827,0.519,Femer,26-35,Master,I/e punesuar,Finance / Banke / Sigurime,Tirane,BKT (Banka Kombetare Tregtare),Mbi 5 vjet,"E-wallet (EasyPay, M-Pay, E-Posta, etj.)",Nje here ne jave,4,Po,4.333,4.0,4.167,4.333,4.25,4,5,4,4,5,5,5,4,3,4,4,5,4,5,4,3,4,4,5,4,3,5,4,3,5,"Sherbimet me IA mund te ndihmojne, por vendimet e rendesishme duhet te verifikohen nga punonjesit e bankes."
293,True,Early Adopter,0.622,1.133,Mashkull,18-25,Arsim i mesem (gjimnaz/profesional),I/e punesuar,Ndertim / Inxhinieri,Tirane,Raiffeisen Bank,3-5 vjet,Mobile banking (aplikacioni i bankes ne telefon)|Internet banking (permes kompjuterit/browserit)|Karta debiti/krediti per pagesa online,Cdo dite,4,Po,2.333,4.25,3.167,3.667,4.0,5,3,2,4,4,4,3,2,5,4,4,5,5,3,2,5,4,4,5,5,3,4,2,3,3,Do ta provoja nese banka e shpjegon qarte si ruhen te dhenat dhe si kontrollohen vendimet.
294,True,Traditionalist,0.729,0.814,Mashkull,46-55,Arsim i mesem (gjimnaz/profesional),I/e papune,Tregti / Sherbime,Vlore,Raiffeisen Bank,3-5 vjet,Mobile banking (aplikacioni i bankes ne telefon),Rralle ose kurre,3,Jo,1.667,1.0,4.333,4.0,4.5,2,2,1,2,3,5,1,2,1,4,1,5,1,1,2,1,4,1,5,1,4,5,5,4,5,"IA mund te perdoret per pyetje te thjeshta, por jo per vendime financiare te rendesishme."
295,True,Cautious User,0.709,0.873,Mashkull,46-55,Arsim i mesem (gjimnaz/profesional),I/e punesuar,Tregti / Sherbime,Zone rurale,OTP Bank,1-3 vjet,Mobile banking (aplikacioni i bankes ne telefon)|Internet banking (permes kompjuterit/browserit)|Karta debiti/krediti per pagesa online,Disa here ne jave,3,Nuk jam i/e sigurt,2.0,3.25,4.333,4.667,4.5,1,1,2,2,5,5,5,3,3,5,2,4,3,4,3,3,5,1,4,3,4,5,5,4,3,"Jam i hapur ndaj IA, por privatesia dhe transparenca jane kushtet kryesore."
296,True,Early Adopter,0.622,1.133,Femer,18-25,Arsim i mesem (gjimnaz/profesional),Student/e,Tregti / Sherbime,Qytet tjeter,BKT (Banka Kombetare Tregtare),Me pak se 1 vit,"Mobile banking (aplikacioni i bankes ne telefon)|Internet banking (permes kompjuterit/browserit)|Karta debiti/krediti per pagesa online|E-wallet (EasyPay, M-Pay, E-Posta, etj.)",Cdo dite,3,Po,2.333,4.25,3.5,3.667,4.0,3,3,2,4,5,4,4,2,5,5,3,5,5,4,2,5,4,3,5,5,2,3,4,3,4,Do ta provoja nese banka e shpjegon qarte si ruhen te dhenat dhe si kontrollohen vendimet.
297,True,Cautious User,0.796,0.611,Mashkull,46-55,Bachelor,I/e punesuar,Administrate publike,Tirane,Raiffeisen Bank,1-3 vjet,Mobile banking (aplikacioni i bankes ne telefon),Nje here ne jave,3,Po,3.0,3.0,4.167,4.0,4.0,3,3,3,4,4,4,3,3,2,4,3,4,4,3,3,2,4,3,4,4,5,4,3,4,5,"Sherbimet me IA mund te ndihmojne, por vendimet e rendesishme duhet te verifikohen nga punonjesit e bankes."
298,True,Early Adopter,0.801,0.596,Femer,18-25,Bachelor,Student/e,Finance / Banke / Sigurime,Qytet tjeter,BKT (Banka Kombetare Tregtare),1-3 vjet,Mobile banking (aplikacioni i bankes ne telefon)|Internet banking (permes kompjuterit/browserit),Cdo dite,3,Po,5.0,4.75,2.833,2.667,3.25,4,5,5,5,3,4,5,5,5,3,5,5,4,5,5,5,3,5,5,4,3,2,4,3,2,"IA mund te rrise shpejtesine e sherbimeve bankare, sidomos per rekomandime dhe zbulim mashtrimesh."
299,True,Traditionalist,0.735,0.796,Femer,46-55,Arsim i mesem (gjimnaz/profesional),I/e punesuar,Bujqesi,Durres,Credins Bank,1-3 vjet,Nuk perdor asnje sherbim digjital bankar,Rralle ose kurre,4,Jo,3.667,3.25,4.5,4.0,3.5,4,3,4,5,5,5,2,4,4,3,3,4,4,2,4,5,3,3,4,4,5,3,5,4,5,"IA mund te perdoret per pyetje te thjeshta, por jo per vendime financiare te rendesishme."
300,True,Cautious User,0.652,1.043,Mashkull,36-45,Bachelor,I/e punesuar,Tregti / Sherbime,Tirane,BKT (Banka Kombetare Tregtare),Mbi 5 vjet,Karta debiti/krediti per pagesa online,Nje here ne jave,3,Jo,4.333,4.5,2.5,3.0,4.0,5,5,3,5,3,3,4,5,4,5,5,5,5,4,5,4,5,4,5,5,1,3,2,3,3,"Sherbimet me IA mund te ndihmojne, por vendimet e rendesishme duhet te verifikohen nga punonjesit e bankes."
301,True,Cautious User,0.821,0.537,Femer,36-45,Arsim i mesem (gjimnaz/profesional),I/e papune,Tregti / Sherbime,Korce,Intesa Sanpaolo Bank,Mbi 5 vjet,Mobile banking (aplikacioni i bankes ne telefon),Disa here ne muaj,5,Nuk jam i/e sigurt,3.0,4.0,4.5,5.0,4.75,3,4,2,4,5,5,4,3,3,5,5,4,4,4,3,3,5,5,4,4,3,5,5,5,4,"Sherbimet me IA mund te ndihmojne, por vendimet e rendesishme duhet te verifikohen nga punonjesit e bankes."
302,True,Cautious User,0.841,0.477,Mashkull,26-35,Master,I/e punesuar,Arsim,Durres,Other,1-3 vjet,"Mobile banking (aplikacioni i bankes ne telefon)|Internet banking (permes kompjuterit/browserit)|Karta debiti/krediti per pagesa online|E-wallet (EasyPay, M-Pay, E-Posta, etj.)",Disa here ne jave,5,Jo,3.333,3.75,4.0,4.333,4.0,4,3,3,3,4,3,5,4,3,3,4,4,3,5,4,3,3,4,4,4,3,5,3,4,5,"Jam i hapur ndaj IA, por privatesia dhe transparenca jane kushtet kryesore."
303,True,Early Adopter,0.786,0.643,Mashkull,18-25,Bachelor,I/e papune,Arsim,Zone rurale,Other,Me pak se 1 vit,Mobile banking (aplikacioni i bankes ne telefon)|Karta debiti/krediti per pagesa online,Disa here ne jave,4,Po,4.0,3.75,3.167,3.333,3.25,3,3,4,5,4,2,4,5,3,3,4,4,4,4,5,3,3,4,4,4,2,3,3,3,4,Do ta provoja nese banka e shpjegon qarte si ruhen te dhenat dhe si kontrollohen vendimet.
304,True,Early Adopter,0.715,0.854,Femer,26-35,Bachelor,I/e vetepunesuar,Arsim,Tirane,OTP Bank,3-5 vjet,"Mobile banking (aplikacioni i bankes ne telefon)|Internet banking (permes kompjuterit/browserit)|Karta debiti/krediti per pagesa online|E-wallet (EasyPay, M-Pay, E-Posta, etj.)",Disa here ne jave,5,Nuk jam i/e sigurt,4.0,4.75,1.833,2.0,3.0,5,3,5,4,3,2,5,4,5,5,5,4,4,5,4,5,5,5,5,4,2,2,1,1,2,"IA mund te rrise shpejtesine e sherbimeve bankare, sidomos per rekomandime dhe zbulim mashtrimesh."
305,True,Traditionalist,0.793,0.621,Femer,36-45,Arsim i mesem (gjimnaz/profesional),I/e vetepunesuar,Administrate publike,Zone rurale,Raiffeisen Bank,Mbi 5 vjet,Nuk perdor asnje sherbim digjital bankar,Rralle ose kurre,2,Jo,1.667,2.75,4.333,4.667,4.5,1,1,2,2,4,3,4,2,2,4,2,4,3,4,2,2,4,2,4,3,3,5,5,5,4,"IA mund te perdoret per pyetje te thjeshta, por jo per vendime financiare te rendesishme."
306,True,Early Adopter,0.513,1.46,Mashkull,18-25,Doktorature,I/e punesuar,Tregti / Sherbime,Tirane,BKT (Banka Kombetare Tregtare),3-5 vjet,"Mobile banking (aplikacioni i bankes ne telefon)|Karta debiti/krediti per pagesa online|E-wallet (EasyPay, M-Pay, E-Posta, etj.)",Cdo dite,3,Jo,5.0,5.0,1.833,1.667,1.75,3,5,5,4,3,2,5,5,5,3,5,2,5,5,5,5,3,5,2,5,1,1,3,1,2,"IA mund te rrise shpejtesine e sherbimeve bankare, sidomos per rekomandime dhe zbulim mashtrimesh."
307,True,Traditionalist,0.898,0.307,Femer,26-35,Bachelor,I/e papune,Tregti / Sherbime,Elbasan,BKT (Banka Kombetare Tregtare),3-5 vjet,Karta debiti/krediti per pagesa online,Rralle ose kurre,3,Po,2.667,2.75,4.167,4.333,4.5,2,2,3,1,3,4,3,3,3,3,2,5,3,3,3,2,3,2,5,2,5,5,4,5,3,"IA mund te perdoret per pyetje te thjeshta, por jo per vendime financiare te rendesishme."
308,True,Traditionalist,0.896,0.311,Femer,26-35,Arsim i mesem (gjimnaz/profesional),I/e papune,Ndertim / Inxhinieri,Shkoder,BKT (Banka Kombetare Tregtare),Me pak se 1 vit,Karta debiti/krediti per pagesa online,Rralle ose kurre,4,Jo,3.0,2.5,3.833,3.667,4.0,1,4,2,2,2,4,2,3,3,3,4,4,1,2,2,3,3,4,4,1,4,4,3,5,5,Per ceshtje bankare preferoj te flas me nje person dhe jo me sistem automatik.
309,True,Cautious User,0.807,0.58,Mashkull,36-45,Bachelor,I/e punesuar,Bujqesi,Durres,BKT (Banka Kombetare Tregtare),Me pak se 1 vit,Mobile banking (aplikacioni i bankes ne telefon)|Internet banking (permes kompjuterit/browserit),Disa here ne jave,4,Jo,4.667,4.0,4.333,4.667,4.75,4,5,4,4,5,4,4,5,4,5,5,5,3,4,5,4,5,5,5,3,3,5,4,4,5,"Sherbimet me IA mund te ndihmojne, por vendimet e rendesishme duhet te verifikohen nga punonjesit e bankes."
310,True,Professional / Expert,0.724,0.828,Preferoj te mos pergjigjem,36-45,Master,I/e punesuar,Teknologji / IT,Qytet tjeter,Raiffeisen Bank,1-3 vjet,Mobile banking (aplikacioni i bankes ne telefon)|Internet banking (permes kompjuterit/browserit)|Karta debiti/krediti per pagesa online,Cdo dite,4,Po,4.667,4.25,2.667,2.667,3.75,5,5,4,4,3,3,4,5,4,5,5,5,4,4,5,4,5,5,5,4,2,2,3,3,3,"Potenciali eshte i madh, por bankat duhet te forcojne qeverisjen e te dhenave dhe kontrollin rregullator."
311,True,Cautious User,0.762,0.715,Mashkull,26-35,Master,I/e papune,Arsim,Zone rurale,Tirana Bank,Mbi 5 vjet,Mobile banking (aplikacioni i bankes ne telefon)|Internet banking (permes kompjuterit/browserit),Disa here ne jave,4,Jo,3.0,4.5,4.5,5.0,5.0,4,4,2,3,5,4,4,3,4,5,5,5,5,4,3,4,5,5,5,5,3,5,5,5,4,"Sherbimet me IA mund te ndihmojne, por vendimet e rendesishme duhet te verifikohen nga punonjesit e bankes."
312,True,Early Adopter,0.756,0.732,Mashkull,26-35,Master,I/e punesuar,Teknologji / IT,Tirane,BKT (Banka Kombetare Tregtare),3-5 vjet,Mobile banking (aplikacioni i bankes ne telefon)|Internet banking (permes kompjuterit/browserit),Cdo dite,4,Po,5.0,3.25,3.333,3.333,3.5,4,5,5,4,4,4,4,5,3,5,3,3,3,4,5,4,5,3,3,3,3,3,4,3,3,Do ta provoja nese banka e shpjegon qarte si ruhen te dhenat dhe si kontrollohen vendimet.
313,True,Cautious User,0.828,0.515,Femer,46-55,Arsim baze (9-vjecar),I/e vetepunesuar,Administrate publike,Elbasan,BKT (Banka Kombetare Tregtare),1-3 vjet,"Mobile banking (aplikacioni i bankes ne telefon)|Internet banking (permes kompjuterit/browserit)|Karta debiti/krediti per pagesa online|E-wallet (EasyPay, M-Pay, E-Posta, etj.)",Disa here ne muaj,3,Jo,3.333,3.5,3.0,3.667,4.25,4,3,3,3,4,5,3,4,2,5,4,5,5,3,5,2,5,4,5,5,2,3,1,4,4,"Sherbimet me IA mund te ndihmojne, por vendimet e rendesishme duhet te verifikohen nga punonjesit e bankes."
314,True,Early Adopter,0.712,0.864,Femer,18-25,Bachelor,I/e punesuar,Tregti / Sherbime,Shkoder,Raiffeisen Bank,1-3 vjet,Mobile banking (aplikacioni i bankes ne telefon)|Karta debiti/krediti per pagesa online,Cdo dite,4,Po,4.0,4.75,2.0,2.333,2.75,2,5,2,3,2,3,4,5,5,3,5,3,5,4,5,5,3,5,3,5,2,4,1,1,2,"IA mund te rrise shpejtesine e sherbimeve bankare, sidomos per rekomandime dhe zbulim mashtrimesh."
315,True,Cautious User,0.748,0.757,Femer,18-25,Arsim i mesem (gjimnaz/profesional),I/e punesuar,Tregti / Sherbime,Tirane,Intesa Sanpaolo Bank,Me pak se 1 vit,Karta debiti/krediti per pagesa online,Nje here ne jave,4,Jo,2.667,4.5,4.167,4.333,4.75,5,2,2,4,4,4,5,4,5,5,4,5,4,5,4,5,5,4,5,4,3,5,4,4,5,"Jam i hapur ndaj IA, por privatesia dhe transparenca jane kushtet kryesore."
316,True,Cautious User,0.777,0.67,Femer,18-25,Arsim i mesem (gjimnaz/profesional),I/e punesuar,Ndertim / Inxhinieri,Elbasan,Intesa Sanpaolo Bank,1-3 vjet,Mobile banking (aplikacioni i bankes ne telefon)|Internet banking (permes kompjuterit/browserit)|Karta debiti/krediti per pagesa online,Nje here ne jave,4,Nuk jam i/e sigurt,4.667,2.5,4.0,4.667,4.75,2,5,4,2,5,2,3,5,4,5,1,5,2,3,5,4,5,1,5,2,2,4,3,5,5,"Sherbimet me IA mund te ndihmojne, por vendimet e rendesishme duhet te verifikohen nga punonjesit e bankes."
317,True,Cautious User,0.551,1.347,Mashkull,36-45,Arsim i mesem (gjimnaz/profesional),I/e punesuar,Tregti / Sherbime,Qytet tjeter,Raiffeisen Bank,1-3 vjet,Mobile banking (aplikacioni i bankes ne telefon)|Internet banking (permes kompjuterit/browserit),Disa here ne jave,4,Jo,4.667,4.75,2.833,3.0,3.25,5,4,5,5,5,3,4,5,5,5,5,4,5,4,5,5,5,5,4,5,2,3,3,1,3,"Jam i hapur ndaj IA, por privatesia dhe transparenca jane kushtet kryesore."
318,True,Traditionalist,0.754,0.738,Femer,26-35,Bachelor,I/e punesuar,Administrate publike,Qytet tjeter,Credins Bank,1-3 vjet,Nuk perdor asnje sherbim digjital bankar,Rralle ose kurre,3,Jo,1.667,2.25,2.833,3.0,3.75,2,2,1,3,2,2,2,2,1,4,3,4,3,2,2,1,4,4,4,2,2,4,3,3,3,Per ceshtje bankare preferoj te flas me nje person dhe jo me sistem automatik.
319,True,Cautious User,0.622,1.135,Femer,55+,Arsim baze (9-vjecar),I/e dale ne pension,Tregti / Sherbime,Durres,BKT (Banka Kombetare Tregtare),1-3 vjet,"Mobile banking (aplikacioni i bankes ne telefon)|Internet banking (permes kompjuterit/browserit)|E-wallet (EasyPay, M-Pay, E-Posta, etj.)",Nje here ne jave,4,Jo,2.0,2.0,4.333,5.0,4.75,2,3,1,3,5,5,2,2,2,4,2,5,2,1,2,2,4,2,5,2,3,5,4,5,4,"Jam i hapur ndaj IA, por privatesia dhe transparenca jane kushtet kryesore."
320,True,Cautious User,0.776,0.673,Mashkull,46-55,Arsim i mesem (gjimnaz/profesional),I/e vetepunesuar,Tregti / Sherbime,Zone rurale,Raiffeisen Bank,Mbi 5 vjet,"Mobile banking (aplikacioni i bankes ne telefon)|E-wallet (EasyPay, M-Pay, E-Posta, etj.)",Disa here ne jave,5,Jo,3.333,2.75,3.667,3.667,4.0,1,4,3,4,4,5,3,3,2,5,3,4,3,3,2,2,5,3,4,3,2,4,4,3,5,"Jam i hapur ndaj IA, por privatesia dhe transparenca jane kushtet kryesore."
321,True,Traditionalist,0.708,0.875,Femer,18-25,Bachelor,Student/e,Teknologji / IT,Vlore,BKT (Banka Kombetare Tregtare),1-3 vjet,Karta debiti/krediti per pagesa online,Disa here ne muaj,2,Po,2.667,1.25,3.5,3.333,3.0,3,2,4,2,4,3,2,2,1,4,1,2,1,2,2,1,4,1,1,1,4,3,5,3,2,Per ceshtje bankare preferoj te flas me nje person dhe jo me sistem automatik.
322,True,Cautious User,0.859,0.423,Mashkull,36-45,Bachelor,I/e punesuar,Bujqesi,Durres,Other,Mbi 5 vjet,"Mobile banking (aplikacioni i bankes ne telefon)|Internet banking (permes kompjuterit/browserit)|E-wallet (EasyPay, M-Pay, E-Posta, etj.)",Disa here ne jave,4,Po,4.333,3.5,4.667,5.0,4.75,4,4,5,5,5,4,4,4,2,4,4,5,4,4,4,2,4,4,5,5,3,5,5,5,5,"Jam i hapur ndaj IA, por privatesia dhe transparenca jane kushtet kryesore."
323,True,Cautious User,0.831,0.507,Femer,55+,Arsim i mesem (gjimnaz/profesional),I/e punesuar,Tregti / Sherbime,Qytet tjeter,OTP Bank,1-3 vjet,Karta debiti/krediti per pagesa online,Disa here ne jave,4,Po,4.333,3.75,3.667,4.0,4.25,2,4,4,4,3,4,4,5,4,3,4,5,3,5,4,4,3,4,5,3,3,4,2,5,5,"Jam i hapur ndaj IA, por privatesia dhe transparenca jane kushtet kryesore."
324,True,Traditionalist,0.66,1.019,Femer,36-45,Arsim i mesem (gjimnaz/profesional),I/e punesuar,Bujqesi,Vlore,Tirana Bank,3-5 vjet,Nuk perdor asnje sherbim digjital bankar,Rralle ose kurre,3,Po,3.667,2.75,2.5,2.667,3.25,3,4,3,1,4,4,3,4,2,4,4,5,2,3,4,2,4,4,5,1,1,2,3,2,3,Per ceshtje bankare preferoj te flas me nje person dhe jo me sistem automatik.
325,True,Cautious User,0.859,0.423,Mashkull,46-55,Arsim baze (9-vjecar),I/e punesuar,Tregti / Sherbime,Tirane,Raiffeisen Bank,Mbi 5 vjet,Mobile banking (aplikacioni i bankes ne telefon)|Internet banking (permes kompjuterit/browserit),Nje here ne jave,3,Po,3.667,3.5,3.833,3.667,4.5,3,4,4,2,3,5,4,3,2,5,4,5,4,4,3,2,5,4,5,4,3,4,5,4,4,"Jam i hapur ndaj IA, por privatesia dhe transparenca jane kushtet kryesore."
326,True,Cautious User,0.659,1.023,Mashkull,18-25,Bachelor,Student/e,Finance / Banke / Sigurime,Tirane,Credins Bank,1-3 vjet,Mobile banking (aplikacioni i bankes ne telefon),Disa here ne jave,4,Jo,4.667,5.0,4.0,4.667,4.0,4,5,4,5,5,4,5,5,5,2,5,5,5,5,5,5,3,5,5,5,3,4,4,5,3,"Sherbimet me IA mund te ndihmojne, por vendimet e rendesishme duhet te verifikohen nga punonjesit e bankes."
327,True,Early Adopter,0.791,0.628,Femer,26-35,Master,I/e punesuar,Finance / Banke / Sigurime,Elbasan,OTP Bank,3-5 vjet,"Mobile banking (aplikacioni i bankes ne telefon)|Karta debiti/krediti per pagesa online|E-wallet (EasyPay, M-Pay, E-Posta, etj.)",Cdo dite,4,Jo,5.0,3.75,2.333,3.0,3.25,5,5,5,4,3,2,5,5,3,4,4,3,3,5,5,3,4,4,3,2,1,4,2,2,2,Do ta provoja nese banka e shpjegon qarte si ruhen te dhenat dhe si kontrollohen vendimet.
328,True,Early Adopter,0.765,0.706,Mashkull,18-25,Arsim i mesem (gjimnaz/profesional),Student/e,Finance / Banke / Sigurime,Qytet tjeter,Other,3-5 vjet,Mobile banking (aplikacioni i bankes ne telefon)|Internet banking (permes kompjuterit/browserit),Disa here ne jave,4,Po,3.667,3.5,2.5,3.0,3.5,5,4,4,3,3,4,4,3,4,4,3,4,3,4,3,4,4,3,4,3,1,2,2,4,3,"IA mund te rrise shpejtesine e sherbimeve bankare, sidomos per rekomandime dhe zbulim mashtrimesh."
329,True,Cautious User,0.589,1.232,Femer,46-55,Arsim i mesem (gjimnaz/profesional),I/e punesuar,Tregti / Sherbime,Tirane,BKT (Banka Kombetare Tregtare),3-5 vjet,"Mobile banking (aplikacioni i bankes ne telefon)|Internet banking (permes kompjuterit/browserit)|Karta debiti/krediti per pagesa online|E-wallet (EasyPay, M-Pay, E-Posta, etj.)",Nje here ne jave,2,Jo,1.333,2.75,3.833,4.667,4.75,3,1,1,2,4,4,5,2,1,5,2,4,3,5,2,1,5,2,4,3,2,5,3,5,4,"Sherbimet me IA mund te ndihmojne, por vendimet e rendesishme duhet te verifikohen nga punonjesit e bankes."
330,True,Cautious User,0.832,0.504,Mashkull,46-55,Arsim baze (9-vjecar),I/e punesuar,Tregti / Sherbime,Vlore,Raiffeisen Bank,Mbi 5 vjet,"Mobile banking (aplikacioni i bankes ne telefon)|E-wallet (EasyPay, M-Pay, E-Posta, etj.)",Nje here ne jave,3,Jo,4.0,4.25,3.833,4.0,4.75,2,4,3,2,3,4,4,5,5,5,4,5,4,4,5,5,5,4,5,4,4,5,4,4,3,"Jam i hapur ndaj IA, por privatesia dhe transparenca jane kushtet kryesore."
331,True,Cautious User,0.685,0.944,Mashkull,18-25,Bachelor,I/e punesuar,Shendetesi / Mjekesi,Durres,Other,1-3 vjet,Mobile banking (aplikacioni i bankes ne telefon),Disa here ne jave,4,Jo,3.667,4.5,3.0,3.333,3.75,5,3,4,3,3,4,5,4,4,4,4,4,5,5,4,4,4,4,4,5,3,4,3,3,2,"Sherbimet me IA mund te ndihmojne, por vendimet e rendesishme duhet te verifikohen nga punonjesit e bankes."
332,True,Cautious User,0.779,0.662,Mashkull,46-55,Arsim i mesem (gjimnaz/profesional),I/e punesuar,Tregti / Sherbime,Shkoder,Credins Bank,3-5 vjet,Internet banking (permes kompjuterit/browserit)|Karta debiti/krediti per pagesa online,Disa here ne jave,4,Po,4.0,2.25,4.167,5.0,5.0,4,4,5,3,5,5,1,3,4,5,2,5,2,1,3,4,5,2,5,2,4,5,2,5,4,"Jam i hapur ndaj IA, por privatesia dhe transparenca jane kushtet kryesore."
333,True,Traditionalist,0.896,0.311,Mashkull,46-55,Arsim baze (9-vjecar),I/e vetepunesuar,Bujqesi,Korce,BKT (Banka Kombetare Tregtare),Mbi 5 vjet,Mobile banking (aplikacioni i bankes ne telefon),Disa here ne muaj,3,Jo,3.0,2.5,3.833,3.667,4.0,2,3,3,2,4,5,2,3,2,5,5,4,1,2,3,2,5,4,3,1,5,4,4,3,3,"IA mund te perdoret per pyetje te thjeshta, por jo per vendime financiare te rendesishme."
334,True,Traditionalist,0.84,0.481,Femer,46-55,Arsim i mesem (gjimnaz/profesional),I/e punesuar,Tregti / Sherbime,Zone rurale,Other,1-3 vjet,"Mobile banking (aplikacioni i bankes ne telefon)|Internet banking (permes kompjuterit/browserit)|E-wallet (EasyPay, M-Pay, E-Posta, etj.)",Disa here ne muaj,3,Jo,2.667,2.75,3.5,3.333,3.75,3,3,3,2,3,2,3,2,3,5,2,3,3,3,2,3,5,2,3,3,4,3,4,4,3,Per ceshtje bankare preferoj te flas me nje person dhe jo me sistem automatik.
335,True,Early Adopter,0.865,0.404,Femer,18-25,Bachelor,Student/e,Teknologji / IT,Tirane,Credins Bank,1-3 vjet,"Mobile banking (aplikacioni i bankes ne telefon)|Internet banking (permes kompjuterit/browserit)|Karta debiti/krediti per pagesa online|E-wallet (EasyPay, M-Pay, E-Posta, etj.)",Cdo dite,4,Po,5.0,5.0,3.0,3.0,4.0,5,5,5,4,2,4,5,5,5,4,5,5,5,5,5,5,4,5,5,5,3,4,3,3,3,Do ta provoja nese banka e shpjegon qarte si ruhen te dhenat dhe si kontrollohen vendimet.
336,True,Cautious User,0.908,0.275,Mashkull,46-55,Bachelor,I/e vetepunesuar,Tregti / Sherbime,Qytet tjeter,Raiffeisen Bank,3-5 vjet,"Mobile banking (aplikacioni i bankes ne telefon)|Karta debiti/krediti per pagesa online|E-wallet (EasyPay, M-Pay, E-Posta, etj.)",Disa here ne jave,3,Po,3.667,3.5,3.667,4.0,4.5,2,4,2,3,4,5,4,5,3,5,3,5,4,4,5,3,5,3,5,4,3,5,3,3,4,"Sherbimet me IA mund te ndihmojne, por vendimet e rendesishme duhet te verifikohen nga punonjesit e bankes."
337,True,Traditionalist,0.719,0.843,Mashkull,36-45,Bachelor,I/e punesuar,Shendetesi / Mjekesi,Durres,OTP Bank,Mbi 5 vjet,Nuk perdor asnje sherbim digjital bankar,Rralle ose kurre,3,Jo,3.333,1.75,3.5,3.0,3.25,1,4,2,2,4,4,2,4,3,5,1,3,1,2,4,3,5,1,3,1,4,3,3,2,5,"IA mund te perdoret per pyetje te thjeshta, por jo per vendime financiare te rendesishme."
338,True,Early Adopter,0.633,1.1,Femer,18-25,Bachelor,I/e punesuar,Teknologji / IT,Tirane,Other,1-3 vjet,"Mobile banking (aplikacioni i bankes ne telefon)|Internet banking (permes kompjuterit/browserit)|Karta debiti/krediti per pagesa online|E-wallet (EasyPay, M-Pay, E-Posta, etj.)",Disa here ne jave,5,Po,4.667,4.5,1.833,1.667,2.5,5,5,4,4,2,2,3,5,5,4,5,3,5,4,5,5,4,5,3,5,1,1,1,2,4,"IA mund te rrise shpejtesine e sherbimeve bankare, sidomos per rekomandime dhe zbulim mashtrimesh."
339,True,Early Adopter,0.814,0.558,Mashkull,26-35,Bachelor,I/e punesuar,Teknologji / IT,Zone rurale,Credins Bank,1-3 vjet,"Mobile banking (aplikacioni i bankes ne telefon)|Internet banking (permes kompjuterit/browserit)|E-wallet (EasyPay, M-Pay, E-Posta, etj.)",Disa here ne jave,5,Po,5.0,5.0,2.667,2.667,3.5,5,5,5,5,3,3,5,5,5,4,5,5,5,5,5,5,3,5,5,5,1,2,2,3,5,Do ta provoja nese banka e shpjegon qarte si ruhen te dhenat dhe si kontrollohen vendimet.
340,True,Traditionalist,0.603,1.19,Femer,36-45,Bachelor,I/e punesuar,Arsim,Tirane,Tirana Bank,1-3 vjet,Nuk perdor asnje sherbim digjital bankar,Rralle ose kurre,3,Jo,3.0,3.75,3.5,3.333,2.5,2,3,2,4,5,3,4,4,3,2,4,3,4,4,4,3,2,4,3,4,3,3,4,2,4,"IA mund te perdoret per pyetje te thjeshta, por jo per vendime financiare te rendesishme."
341,True,Cautious User,0.706,0.883,Mashkull,46-55,Arsim i mesem (gjimnaz/profesional),I/e punesuar,Tregti / Sherbime,Tirane,Raiffeisen Bank,Mbi 5 vjet,Mobile banking (aplikacioni i bankes ne telefon)|Internet banking (permes kompjuterit/browserit),Nje here ne jave,3,Nuk jam i/e sigurt,5.0,3.75,3.833,4.0,3.75,3,5,5,4,5,3,3,5,4,4,5,4,3,4,5,4,4,5,4,3,2,4,5,3,4,"Sherbimet me IA mund te ndihmojne, por vendimet e rendesishme duhet te verifikohen nga punonjesit e bankes."
342,True,Cautious User,0.959,0.123,Femer,18-25,Arsim i mesem (gjimnaz/profesional),I/e punesuar,Tregti / Sherbime,Shkoder,BKT (Banka Kombetare Tregtare),1-3 vjet,Internet banking (permes kompjuterit/browserit),Nje here ne jave,3,Nuk jam i/e sigurt,3.667,3.5,4.333,4.667,4.75,5,3,4,4,5,4,4,4,4,5,2,5,4,4,4,4,5,2,5,4,3,5,5,4,4,"Sherbimet me IA mund te ndihmojne, por vendimet e rendesishme duhet te verifikohen nga punonjesit e bankes."
343,True,Cautious User,0.658,1.026,Femer,36-45,Arsim i mesem (gjimnaz/profesional),I/e punesuar,Tregti / Sherbime,Elbasan,Raiffeisen Bank,3-5 vjet,"Mobile banking (aplikacioni i bankes ne telefon)|E-wallet (EasyPay, M-Pay, E-Posta, etj.)",Nje here ne jave,4,Nuk jam i/e sigurt,4.333,5.0,3.333,3.667,4.0,2,5,3,5,4,4,5,5,5,4,5,5,5,5,5,5,4,5,5,5,2,5,5,2,2,"Jam i hapur ndaj IA, por privatesia dhe transparenca jane kushtet kryesore."
344,True,Cautious User,0.725,0.826,Femer,55+,Arsim i mesem (gjimnaz/profesional),I/e punesuar,Bujqesi,Vlore,BKT (Banka Kombetare Tregtare),3-5 vjet,Mobile banking (aplikacioni i bankes ne telefon),Nje here ne jave,4,Jo,5.0,4.25,4.167,4.333,4.25,3,5,5,5,5,5,4,5,5,4,3,5,5,4,5,5,3,3,5,5,2,5,5,3,5,"Jam i hapur ndaj IA, por privatesia dhe transparenca jane kushtet kryesore."
345,True,Cautious User,0.767,0.7,Femer,26-35,Arsim i mesem (gjimnaz/profesional),I/e vetepunesuar,Tregti / Sherbime,Elbasan,Other,1-3 vjet,"Mobile banking (aplikacioni i bankes ne telefon)|Internet banking (permes kompjuterit/browserit)|Karta debiti/krediti per pagesa online|E-wallet (EasyPay, M-Pay, E-Posta, etj.)",Nje here ne jave,3,Jo,4.0,4.75,4.667,4.667,4.75,4,4,4,5,4,5,5,4,4,5,5,4,5,5,4,4,5,5,3,5,5,5,4,5,5,"Jam i hapur ndaj IA, por privatesia dhe transparenca jane kushtet kryesore."
346,True,Early Adopter,0.913,0.26,Mashkull,18-25,Bachelor,I/e punesuar,Teknologji / IT,Tirane,BKT (Banka Kombetare Tregtare),Me pak se 1 vit,"Mobile banking (aplikacioni i bankes ne telefon)|Internet banking (permes kompjuterit/browserit)|Karta debiti/krediti per pagesa online|E-wallet (EasyPay, M-Pay, E-Posta, etj.)",Disa here ne jave,4,Jo,4.667,4.0,2.5,3.333,4.25,4,5,4,5,3,2,3,5,4,5,4,5,5,3,5,5,5,4,5,5,2,4,1,3,2,Do ta provoja nese banka e shpjegon qarte si ruhen te dhenat dhe si kontrollohen vendimet.
347,True,Cautious User,0.871,0.387,Femer,36-45,Arsim baze (9-vjecar),I/e papune,Tregti / Sherbime,Qytet tjeter,Raiffeisen Bank,3-5 vjet,"Mobile banking (aplikacioni i bankes ne telefon)|E-wallet (EasyPay, M-Pay, E-Posta, etj.)",Nje here ne jave,2,Nuk jam i/e sigurt,3.333,3.0,4.333,5.0,4.75,1,3,4,3,5,5,2,3,3,4,4,5,3,1,3,3,4,4,5,3,2,5,5,5,4,"Sherbimet me IA mund te ndihmojne, por vendimet e rendesishme duhet te verifikohen nga punonjesit e bankes."
348,True,Traditionalist,0.721,0.837,Mashkull,36-45,Arsim baze (9-vjecar),I/e punesuar,Ndertim / Inxhinieri,Tirane,Raiffeisen Bank,Me pak se 1 vit,Nuk perdor asnje sherbim digjital bankar,Rralle ose kurre,3,Nuk jam i/e sigurt,3.0,3.5,4.667,5.0,4.75,2,4,3,2,5,4,3,2,4,5,5,4,2,3,2,3,5,5,4,2,4,5,5,5,4,"IA mund te perdoret per pyetje te thjeshta, por jo per vendime financiare te rendesishme."
349,True,Traditionalist,0.86,0.42,Femer,36-45,Bachelor,I/e papune,Shendetesi / Mjekesi,Elbasan,Intesa Sanpaolo Bank,Mbi 5 vjet,Internet banking (permes kompjuterit/browserit),Disa here ne muaj,5,Jo,2.0,1.75,3.833,4.0,4.0,1,2,1,3,4,5,1,3,1,5,3,3,2,1,3,1,5,3,3,2,2,4,4,4,5,"IA mund te perdoret per pyetje te thjeshta, por jo per vendime financiare te rendesishme."
350,True,Traditionalist,0.894,0.318,Mashkull,46-55,Arsim baze (9-vjecar),I/e punesuar,Administrate publike,Tirane,Intesa Sanpaolo Bank,Mbi 5 vjet,Nuk perdor asnje sherbim digjital bankar,Rralle ose kurre,2,Po,3.0,2.5,4.333,4.0,3.75,3,2,4,3,4,4,2,3,3,3,2,4,3,2,3,3,3,2,4,3,4,5,5,3,5,Per ceshtje bankare preferoj te flas me nje person dhe jo me sistem automatik.
351,True,Cautious User,0.818,0.546,Femer,18-25,Bachelor,I/e punesuar,Shendetesi / Mjekesi,Korce,BKT (Banka Kombetare Tregtare),1-3 vjet,Mobile banking (aplikacioni i bankes ne telefon)|Internet banking (permes kompjuterit/browserit),Disa here ne jave,3,Po,2.667,3.25,4.333,4.333,4.5,4,1,3,2,5,5,2,4,3,5,4,5,4,2,4,3,5,4,5,4,4,3,4,5,5,"Sherbimet me IA mund te ndihmojne, por vendimet e rendesishme duhet te verifikohen nga punonjesit e bankes."
352,True,Traditionalist,0.725,0.824,Femer,46-55,Arsim i mesem (gjimnaz/profesional),I/e papune,Bujqesi,Tirane,Other,1-3 vjet,Mobile banking (aplikacioni i bankes ne telefon)|Internet banking (permes kompjuterit/browserit),Nje here ne jave,2,Jo,1.333,2.0,4.667,4.667,5.0,1,1,1,1,4,4,3,2,2,5,2,5,1,3,2,2,5,2,5,1,4,5,5,5,5,"IA mund te perdoret per pyetje te thjeshta, por jo per vendime financiare te rendesishme."
353,True,Early Adopter,0.811,0.567,Mashkull,26-35,Bachelor,I/e punesuar,Teknologji / IT,Tirane,OTP Bank,Mbi 5 vjet,Mobile banking (aplikacioni i bankes ne telefon)|Internet banking (permes kompjuterit/browserit)|Karta debiti/krediti per pagesa online,Cdo dite,5,Nuk jam i/e sigurt,3.667,4.25,3.0,3.333,3.5,5,4,4,5,4,2,3,3,5,4,5,4,4,3,3,4,4,4,4,4,3,3,2,3,3,Do ta provoja nese banka e shpjegon qarte si ruhen te dhenat dhe si kontrollohen vendimet.
354,True,Cautious User,0.794,0.618,Mashkull,36-45,Arsim i mesem (gjimnaz/profesional),I/e punesuar,Bujqesi,Shkoder,Credins Bank,3-5 vjet,Mobile banking (aplikacioni i bankes ne telefon),Disa here ne jave,3,Po,4.333,2.5,3.833,4.333,4.25,3,5,3,3,5,5,1,5,3,5,2,4,4,1,5,3,4,2,4,4,3,4,2,4,5,"Jam i hapur ndaj IA, por privatesia dhe transparenca jane kushtet kryesore."
355,True,Cautious User,0.694,0.917,Mashkull,46-55,Arsim baze (9-vjecar),I/e punesuar,Bujqesi,Tirane,Other,3-5 vjet,"Mobile banking (aplikacioni i bankes ne telefon)|Internet banking (permes kompjuterit/browserit)|E-wallet (EasyPay, M-Pay, E-Posta, etj.)",Disa here ne jave,4,Nuk jam i/e sigurt,4.667,4.75,4.5,5.0,4.25,4,5,4,4,5,3,5,5,5,4,4,3,5,5,5,5,4,4,2,5,3,5,4,5,5,"Sherbimet me IA mund te ndihmojne, por vendimet e rendesishme duhet te verifikohen nga punonjesit e bankes."
356,True,Traditionalist,0.826,0.522,Mashkull,55+,Arsim baze (9-vjecar),I/e vetepunesuar,Tregti / Sherbime,Qytet tjeter,OTP Bank,3-5 vjet,Nuk perdor asnje sherbim digjital bankar,Rralle ose kurre,3,Jo,2.333,1.75,4.0,3.333,3.75,3,3,1,2,3,3,1,3,3,4,2,4,1,1,2,3,4,2,4,1,5,4,5,3,4,"IA mund te perdoret per pyetje te thjeshta, por jo per vendime financiare te rendesishme."
357,True,Early Adopter,0.761,0.716,Femer,26-35,Master,I/e punesuar,Arsim,Tirane,BKT (Banka Kombetare Tregtare),Mbi 5 vjet,"Mobile banking (aplikacioni i bankes ne telefon)|Internet banking (permes kompjuterit/browserit)|Karta debiti/krediti per pagesa online|E-wallet (EasyPay, M-Pay, E-Posta, etj.)",Cdo dite,5,Po,5.0,5.0,3.0,3.0,3.0,4,5,5,5,2,2,5,5,5,2,5,3,5,5,5,5,2,5,3,5,3,4,3,3,3,"IA mund te rrise shpejtesine e sherbimeve bankare, sidomos per rekomandime dhe zbulim mashtrimesh."
358,True,Cautious User,0.645,1.066,Mashkull,18-25,Arsim i mesem (gjimnaz/profesional),I/e punesuar,Tregti / Sherbime,Tirane,Credins Bank,1-3 vjet,"Mobile banking (aplikacioni i bankes ne telefon)|Karta debiti/krediti per pagesa online|E-wallet (EasyPay, M-Pay, E-Posta, etj.)",Nje here ne jave,2,Po,1.667,4.0,4.0,4.667,4.75,3,2,1,3,5,5,4,2,5,5,5,5,2,4,2,5,5,5,5,2,3,5,2,4,5,"Jam i hapur ndaj IA, por privatesia dhe transparenca jane kushtet kryesore."
359,True,Cautious User,0.893,0.32,Femer,36-45,Arsim baze (9-vjecar),I/e papune,Tregti / Sherbime,Qytet tjeter,Raiffeisen Bank,1-3 vjet,Internet banking (permes kompjuterit/browserit)|Karta debiti/krediti per pagesa online,Disa here ne jave,3,Po,3.667,4.0,4.333,4.667,4.75,4,3,3,4,4,5,5,5,4,4,3,5,4,5,5,4,4,3,4,4,3,5,4,5,5,"Sherbimet me IA mund te ndihmojne, por vendimet e rendesishme duhet te verifikohen nga punonjesit e bankes."
360,True,Cautious User,0.798,0.606,Preferoj te mos pergjigjem,36-45,Bachelor,I/e punesuar,Bujqesi,Zone rurale,Raiffeisen Bank,1-3 vjet,Mobile banking (aplikacioni i bankes ne telefon)|Karta debiti/krediti per pagesa online,Nje here ne jave,3,Jo,2.667,3.5,5.0,5.0,4.5,3,3,3,4,5,5,3,2,3,3,4,5,4,3,2,3,3,4,5,4,5,5,5,5,5,"Sherbimet me IA mund te ndihmojne, por vendimet e rendesishme duhet te verifikohen nga punonjesit e bankes."
361,True,Cautious User,0.803,0.592,Femer,46-55,Arsim i mesem (gjimnaz/profesional),I/e punesuar,Bujqesi,Korce,Raiffeisen Bank,3-5 vjet,"Mobile banking (aplikacioni i bankes ne telefon)|E-wallet (EasyPay, M-Pay, E-Posta, etj.)",Nje here ne jave,3,Jo,4.667,3.75,4.167,5.0,5.0,2,5,4,4,5,5,3,5,5,5,4,5,3,3,5,5,5,4,5,3,2,5,3,5,5,"Jam i hapur ndaj IA, por privatesia dhe transparenca jane kushtet kryesore."
362,True,Traditionalist,0.81,0.569,Mashkull,46-55,Bachelor,I/e punesuar,Bujqesi,Qytet tjeter,BKT (Banka Kombetare Tregtare),1-3 vjet,Internet banking (permes kompjuterit/browserit)|Karta debiti/krediti per pagesa online,Nje here ne jave,3,Jo,3.333,2.5,3.167,3.333,3.75,1,2,4,2,4,2,3,4,2,4,4,5,1,3,4,2,3,4,5,1,2,3,4,3,3,"IA mund te perdoret per pyetje te thjeshta, por jo per vendime financiare te rendesishme."
363,True,Professional / Expert,0.735,0.794,Femer,26-35,Master,I/e punesuar,Teknologji / IT,Tirane,Raiffeisen Bank,Mbi 5 vjet,Mobile banking (aplikacioni i bankes ne telefon)|Karta debiti/krediti per pagesa online,Cdo dite,4,Jo,4.667,3.0,4.5,5.0,5.0,5,4,5,3,5,5,2,5,5,5,3,5,2,2,4,5,5,3,5,1,4,5,5,5,3,"IA duhet te zbatohet gradualisht, me auditim, transparence dhe pergjegjesi te qarte institucionale."
364,True,Traditionalist,0.705,0.885,Mashkull,46-55,Arsim i mesem (gjimnaz/profesional),I/e vetepunesuar,Administrate publike,Shkoder,Raiffeisen Bank,Me pak se 1 vit,Nuk perdor asnje sherbim digjital bankar,Rralle ose kurre,4,Nuk jam i/e sigurt,4.333,2.0,3.667,4.0,4.0,2,4,4,1,4,5,2,5,1,3,1,5,4,2,5,1,3,1,5,4,4,3,4,5,2,"IA mund te perdoret per pyetje te thjeshta, por jo per vendime financiare te rendesishme."
365,True,Professional / Expert,0.636,1.093,Femer,26-35,Master,I/e punesuar,Teknologji / IT,Qytet tjeter,BKT (Banka Kombetare Tregtare),1-3 vjet,Mobile banking (aplikacioni i bankes ne telefon)|Internet banking (permes kompjuterit/browserit),Disa here ne jave,4,Jo,2.667,3.0,4.167,4.667,4.75,5,2,3,4,5,4,2,3,4,5,4,5,2,2,4,4,5,4,5,3,2,5,5,4,4,"Potenciali eshte i madh, por bankat duhet te forcojne qeverisjen e te dhenave dhe kontrollin rregullator."
366,True,Traditionalist,0.786,0.641,Femer,26-35,Bachelor,I/e punesuar,Ndertim / Inxhinieri,Elbasan,BKT (Banka Kombetare Tregtare),Me pak se 1 vit,Nuk perdor asnje sherbim digjital bankar,Rralle ose kurre,1,Jo,1.667,1.75,4.5,4.667,4.5,1,1,2,3,5,4,2,2,2,5,2,4,1,2,2,2,5,2,4,1,3,5,5,4,5,Per ceshtje bankare preferoj te flas me nje person dhe jo me sistem automatik.
367,True,Early Adopter,0.596,1.212,Femer,26-35,Bachelor,I/e punesuar,Arsim,Korce,Raiffeisen Bank,1-3 vjet,Mobile banking (aplikacioni i bankes ne telefon)|Internet banking (permes kompjuterit/browserit)|Karta debiti/krediti per pagesa online,Disa here ne jave,5,Jo,4.333,4.5,1.333,1.333,2.5,4,5,4,5,1,2,5,4,5,4,3,3,5,5,4,5,4,4,3,5,1,1,1,2,2,Do ta provoja nese banka e shpjegon qarte si ruhen te dhenat dhe si kontrollohen vendimet.
368,True,Cautious User,0.548,1.356,Mashkull,46-55,Arsim baze (9-vjecar),I/e punesuar,Tregti / Sherbime,Durres,BKT (Banka Kombetare Tregtare),3-5 vjet,Mobile banking (aplikacioni i bankes ne telefon)|Karta debiti/krediti per pagesa online,Cdo dite,3,Po,4.0,1.5,2.833,3.333,3.25,3,4,4,2,4,5,1,4,2,4,1,3,2,1,4,2,4,1,3,2,1,3,3,3,3,"Sherbimet me IA mund te ndihmojne, por vendimet e rendesishme duhet te verifikohen nga punonjesit e bankes."
369,True,Cautious User,0.662,1.014,Mashkull,36-45,Bachelor,I/e papune,Bujqesi,Tirane,BKT (Banka Kombetare Tregtare),Mbi 5 vjet,Mobile banking (aplikacioni i bankes ne telefon)|Karta debiti/krediti per pagesa online,Disa here ne muaj,3,Po,3.667,1.5,3.333,4.0,4.25,1,4,4,2,4,5,2,3,2,4,1,5,1,2,3,2,4,1,5,1,2,5,3,3,3,"Sherbimet me IA mund te ndihmojne, por vendimet e rendesishme duhet te verifikohen nga punonjesit e bankes."
370,True,Cautious User,0.841,0.478,Femer,55+,Arsim i mesem (gjimnaz/profesional),I/e punesuar,Bujqesi,Durres,OTP Bank,1-3 vjet,"Internet banking (permes kompjuterit/browserit)|Karta debiti/krediti per pagesa online|E-wallet (EasyPay, M-Pay, E-Posta, etj.)",Nje here ne jave,4,Po,4.333,3.75,5.0,5.0,4.5,2,4,4,4,5,5,2,5,4,4,4,4,5,2,5,4,4,4,4,5,5,5,5,5,5,"Sherbimet me IA mund te ndihmojne, por vendimet e rendesishme duhet te verifikohen nga punonjesit e bankes."
371,True,Professional / Expert,0.772,0.685,Femer,26-35,Master,I/e punesuar,Finance / Banke / Sigurime,Qytet tjeter,Raiffeisen Bank,1-3 vjet,"Mobile banking (aplikacioni i bankes ne telefon)|Internet banking (permes kompjuterit/browserit)|E-wallet (EasyPay, M-Pay, E-Posta, etj.)",Disa here ne jave,3,Po,3.667,4.0,3.0,3.667,3.75,5,4,4,4,3,4,5,3,2,4,5,3,4,5,3,3,4,5,3,4,1,4,4,4,2,"Potenciali eshte i madh, por bankat duhet te forcojne qeverisjen e te dhenave dhe kontrollin rregullator."
372,True,Cautious User,0.73,0.811,Mashkull,46-55,Master,I/e punesuar,Ndertim / Inxhinieri,Elbasan,Raiffeisen Bank,1-3 vjet,"Mobile banking (aplikacioni i bankes ne telefon)|E-wallet (EasyPay, M-Pay, E-Posta, etj.)",Nje here ne jave,3,Po,3.0,2.75,2.833,3.667,3.75,3,4,2,2,4,3,2,3,2,4,4,4,3,2,3,3,4,4,3,3,1,5,3,2,2,"Jam i hapur ndaj IA, por privatesia dhe transparenca jane kushtet kryesore."
373,True,Cautious User,0.737,0.79,Femer,18-25,Arsim i mesem (gjimnaz/profesional),Student/e,Finance / Banke / Sigurime,Tirane,Raiffeisen Bank,Me pak se 1 vit,Mobile banking (aplikacioni i bankes ne telefon)|Internet banking (permes kompjuterit/browserit),Disa here ne jave,2,Po,4.333,2.0,4.167,4.667,4.5,3,5,5,3,5,5,3,3,2,4,1,5,2,3,4,2,4,2,5,2,3,5,4,4,4,"Sherbimet me IA mund te ndihmojne, por vendimet e rendesishme duhet te verifikohen nga punonjesit e bankes."
374,True,Cautious User,0.621,1.136,Femer,18-25,Arsim i mesem (gjimnaz/profesional),I/e punesuar,Tregti / Sherbime,Shkoder,Raiffeisen Bank,Me pak se 1 vit,Mobile banking (aplikacioni i bankes ne telefon)|Internet banking (permes kompjuterit/browserit)|Karta debiti/krediti per pagesa online,Disa here ne jave,3,Jo,1.667,4.25,4.167,5.0,4.75,3,1,2,5,5,5,5,2,5,5,3,4,4,5,1,4,5,3,4,4,4,5,3,5,3,"Sherbimet me IA mund te ndihmojne, por vendimet e rendesishme duhet te verifikohen nga punonjesit e bankes."
375,True,Traditionalist,0.712,0.865,Femer,46-55,Arsim i mesem (gjimnaz/profesional),I/e punesuar,Bujqesi,Qytet tjeter,OTP Bank,Me pak se 1 vit,Karta debiti/krediti per pagesa online,Disa here ne muaj,3,Jo,1.333,1.25,4.333,4.333,3.75,2,1,1,1,5,4,1,2,1,3,2,4,1,1,2,1,3,2,4,1,4,4,5,4,4,Per ceshtje bankare preferoj te flas me nje person dhe jo me sistem automatik.
376,True,Traditionalist,0.813,0.56,Preferoj te mos pergjigjem,26-35,Bachelor,I/e papune,Tregti / Sherbime,Zone rurale,OTP Bank,1-3 vjet,Nuk perdor asnje sherbim digjital bankar,Rralle ose kurre,4,Po,2.333,1.25,4.167,4.333,4.25,5,3,2,1,3,5,1,2,1,5,1,2,2,1,3,1,5,1,2,2,3,5,5,5,4,Per ceshtje bankare preferoj te flas me nje person dhe jo me sistem automatik.
377,True,Cautious User,0.866,0.401,Mashkull,18-25,Bachelor,I/e papune,Tregti / Sherbime,Durres,Raiffeisen Bank,3-5 vjet,Mobile banking (aplikacioni i bankes ne telefon)|Internet banking (permes kompjuterit/browserit)|Karta debiti/krediti per pagesa online,Cdo dite,4,Po,3.333,3.0,4.333,4.667,4.25,3,3,3,2,5,4,4,4,2,3,3,5,3,4,4,2,3,3,4,2,2,4,5,5,5,"Sherbimet me IA mund te ndihmojne, por vendimet e rendesishme duhet te verifikohen nga punonjesit e bankes."
378,True,Traditionalist,0.832,0.504,Mashkull,26-35,Arsim i mesem (gjimnaz/profesional),I/e punesuar,Administrate publike,Qytet tjeter,BKT (Banka Kombetare Tregtare),3-5 vjet,Nuk perdor asnje sherbim digjital bankar,Rralle ose kurre,2,Jo,3.0,1.75,3.333,3.333,4.0,2,2,2,2,4,4,3,5,1,5,2,5,1,4,5,1,5,2,5,1,3,3,4,3,3,Per ceshtje bankare preferoj te flas me nje person dhe jo me sistem automatik.
379,True,Cautious User,0.581,1.256,Femer,18-25,Bachelor,I/e punesuar,Finance / Banke / Sigurime,Durres,Intesa Sanpaolo Bank,3-5 vjet,Mobile banking (aplikacioni i bankes ne telefon)|Internet banking (permes kompjuterit/browserit)|Karta debiti/krediti per pagesa online,Cdo dite,4,Nuk jam i/e sigurt,3.667,4.25,2.333,2.667,3.25,4,4,2,5,3,4,5,5,4,4,3,4,5,4,5,4,4,4,4,5,2,4,1,1,3,"Jam i hapur ndaj IA, por privatesia dhe transparenca jane kushtet kryesore."
380,True,Traditionalist,0.635,1.095,Femer,18-25,Master,I/e punesuar,Arsim,Durres,BKT (Banka Kombetare Tregtare),3-5 vjet,Internet banking (permes kompjuterit/browserit),Rralle ose kurre,2,Nuk jam i/e sigurt,1.0,1.5,3.333,3.0,3.5,1,1,1,1,3,4,1,1,3,3,1,5,1,1,1,3,3,1,5,1,3,3,5,3,3,"IA mund te perdoret per pyetje te thjeshta, por jo per vendime financiare te rendesishme."
381,True,Cautious User,0.846,0.462,Mashkull,18-25,Bachelor,I/e papune,Shendetesi / Mjekesi,Korce,BKT (Banka Kombetare Tregtare),1-3 vjet,Mobile banking (aplikacioni i bankes ne telefon)|Internet banking (permes kompjuterit/browserit)|Karta debiti/krediti per pagesa online,Disa here ne jave,3,Po,4.0,2.75,4.667,5.0,5.0,2,5,3,1,5,3,3,4,4,5,1,5,3,3,5,4,5,1,5,3,3,5,5,5,5,"Sherbimet me IA mund te ndihmojne, por vendimet e rendesishme duhet te verifikohen nga punonjesit e bankes."
382,True,Cautious User,0.794,0.618,Femer,26-35,Arsim i mesem (gjimnaz/profesional),I/e papune,Administrate publike,Tirane,Other,Mbi 5 vjet,Mobile banking (aplikacioni i bankes ne telefon)|Internet banking (permes kompjuterit/browserit)|Karta debiti/krediti per pagesa online,Disa here ne muaj,3,Jo,4.333,2.5,3.833,4.333,4.25,4,5,4,1,4,5,2,4,3,3,3,5,2,2,5,3,3,3,5,2,3,4,2,5,5,"Jam i hapur ndaj IA, por privatesia dhe transparenca jane kushtet kryesore."
383,True,Cautious User,0.568,1.296,Femer,26-35,Bachelor,I/e punesuar,Administrate publike,Qytet tjeter,Raiffeisen Bank,Mbi 5 vjet,"Mobile banking (aplikacioni i bankes ne telefon)|Internet banking (permes kompjuterit/browserit)|E-wallet (EasyPay, M-Pay, E-Posta, etj.)",Nje here ne jave,3,Po,1.333,2.5,4.5,5.0,4.75,3,1,2,4,5,3,3,1,3,4,2,5,2,3,1,4,5,2,5,2,2,5,5,5,5,"Sherbimet me IA mund te ndihmojne, por vendimet e rendesishme duhet te verifikohen nga punonjesit e bankes."
384,True,Cautious User,0.745,0.764,Femer,18-25,Bachelor,Student/e,Tregti / Sherbime,Tirane,Intesa Sanpaolo Bank,3-5 vjet,Mobile banking (aplikacioni i bankes ne telefon),Disa here ne jave,4,Po,2.333,3.75,4.5,5.0,5.0,4,2,2,4,5,4,3,3,4,5,5,5,3,3,3,4,5,5,4,3,3,5,5,5,4,"Sherbimet me IA mund te ndihmojne, por vendimet e rendesishme duhet te verifikohen nga punonjesit e bankes."
385,True,Cautious User,0.534,1.398,Femer,36-45,Arsim i mesem (gjimnaz/profesional),I/e vetepunesuar,Tregti / Sherbime,Tirane,Raiffeisen Bank,3-5 vjet,"Internet banking (permes kompjuterit/browserit)|Karta debiti/krediti per pagesa online|E-wallet (EasyPay, M-Pay, E-Posta, etj.)",Nje here ne jave,3,Jo,2.0,1.25,4.5,5.0,4.75,3,1,2,2,5,5,1,3,1,5,1,4,2,1,3,1,5,2,4,2,3,5,4,5,5,"Jam i hapur ndaj IA, por privatesia dhe transparenca jane kushtet kryesore."
386,True,Traditionalist,0.792,0.624,Mashkull,26-35,Arsim i mesem (gjimnaz/profesional),I/e punesuar,Administrate publike,Durres,BKT (Banka Kombetare Tregtare),Mbi 5 vjet,Karta debiti/krediti per pagesa online,Disa here ne muaj,4,Jo,3.333,1.75,3.5,3.333,3.75,4,3,4,2,3,2,2,3,2,5,1,3,2,2,4,2,5,1,3,2,3,4,4,3,4,"IA mund te perdoret per pyetje te thjeshta, por jo per vendime financiare te rendesishme."
387,True,Cautious User,0.845,0.464,Mashkull,36-45,Arsim i mesem (gjimnaz/profesional),I/e punesuar,Tregti / Sherbime,Tirane,BKT (Banka Kombetare Tregtare),3-5 vjet,Mobile banking (aplikacioni i bankes ne telefon)|Internet banking (permes kompjuterit/browserit),Nje here ne jave,3,Po,4.0,4.25,4.667,4.667,4.75,4,4,4,5,5,5,4,4,4,5,5,5,4,4,3,4,5,5,5,4,5,5,5,4,4,"Sherbimet me IA mund te ndihmojne, por vendimet e rendesishme duhet te verifikohen nga punonjesit e bankes."
388,True,Early Adopter,0.842,0.473,Femer,26-35,Master,I/e punesuar,Tregti / Sherbime,Qytet tjeter,Credins Bank,1-3 vjet,"Mobile banking (aplikacioni i bankes ne telefon)|Karta debiti/krediti per pagesa online|E-wallet (EasyPay, M-Pay, E-Posta, etj.)",Cdo dite,4,Po,3.667,4.0,3.167,3.0,4.0,4,4,3,5,3,3,4,4,4,5,4,5,4,4,4,4,5,4,5,4,2,3,5,3,3,"IA mund te rrise shpejtesine e sherbimeve bankare, sidomos per rekomandime dhe zbulim mashtrimesh."
389,True,Cautious User,0.756,0.731,Mashkull,26-35,Master,I/e punesuar,Finance / Banke / Sigurime,Elbasan,Credins Bank,3-5 vjet,"Mobile banking (aplikacioni i bankes ne telefon)|Internet banking (permes kompjuterit/browserit)|E-wallet (EasyPay, M-Pay, E-Posta, etj.)",Cdo dite,4,Po,4.667,4.0,4.0,4.0,4.0,5,5,5,4,5,4,3,4,5,4,5,5,3,3,5,5,3,4,5,3,5,3,4,4,3,"Sherbimet me IA mund te ndihmojne, por vendimet e rendesishme duhet te verifikohen nga punonjesit e bankes."
390,True,Cautious User,0.555,1.336,Mashkull,55+,Arsim i mesem (gjimnaz/profesional),I/e papune,Tregti / Sherbime,Durres,Raiffeisen Bank,Mbi 5 vjet,Mobile banking (aplikacioni i bankes ne telefon),Disa here ne jave,4,Nuk jam i/e sigurt,3.667,4.25,2.667,2.667,3.0,2,3,4,3,4,5,4,4,4,4,4,4,5,4,3,4,3,4,4,5,3,3,1,1,4,"Sherbimet me IA mund te ndihmojne, por vendimet e rendesishme duhet te verifikohen nga punonjesit e bankes."
391,True,Traditionalist,0.822,0.535,Femer,26-35,Bachelor,I/e punesuar,Tregti / Sherbime,Tirane,Intesa Sanpaolo Bank,Mbi 5 vjet,Nuk perdor asnje sherbim digjital bankar,Rralle ose kurre,3,Jo,3.667,2.25,4.0,4.0,4.25,1,3,4,3,4,3,3,4,2,5,2,4,2,3,4,2,5,2,4,3,4,4,4,4,4,"IA mund te perdoret per pyetje te thjeshta, por jo per vendime financiare te rendesishme."
392,True,Traditionalist,0.876,0.373,Femer,36-45,Arsim baze (9-vjecar),I/e punesuar,Ndertim / Inxhinieri,Tirane,Intesa Sanpaolo Bank,Mbi 5 vjet,Nuk perdor asnje sherbim digjital bankar,Rralle ose kurre,3,Nuk jam i/e sigurt,2.333,2.75,4.333,4.333,3.75,1,2,2,2,5,5,2,3,2,4,4,3,3,2,2,2,4,4,3,3,3,4,5,4,5,Per ceshtje bankare preferoj te flas me nje person dhe jo me sistem automatik.
393,True,Professional / Expert,0.761,0.716,Mashkull,46-55,Master,I/e punesuar,Finance / Banke / Sigurime,Elbasan,Other,3-5 vjet,"Mobile banking (aplikacioni i bankes ne telefon)|Internet banking (permes kompjuterit/browserit)|Karta debiti/krediti per pagesa online|E-wallet (EasyPay, M-Pay, E-Posta, etj.)",Disa here ne jave,4,Po,4.667,4.0,3.0,3.667,3.5,5,4,5,5,4,4,4,5,4,5,4,2,4,4,5,3,5,4,1,4,1,4,2,3,4,"IA duhet te zbatohet gradualisht, me auditim, transparence dhe pergjegjesi te qarte institucionale."
394,True,Early Adopter,0.823,0.532,Mashkull,18-25,Bachelor,I/e papune,Arsim,Durres,Raiffeisen Bank,Me pak se 1 vit,"Mobile banking (aplikacioni i bankes ne telefon)|Internet banking (permes kompjuterit/browserit)|Karta debiti/krediti per pagesa online|E-wallet (EasyPay, M-Pay, E-Posta, etj.)",Nje here ne jave,4,Po,4.333,4.75,2.833,3.333,3.25,5,5,4,3,4,2,4,4,5,3,5,4,5,4,4,5,3,5,4,5,1,3,4,3,2,Do ta provoja nese banka e shpjegon qarte si ruhen te dhenat dhe si kontrollohen vendimet.
395,True,Professional / Expert,0.862,0.414,Femer,36-45,Doktorature,I/e punesuar,Teknologji / IT,Zone rurale,Intesa Sanpaolo Bank,3-5 vjet,Mobile banking (aplikacioni i bankes ne telefon)|Internet banking (permes kompjuterit/browserit)|Karta debiti/krediti per pagesa online,Nje here ne jave,3,Jo,4.0,3.75,3.5,4.0,4.25,4,5,4,4,4,5,3,3,4,5,4,4,4,3,3,4,5,4,3,4,2,4,3,4,4,"Potenciali eshte i madh, por bankat duhet te forcojne qeverisjen e te dhenave dhe kontrollin rregullator."
396,True,Early Adopter,0.732,0.804,Femer,18-25,Arsim i mesem (gjimnaz/profesional),Student/e,Ndertim / Inxhinieri,Vlore,Other,3-5 vjet,Mobile banking (aplikacioni i bankes ne telefon)|Internet banking (permes kompjuterit/browserit),Cdo dite,5,Nuk jam i/e sigurt,3.667,3.25,3.333,3.333,3.5,5,2,4,4,3,2,4,5,3,4,3,3,3,4,5,4,4,3,3,3,2,4,4,3,4,"IA mund te rrise shpejtesine e sherbimeve bankare, sidomos per rekomandime dhe zbulim mashtrimesh."
397,True,Professional / Expert,0.603,1.19,Femer,26-35,Bachelor,I/e punesuar,Teknologji / IT,Tirane,Raiffeisen Bank,3-5 vjet,Mobile banking (aplikacioni i bankes ne telefon)|Karta debiti/krediti per pagesa online,Disa here ne jave,5,Jo,4.0,1.75,3.5,3.667,4.25,4,4,4,3,3,5,3,4,1,4,2,5,1,3,4,1,4,2,5,1,2,5,4,3,4,"IA duhet te zbatohet gradualisht, me auditim, transparence dhe pergjegjesi te qarte institucionale."
398,True,Cautious User,0.629,1.112,Femer,26-35,Arsim i mesem (gjimnaz/profesional),I/e punesuar,Administrate publike,Tirane,Raiffeisen Bank,1-3 vjet,"Internet banking (permes kompjuterit/browserit)|Karta debiti/krediti per pagesa online|E-wallet (EasyPay, M-Pay, E-Posta, etj.)",Nje here ne jave,5,Jo,4.0,4.5,3.0,3.333,3.25,3,5,2,4,5,5,4,5,5,4,4,4,5,4,5,5,4,4,4,5,2,3,4,2,2,"Jam i hapur ndaj IA, por privatesia dhe transparenca jane kushtet kryesore."
399,True,Cautious User,0.631,1.108,Mashkull,55+,Arsim baze (9-vjecar),I/e dale ne pension,Administrate publike,Durres,BKT (Banka Kombetare Tregtare),1-3 vjet,Mobile banking (aplikacioni i bankes ne telefon)|Internet banking (permes kompjuterit/browserit)|Karta debiti/krediti per pagesa online,Disa here ne jave,3,Po,1.667,3.75,4.167,4.333,4.0,1,1,2,3,5,4,3,2,4,4,3,4,5,3,2,4,4,3,4,5,3,4,4,4,5,"Jam i hapur ndaj IA, por privatesia dhe transparenca jane kushtet kryesore."
400,True,Cautious User,0.74,0.781,Femer,46-55,Arsim baze (9-vjecar),I/e papune,Administrate publike,Shkoder,Credins Bank,3-5 vjet,Mobile banking (aplikacioni i bankes ne telefon)|Karta debiti/krediti per pagesa online,Nje here ne jave,3,Jo,2.667,2.25,4.667,4.667,4.75,3,3,4,1,5,5,2,1,2,5,4,5,1,2,1,2,5,4,5,1,4,5,5,4,5,"Sherbimet me IA mund te ndihmojne, por vendimet e rendesishme duhet te verifikohen nga punonjesit e bankes."
