Id,Start time,Completion time,Email,Name,"Duke klikuar me poshte, konfirmoj qe kam lexuar informacionin me siper dhe jap pelqimin tim per pjesemarrje ne kete studim.
",Gjinia juaj,Mosha juaj,Niveli me i larte i arsimit qe keni perfunduar,Statusi juaj aktual i punesimit,Ne cfare fushe punoni apo keni studiuar?,"Ku jetoni aktualisht?
",Cila eshte banka juaj kryesore? (ajo qe perdorni me shume),Sa kohe keni qe jeni klient/e e kesaj banke?,Cilat sherbime bankare digjitale perdorni aktualisht?,Sa shpesh i perdorni sherbimet bankare digjitale?,Sa te kenaqur jeni me sherbimet digjitale te bankes suaj?,A keni ndervepruar ndonjehere me nje chatbot (asistent virtual) ne faqen ose aplikacionin e bankes suaj?,Sa pajtoheni me pohimet e meposhtme mbi inteligjencen artificiale (IA) ne banka?.Kam njohuri te mjaftueshme mbi inteligjencen artificiale dhe mundesite e saj,Sa pajtoheni me pohimet e meposhtme mbi inteligjencen artificiale (IA) ne banka?.Besoj se IA mund te permiresoje cilesine e sherbimeve bankare,Sa pajtoheni me pohimet e meposhtme mbi inteligjencen artificiale (IA) ne banka?.Do te ndihesha rehat nese nje sistem IA do te vleresonte kerkesen time per kredi,Sa pajtoheni me pohimet e meposhtme mbi inteligjencen artificiale (IA) ne banka?.Do te preferoja te nderveproja me nje chatbot IA per pyetje te thjeshta bankare,Sa pajtoheni me pohimet e meposhtme mbi inteligjencen artificiale (IA) ne banka?.Jam i/e shqetesuar per privatesine e te dhenave te mia nese banka perdor IA,Sa pajtoheni me pohimet e meposhtme mbi inteligjencen artificiale (IA) ne banka?.Mendoj se IA do te zevendesoje shume nga punet aktuale ne banka,Sa pajtoheni me pohimet e meposhtme mbi gatishmerine tuaj per te perdorur IA ne banka?.Jam i gatshem te perdor nje aplikacion bankar me rekomandime te personalizuara nga IA,Sa pajtoheni me pohimet e meposhtme mbi gatishmerine tuaj per te perdorur IA ne banka?.Besimi im ne bankat shqiptare do te rritej nese IA do te zbulonte mashtrimet ne llogarite e mia me shpejt,Sa pajtoheni me pohimet e meposhtme mbi gatishmerine tuaj per te perdorur IA ne banka?.Do te pranoja keshillim financiar te gjeneruar nga IA nese do te ishte falas,Sa pajtoheni me pohimet e meposhtme mbi gatishmerine tuaj per te perdorur IA ne banka?.Transparenca mbi menyren se si IA merr vendime eshte e rendesishme per mua,Sa pajtoheni me pohimet e meposhtme mbi gatishmerine tuaj per te perdorur IA ne banka?.Do te preferoja nje banke qe perdor IA per sherbime me te shpejta ndaj nje banke qe nuk e perdor,Sa pajtoheni me pohimet e meposhtme mbi gatishmerine tuaj per te perdorur IA ne banka?.Do te ndihesha me i/e sigurt nese nje punonjes njerezor do te verifikonte vendimet e IA,"Sa pajtoheni me pohimet e meposhtme mbi gatishmerine tuaj per te perdorur IA ne banka?.Ne pergjithesi, jam gati te provoj sherbime bankare qe perdorin inteligjencen artificiale",Sa pajtoheni me pohimet e meposhtme mbi gatishmerine tuaj per te perdorur IA ne banka?.Jam i gatshem te perdor nje aplikacion bankar me rekomandime te personalizuara nga IA1,Sa pajtoheni me pohimet e meposhtme mbi gatishmerine tuaj per te perdorur IA ne banka?.Besimi im ne bankat shqiptare do te rritej nese IA do te zbulonte mashtrimet ne llogarite e mia me shpejt1,Sa pajtoheni me pohimet e meposhtme mbi gatishmerine tuaj per te perdorur IA ne banka?.Do te pranoja keshillim financiar te gjeneruar nga IA nese do te ishte falas1,Sa pajtoheni me pohimet e meposhtme mbi gatishmerine tuaj per te perdorur IA ne banka?.Transparenca mbi menyren se si IA merr vendime eshte e rendesishme per mua1,Sa pajtoheni me pohimet e meposhtme mbi gatishmerine tuaj per te perdorur IA ne banka?.Do te preferoja nje banke qe perdor IA per sherbime me te shpejta ndaj nje banke qe nuk e perdor1,Sa pajtoheni me pohimet e meposhtme mbi gatishmerine tuaj per te perdorur IA ne banka?.Do te ndihesha me i/e sigurt nese nje punonjes njerezor do te verifikonte vendimet e IA1,"Sa pajtoheni me pohimet e meposhtme mbi gatishmerine tuaj per te perdorur IA ne banka?.Ne pergjithesi, jam gati te provoj sherbime bankare qe perdorin inteligjencen artificiale1",Sa pajtoheni me pohimet e meposhtme mbi shqetesimet tuaja per perdorimin e IA ne banka?.Mungesa e njohurive te mia mbi IA me pengon te perdor sherbime te tilla,Sa pajtoheni me pohimet e meposhtme mbi shqetesimet tuaja per perdorimin e IA ne banka?.Kam frike se te dhenat e mia personale mund te keqperdoren nese banka perdor IA,"Sa pajtoheni me pohimet e meposhtme mbi shqetesimet tuaja per perdorimin e IA ne banka?.Preferoj te flas me nje njeri, jo me nje robot, kur kam ceshtje bankare",Sa pajtoheni me pohimet e meposhtme mbi shqetesimet tuaja per perdorimin e IA ne banka?.Nuk besoj se IA mund te marre vendime te sakta financiare,Sa pajtoheni me pohimet e meposhtme mbi shqetesimet tuaja per perdorimin e IA ne banka?.Kostot e mundshme shtese per sherbimet me IA me shqetesojne,A keni ndonje koment ose sugjerim shtese mbi perdorimin e inteligjences artificiale ne sherbimet bankare ne Shqiperi?
1,46173.3375,46173.33846064815,anonymous,,"Po, jap pelqimin tim",Mashkull,46-55,Arsim baze (9-vjecar),I/e punesuar,Tregti / Sherbime,Tirane,Other,1-3 vjet,Nuk perdor asnje sherbim digjital bankar;,Rralle ose kurre,3,Jo,Nuk pajtohem,Nuk pajtohem aspak,Nuk pajtohem aspak,Nuk pajtohem,Pajtohem plotesisht,Pajtohem,Nuk pajtohem aspak,Nuk pajtohem,Nuk pajtohem aspak,Neutral,Nuk pajtohem,Pajtohem,Nuk pajtohem,Nuk pajtohem aspak,Nuk pajtohem,Nuk pajtohem aspak,Neutral,Nuk pajtohem,Pajtohem,Neutral,Neutral,Pajtohem plotesisht,Pajtohem plotesisht,Pajtohem,Pajtohem,Per ceshtje bankare preferoj te flas me nje person dhe jo me sistem automatik.
2,46173.33819444444,46173.34059027778,anonymous,,"Po, jap pelqimin tim",Mashkull,36-45,Arsim i mesem (gjimnaz/profesional),I/e punesuar,Administrate publike,Tirane,Credins Bank,Mbi 5 vjet,"Mobile banking (aplikacioni i bankes ne telefon);Internet banking (permes kompjuterit/browserit);Karta debiti/krediti per pagesa online;E-wallet (EasyPay, M-Pay, E-Posta, etj.);",Cdo dite,4,Po,Neutral,Pajtohem,Pajtohem,Pajtohem plotesisht,Neutral,Pajtohem,Pajtohem,Pajtohem plotesisht,Pajtohem plotesisht,Pajtohem plotesisht,Nuk pajtohem,Neutral,Pajtohem,Pajtohem,Pajtohem,Pajtohem plotesisht,Pajtohem plotesisht,Nuk pajtohem,Neutral,Pajtohem,Pajtohem,Pajtohem plotesisht,Nuk pajtohem,Nuk pajtohem,Pajtohem,"IA mund te rrise shpejtesine e sherbimeve bankare, sidomos per rekomandime dhe zbulim mashtrimesh."
3,46173.342361111114,46173.34392361111,anonymous,,"Po, jap pelqimin tim",Mashkull,18-25,Doktorature,I/e punesuar,Arsim,Zone rurale,Intesa Sanpaolo Bank,3-5 vjet,Internet banking (permes kompjuterit/browserit);Karta debiti/krediti per pagesa online;,Disa here ne jave,5,Jo,Neutral,Neutral,Pajtohem,Pajtohem,Pajtohem plotesisht,Pajtohem plotesisht,Pajtohem plotesisht,Pajtohem,Pajtohem,Pajtohem,Pajtohem,Pajtohem plotesisht,Pajtohem,Pajtohem plotesisht,Pajtohem plotesisht,Pajtohem plotesisht,Pajtohem,Pajtohem,Pajtohem plotesisht,Pajtohem,Neutral,Pajtohem,Neutral,Pajtohem,Pajtohem plotesisht,"IA mund te rrise shpejtesine e sherbimeve bankare, sidomos per rekomandime dhe zbulim mashtrimesh."
4,46173.34166666667,46173.343043981484,anonymous,,"Po, jap pelqimin tim",Femer,26-35,Master,I/e punesuar,Tregti / Sherbime,Qytet tjeter,OTP Bank,1-3 vjet,"Internet banking (permes kompjuterit/browserit);E-wallet (EasyPay, M-Pay, E-Posta, etj.);",Disa here ne jave,3,Po,Nuk pajtohem aspak,Pajtohem plotesisht,Pajtohem,Neutral,Pajtohem plotesisht,Pajtohem plotesisht,Pajtohem,Pajtohem plotesisht,Nuk pajtohem,Pajtohem plotesisht,Pajtohem,Neutral,Neutral,Pajtohem,Pajtohem plotesisht,Nuk pajtohem,Pajtohem plotesisht,Pajtohem,Neutral,Neutral,Nuk pajtohem,Pajtohem plotesisht,Neutral,Pajtohem plotesisht,Pajtohem,"Sherbimet me IA mund te ndihmojne, por vendimet e rendesishme duhet te verifikohen nga punonjesit e bankes."
5,46173.345138888886,46173.34675925926,anonymous,,"Po, jap pelqimin tim",Mashkull,55+,Arsim baze (9-vjecar),I/e dale ne pension,Administrate publike,Vlore,Raiffeisen Bank,1-3 vjet,Mobile banking (aplikacioni i bankes ne telefon);Internet banking (permes kompjuterit/browserit);,Disa here ne muaj,2,Jo,Pajtohem,Neutral,Nuk pajtohem,Nuk pajtohem aspak,Pajtohem plotesisht,Pajtohem plotesisht,Neutral,Nuk pajtohem,Nuk pajtohem aspak,Pajtohem plotesisht,Nuk pajtohem aspak,Pajtohem,Nuk pajtohem aspak,Nuk pajtohem,Nuk pajtohem,Nuk pajtohem aspak,Pajtohem plotesisht,Nuk pajtohem aspak,Pajtohem,Nuk pajtohem aspak,Pajtohem plotesisht,Pajtohem,Pajtohem plotesisht,Pajtohem plotesisht,Pajtohem plotesisht,Per ceshtje bankare preferoj te flas me nje person dhe jo me sistem automatik.
6,46173.34583333333,46173.347083333334,anonymous,,"Po, jap pelqimin tim",Femer,26-35,Master,I/e punesuar,Finance / Banke / Sigurime,Korce,BKT (Banka Kombetare Tregtare),3-5 vjet,Mobile banking (aplikacioni i bankes ne telefon);,Disa here ne jave,3,Po,Nuk pajtohem,Pajtohem plotesisht,Neutral,Nuk pajtohem,Pajtohem,Pajtohem,Pajtohem plotesisht,Neutral,Pajtohem,Pajtohem plotesisht,Pajtohem plotesisht,Pajtohem,Neutral,Pajtohem plotesisht,Nuk pajtohem,Pajtohem,Pajtohem plotesisht,Pajtohem plotesisht,Pajtohem,Neutral,Nuk pajtohem,Pajtohem,Pajtohem,Pajtohem,Pajtohem plotesisht,"Jam i hapur ndaj IA, por privatesia dhe transparenca jane kushtet kryesore."
7,46173.35,46173.35326388889,anonymous,,"Po, jap pelqimin tim",Mashkull,18-25,Bachelor,Student/e,Tregti / Sherbime,Tirane,BKT (Banka Kombetare Tregtare),1-3 vjet,"Mobile banking (aplikacioni i bankes ne telefon);E-wallet (EasyPay, M-Pay, E-Posta, etj.);",Disa here ne jave,4,Po,Pajtohem,Pajtohem plotesisht,Pajtohem,Pajtohem,Nuk pajtohem,Pajtohem,Pajtohem plotesisht,Pajtohem plotesisht,Nuk pajtohem,Pajtohem plotesisht,Pajtohem plotesisht,Nuk pajtohem,Pajtohem plotesisht,Pajtohem plotesisht,Pajtohem plotesisht,Nuk pajtohem,Pajtohem plotesisht,Pajtohem plotesisht,Nuk pajtohem,Pajtohem plotesisht,Nuk pajtohem aspak,Pajtohem,Nuk pajtohem,Nuk pajtohem,Nuk pajtohem aspak,Do ta provoja nese banka e shpjegon qarte si ruhen te dhenat dhe si kontrollohen vendimet.
8,46173.35138888889,46173.353125,anonymous,,"Po, jap pelqimin tim",Mashkull,55+,Arsim baze (9-vjecar),I/e dale ne pension,Ndertim / Inxhinieri,Durres,Credins Bank,Mbi 5 vjet,Mobile banking (aplikacioni i bankes ne telefon);Karta debiti/krediti per pagesa online;,Cdo dite,5,Po,Pajtohem,Pajtohem plotesisht,Neutral,Pajtohem plotesisht,Neutral,Nuk pajtohem,Pajtohem plotesisht,Pajtohem plotesisht,Pajtohem,Pajtohem,Pajtohem plotesisht,Pajtohem,Pajtohem,Pajtohem,Pajtohem plotesisht,Pajtohem,Pajtohem,Pajtohem plotesisht,Pajtohem,Pajtohem,Nuk pajtohem aspak,Neutral,Nuk pajtohem,Nuk pajtohem aspak,Nuk pajtohem aspak,Do ta provoja nese banka e shpjegon qarte si ruhen te dhenat dhe si kontrollohen vendimet.
9,46173.354166666664,46173.35712962963,anonymous,,"Po, jap pelqimin tim",Mashkull,18-25,Master,Student/e,Bujqesi,Shkoder,Raiffeisen Bank,Me pak se 1 vit,"Mobile banking (aplikacioni i bankes ne telefon);Internet banking (permes kompjuterit/browserit);E-wallet (EasyPay, M-Pay, E-Posta, etj.);",Disa here ne jave,4,Nuk jam i/e sigurt,Pajtohem,Pajtohem plotesisht,Pajtohem,Pajtohem,Pajtohem,Nuk pajtohem,Pajtohem plotesisht,Pajtohem,Pajtohem plotesisht,Pajtohem,Pajtohem plotesisht,Pajtohem,Pajtohem plotesisht,Pajtohem plotesisht,Pajtohem,Pajtohem plotesisht,Pajtohem,Pajtohem plotesisht,Pajtohem,Pajtohem plotesisht,Nuk pajtohem,Pajtohem,Neutral,Nuk pajtohem aspak,Nuk pajtohem aspak,Do ta provoja nese banka e shpjegon qarte si ruhen te dhenat dhe si kontrollohen vendimet.
10,46173.35625,46173.35765046296,anonymous,,"Po, jap pelqimin tim",Mashkull,26-35,Arsim i mesem (gjimnaz/profesional),I/e vetepunesuar,Ndertim / Inxhinieri,Qytet tjeter,BKT (Banka Kombetare Tregtare),Mbi 5 vjet,Mobile banking (aplikacioni i bankes ne telefon);,Disa here ne jave,4,Jo,Neutral,Pajtohem plotesisht,Neutral,Pajtohem,Pajtohem plotesisht,Pajtohem,Neutral,Pajtohem plotesisht,Pajtohem plotesisht,Pajtohem plotesisht,Pajtohem,Pajtohem plotesisht,Nuk pajtohem,Neutral,Pajtohem plotesisht,Pajtohem plotesisht,Pajtohem plotesisht,Pajtohem,Pajtohem plotesisht,Neutral,Neutral,Pajtohem plotesisht,Pajtohem,Pajtohem,Pajtohem,"Sherbimet me IA mund te ndihmojne, por vendimet e rendesishme duhet te verifikohen nga punonjesit e bankes."
11,46173.35902777778,46173.363599537035,anonymous,,"Po, jap pelqimin tim",Femer,26-35,Bachelor,I/e punesuar,Arsim,Elbasan,BKT (Banka Kombetare Tregtare),Mbi 5 vjet,"Karta debiti/krediti per pagesa online;E-wallet (EasyPay, M-Pay, E-Posta, etj.);",Disa here ne jave,3,Jo,Pajtohem,Pajtohem plotesisht,Pajtohem,Pajtohem plotesisht,Pajtohem plotesisht,Neutral,Pajtohem plotesisht,Neutral,Pajtohem plotesisht,Pajtohem plotesisht,Pajtohem,Pajtohem plotesisht,Pajtohem,Pajtohem plotesisht,Nuk pajtohem,Pajtohem plotesisht,Pajtohem plotesisht,Pajtohem,Pajtohem plotesisht,Pajtohem plotesisht,Nuk pajtohem,Pajtohem,Neutral,Pajtohem,Pajtohem plotesisht,"Sherbimet me IA mund te ndihmojne, por vendimet e rendesishme duhet te verifikohen nga punonjesit e bankes."
12,46173.36111111111,46173.3644212963,anonymous,,"Po, jap pelqimin tim",Femer,46-55,Arsim baze (9-vjecar),I/e punesuar,Ndertim / Inxhinieri,Qytet tjeter,Intesa Sanpaolo Bank,3-5 vjet,Nuk perdor asnje sherbim digjital bankar;,Rralle ose kurre,2,Po,Nuk pajtohem aspak,Nuk pajtohem,Nuk pajtohem,Nuk pajtohem,Pajtohem plotesisht,Pajtohem plotesisht,Nuk pajtohem,Nuk pajtohem aspak,Neutral,Pajtohem,Nuk pajtohem,Pajtohem plotesisht,Neutral,Nuk pajtohem,Nuk pajtohem aspak,Neutral,Pajtohem,Nuk pajtohem,Pajtohem plotesisht,Neutral,Pajtohem,Pajtohem,Pajtohem plotesisht,Pajtohem,Neutral,Per ceshtje bankare preferoj te flas me nje person dhe jo me sistem automatik.
13,46173.361805555556,46173.36300925926,anonymous,,"Po, jap pelqimin tim",Mashkull,26-35,Doktorature,I/e punesuar,Bujqesi,Tirane,Raiffeisen Bank,3-5 vjet,"Mobile banking (aplikacioni i bankes ne telefon);E-wallet (EasyPay, M-Pay, E-Posta, etj.);",Cdo dite,4,Po,Pajtohem plotesisht,Pajtohem plotesisht,Neutral,Pajtohem,Neutral,Neutral,Pajtohem plotesisht,Pajtohem plotesisht,Pajtohem,Neutral,Pajtohem,Pajtohem,Pajtohem,Pajtohem,Pajtohem plotesisht,Pajtohem,Neutral,Pajtohem,Pajtohem,Pajtohem,Nuk pajtohem aspak,Nuk pajtohem,Nuk pajtohem aspak,Nuk pajtohem aspak,Nuk pajtohem aspak,Do ta provoja nese banka e shpjegon qarte si ruhen te dhenat dhe si kontrollohen vendimet.
14,46173.36319444444,46173.36671296296,anonymous,,"Po, jap pelqimin tim",Mashkull,46-55,Arsim i mesem (gjimnaz/profesional),I/e punesuar,Ndertim / Inxhinieri,Tirane,BKT (Banka Kombetare Tregtare),1-3 vjet,"Mobile banking (aplikacioni i bankes ne telefon);Internet banking (permes kompjuterit/browserit);Karta debiti/krediti per pagesa online;E-wallet (EasyPay, M-Pay, E-Posta, etj.);",Disa here ne jave,4,Po,Pajtohem plotesisht,Pajtohem,Pajtohem plotesisht,Pajtohem plotesisht,Neutral,Nuk pajtohem,Pajtohem,Pajtohem plotesisht,Pajtohem plotesisht,Pajtohem plotesisht,Pajtohem plotesisht,Pajtohem,Pajtohem plotesisht,Pajtohem,Pajtohem plotesisht,Pajtohem plotesisht,Pajtohem plotesisht,Pajtohem plotesisht,Pajtohem,Pajtohem plotesisht,Nuk pajtohem aspak,Neutral,Nuk pajtohem aspak,Nuk pajtohem aspak,Nuk pajtohem,"IA mund te rrise shpejtesine e sherbimeve bankare, sidomos per rekomandime dhe zbulim mashtrimesh."
15,46173.36597222222,46173.36864583333,anonymous,,"Po, jap pelqimin tim",Femer,18-25,Master,I/e punesuar,Finance / Banke / Sigurime,Korce,Tirana Bank,1-3 vjet,Internet banking (permes kompjuterit/browserit);,Nje here ne jave,3,Po,Nuk pajtohem,Pajtohem,Pajtohem,Pajtohem,Pajtohem plotesisht,Pajtohem plotesisht,Neutral,Pajtohem plotesisht,Neutral,Pajtohem plotesisht,Nuk pajtohem,Pajtohem,Nuk pajtohem aspak,Neutral,Pajtohem plotesisht,Neutral,Pajtohem plotesisht,Nuk pajtohem,Pajtohem,Nuk pajtohem aspak,Pajtohem,Nuk pajtohem,Pajtohem plotesisht,Pajtohem plotesisht,Neutral,"IA mund te perdoret per pyetje te thjeshta, por jo per vendime financiare te rendesishme."
16,46173.368055555555,46173.36958333333,anonymous,,"Po, jap pelqimin tim",Femer,36-45,Bachelor,I/e punesuar,Administrate publike,Durres,Raiffeisen Bank,Me pak se 1 vit,Karta debiti/krediti per pagesa online;,Disa here ne muaj,3,Jo,Nuk pajtohem,Neutral,Nuk pajtohem,Neutral,Pajtohem,Pajtohem,Nuk pajtohem,Nuk pajtohem aspak,Nuk pajtohem,Pajtohem,Neutral,Pajtohem,Nuk pajtohem,Nuk pajtohem aspak,Nuk pajtohem aspak,Nuk pajtohem,Pajtohem,Neutral,Pajtohem,Nuk pajtohem,Nuk pajtohem,Pajtohem,Pajtohem,Pajtohem,Neutral,Per ceshtje bankare preferoj te flas me nje person dhe jo me sistem automatik.
17,46173.37013888889,46173.37157407407,anonymous,,"Po, jap pelqimin tim",Femer,36-45,Master,I/e vetepunesuar,Tregti / Sherbime,Durres,Raiffeisen Bank,Mbi 5 vjet,Karta debiti/krediti per pagesa online;,Cdo dite,4,Po,Neutral,Neutral,Neutral,Neutral,Pajtohem plotesisht,Pajtohem,Neutral,Pajtohem,Neutral,Pajtohem plotesisht,Neutral,Pajtohem plotesisht,Neutral,Nuk pajtohem,Pajtohem,Neutral,Pajtohem plotesisht,Nuk pajtohem,Pajtohem plotesisht,Nuk pajtohem,Neutral,Neutral,Pajtohem,Neutral,Neutral,Do ta provoja nese banka e shpjegon qarte si ruhen te dhenat dhe si kontrollohen vendimet.
18,46173.37222222222,46173.3740625,anonymous,,"Po, jap pelqimin tim",Femer,36-45,Arsim baze (9-vjecar),I/e vetepunesuar,Ndertim / Inxhinieri,Zone rurale,Raiffeisen Bank,3-5 vjet,Nuk perdor asnje sherbim digjital bankar;,Rralle ose kurre,3,Jo,Neutral,Nuk pajtohem,Neutral,Pajtohem,Pajtohem,Pajtohem,Pajtohem,Neutral,Neutral,Pajtohem plotesisht,Nuk pajtohem,Pajtohem plotesisht,Pajtohem,Pajtohem,Neutral,Pajtohem,Pajtohem plotesisht,Nuk pajtohem,Pajtohem,Pajtohem,Neutral,Pajtohem plotesisht,Pajtohem plotesisht,Pajtohem plotesisht,Pajtohem,"IA mund te perdoret per pyetje te thjeshta, por jo per vendime financiare te rendesishme."
19,46173.37430555555,46173.378287037034,anonymous,,"Po, jap pelqimin tim",Mashkull,26-35,Arsim i mesem (gjimnaz/profesional),I/e punesuar,Tregti / Sherbime,Tirane,Credins Bank,3-5 vjet,Mobile banking (aplikacioni i bankes ne telefon);,Disa here ne jave,3,Nuk jam i/e sigurt,Nuk pajtohem,Pajtohem,Pajtohem,Neutral,Pajtohem,Pajtohem plotesisht,Nuk pajtohem,Neutral,Neutral,Neutral,Nuk pajtohem,Pajtohem,Nuk pajtohem,Nuk pajtohem,Pajtohem,Neutral,Neutral,Nuk pajtohem,Pajtohem,Nuk pajtohem,Neutral,Pajtohem plotesisht,Pajtohem plotesisht,Pajtohem plotesisht,Pajtohem,"Jam i hapur ndaj IA, por privatesia dhe transparenca jane kushtet kryesore."
20,46173.376388888886,46173.37946759259,anonymous,,"Po, jap pelqimin tim",Mashkull,46-55,Arsim i mesem (gjimnaz/profesional),I/e papune,Tregti / Sherbime,Elbasan,Credins Bank,3-5 vjet,Karta debiti/krediti per pagesa online;,Cdo dite,4,Po,Neutral,Pajtohem plotesisht,Pajtohem plotesisht,Pajtohem,Pajtohem,Pajtohem,Pajtohem,Pajtohem plotesisht,Neutral,Neutral,Pajtohem,Pajtohem,Pajtohem plotesisht,Pajtohem,Pajtohem plotesisht,Neutral,Neutral,Pajtohem,Neutral,Pajtohem plotesisht,Neutral,Pajtohem,Nuk pajtohem,Neutral,Nuk pajtohem,Do ta provoja nese banka e shpjegon qarte si ruhen te dhenat dhe si kontrollohen vendimet.
21,46173.37708333333,46173.37813657407,anonymous,,"Po, jap pelqimin tim",Mashkull,18-25,Master,I/e papune,Administrate publike,Tirane,Tirana Bank,Me pak se 1 vit,"Mobile banking (aplikacioni i bankes ne telefon);Internet banking (permes kompjuterit/browserit);Karta debiti/krediti per pagesa online;E-wallet (EasyPay, M-Pay, E-Posta, etj.);",Disa here ne jave,2,Po,Neutral,Neutral,Pajtohem plotesisht,Neutral,Pajtohem plotesisht,Pajtohem,Neutral,Neutral,Neutral,Pajtohem plotesisht,Nuk pajtohem,Pajtohem plotesisht,Nuk pajtohem aspak,Neutral,Neutral,Neutral,Pajtohem plotesisht,Nuk pajtohem,Pajtohem plotesisht,Nuk pajtohem aspak,Pajtohem,Pajtohem plotesisht,Neutral,Neutral,Pajtohem plotesisht,"Jam i hapur ndaj IA, por privatesia dhe transparenca jane kushtet kryesore."
22,46173.38055555556,46173.38282407408,anonymous,,"Po, jap pelqimin tim",Femer,55+,Arsim baze (9-vjecar),I/e dale ne pension,Ndertim / Inxhinieri,Korce,BKT (Banka Kombetare Tregtare),1-3 vjet,Mobile banking (aplikacioni i bankes ne telefon);,Disa here ne jave,4,Jo,Neutral,Pajtohem,Pajtohem,Pajtohem plotesisht,Pajtohem plotesisht,Pajtohem plotesisht,Pajtohem,Pajtohem plotesisht,Nuk pajtohem,Neutral,Neutral,Pajtohem plotesisht,Pajtohem,Pajtohem,Pajtohem plotesisht,Nuk pajtohem,Neutral,Neutral,Pajtohem,Pajtohem,Pajtohem,Pajtohem plotesisht,Pajtohem,Nuk pajtohem,Neutral,"Sherbimet me IA mund te ndihmojne, por vendimet e rendesishme duhet te verifikohen nga punonjesit e bankes."
23,46173.38263888889,46173.38484953704,anonymous,,"Po, jap pelqimin tim",Mashkull,46-55,Master,I/e punesuar,Finance / Banke / Sigurime,Qytet tjeter,BKT (Banka Kombetare Tregtare),Mbi 5 vjet,"Mobile banking (aplikacioni i bankes ne telefon);Internet banking (permes kompjuterit/browserit);Karta debiti/krediti per pagesa online;E-wallet (EasyPay, M-Pay, E-Posta, etj.);",Disa here ne jave,4,Po,Pajtohem plotesisht,Pajtohem,Pajtohem,Pajtohem,Pajtohem plotesisht,Neutral,Pajtohem,Pajtohem plotesisht,Pajtohem plotesisht,Nuk pajtohem,Pajtohem,Pajtohem,Pajtohem plotesisht,Pajtohem,Pajtohem plotesisht,Pajtohem plotesisht,Nuk pajtohem aspak,Pajtohem,Pajtohem,Pajtohem plotesisht,Nuk pajtohem,Neutral,Nuk pajtohem,Neutral,Nuk pajtohem,Do ta provoja nese banka e shpjegon qarte si ruhen te dhenat dhe si kontrollohen vendimet.
24,46173.38611111111,46173.38730324074,anonymous,,"Po, jap pelqimin tim",Mashkull,18-25,Arsim i mesem (gjimnaz/profesional),I/e punesuar,Tregti / Sherbime,Zone rurale,OTP Bank,1-3 vjet,Mobile banking (aplikacioni i bankes ne telefon);Internet banking (permes kompjuterit/browserit);Karta debiti/krediti per pagesa online;,Disa here ne jave,5,Nuk jam i/e sigurt,Neutral,Pajtohem plotesisht,Pajtohem,Neutral,Pajtohem,Pajtohem plotesisht,Pajtohem,Neutral,Neutral,Pajtohem plotesisht,Pajtohem,Pajtohem plotesisht,Neutral,Pajtohem,Neutral,Neutral,Pajtohem plotesisht,Pajtohem,Pajtohem plotesisht,Neutral,Nuk pajtohem,Pajtohem,Neutral,Pajtohem,Neutral,"Jam i hapur ndaj IA, por privatesia dhe transparenca jane kushtet kryesore."
25,46173.3875,46173.38929398148,anonymous,,"Po, jap pelqimin tim",Mashkull,46-55,Arsim baze (9-vjecar),I/e punesuar,Tregti / Sherbime,Durres,Intesa Sanpaolo Bank,3-5 vjet,"Mobile banking (aplikacioni i bankes ne telefon);Internet banking (permes kompjuterit/browserit);Karta debiti/krediti per pagesa online;E-wallet (EasyPay, M-Pay, E-Posta, etj.);",Disa here ne jave,4,Nuk jam i/e sigurt,Pajtohem plotesisht,Pajtohem plotesisht,Pajtohem,Pajtohem plotesisht,Pajtohem,Pajtohem,Pajtohem,Pajtohem plotesisht,Pajtohem plotesisht,Pajtohem plotesisht,Pajtohem plotesisht,Pajtohem,Pajtohem plotesisht,Pajtohem,Pajtohem plotesisht,Pajtohem plotesisht,Pajtohem plotesisht,Pajtohem plotesisht,Pajtohem,Pajtohem plotesisht,Neutral,Pajtohem,Neutral,Neutral,Pajtohem,"Potenciali eshte i madh, por bankat duhet te forcojne qeverisjen e te dhenave dhe kontrollin rregullator."
26,46173.38888888889,46173.39103009259,anonymous,,"Po, jap pelqimin tim",Femer,36-45,Arsim i mesem (gjimnaz/profesional),I/e punesuar,Bujqesi,Elbasan,Other,Mbi 5 vjet,"Karta debiti/krediti per pagesa online;E-wallet (EasyPay, M-Pay, E-Posta, etj.);",Disa here ne muaj,3,Po,Nuk pajtohem,Nuk pajtohem,Nuk pajtohem,Nuk pajtohem aspak,Neutral,Neutral,Nuk pajtohem,Pajtohem,Nuk pajtohem aspak,Pajtohem,Nuk pajtohem aspak,Neutral,Neutral,Nuk pajtohem,Pajtohem,Nuk pajtohem aspak,Pajtohem,Nuk pajtohem aspak,Neutral,Neutral,Neutral,Pajtohem plotesisht,Neutral,Nuk pajtohem,Pajtohem,"IA mund te perdoret per pyetje te thjeshta, por jo per vendime financiare te rendesishme."
27,46173.38958333333,46173.393217592595,anonymous,,"Po, jap pelqimin tim",Mashkull,46-55,Arsim i mesem (gjimnaz/profesional),I/e vetepunesuar,Ndertim / Inxhinieri,Durres,Other,1-3 vjet,Mobile banking (aplikacioni i bankes ne telefon);Karta debiti/krediti per pagesa online;,Nje here ne jave,4,Nuk jam i/e sigurt,Neutral,Pajtohem plotesisht,Neutral,Neutral,Nuk pajtohem aspak,Pajtohem,Neutral,Pajtohem,Neutral,Pajtohem plotesisht,Nuk pajtohem,Pajtohem plotesisht,Neutral,Neutral,Pajtohem,Neutral,Pajtohem plotesisht,Nuk pajtohem,Pajtohem plotesisht,Pajtohem,Nuk pajtohem,Pajtohem plotesisht,Nuk pajtohem aspak,Neutral,Pajtohem,"Jam i hapur ndaj IA, por privatesia dhe transparenca jane kushtet kryesore."
28,46173.393055555556,46173.39739583333,anonymous,,"Po, jap pelqimin tim",Mashkull,26-35,Bachelor,I/e punesuar,Shendetesi / Mjekesi,Shkoder,Credins Bank,Me pak se 1 vit,"Mobile banking (aplikacioni i bankes ne telefon);Internet banking (permes kompjuterit/browserit);Karta debiti/krediti per pagesa online;E-wallet (EasyPay, M-Pay, E-Posta, etj.);",Disa here ne jave,4,Jo,Pajtohem,Pajtohem,Pajtohem plotesisht,Pajtohem plotesisht,Pajtohem,Neutral,Pajtohem plotesisht,Pajtohem plotesisht,Pajtohem plotesisht,Pajtohem plotesisht,Pajtohem plotesisht,Neutral,Pajtohem,Pajtohem plotesisht,Pajtohem plotesisht,Pajtohem plotesisht,Pajtohem plotesisht,Pajtohem plotesisht,Neutral,Pajtohem,Nuk pajtohem aspak,Neutral,Neutral,Pajtohem,Neutral,"IA mund te rrise shpejtesine e sherbimeve bankare, sidomos per rekomandime dhe zbulim mashtrimesh."
29,46173.39444444444,46173.39582175926,anonymous,,"Po, jap pelqimin tim",Femer,36-45,Arsim i mesem (gjimnaz/profesional),I/e punesuar,Tregti / Sherbime,Vlore,BKT (Banka Kombetare Tregtare),1-3 vjet,Mobile banking (aplikacioni i bankes ne telefon);Internet banking (permes kompjuterit/browserit);Karta debiti/krediti per pagesa online;,Nje here ne jave,4,Po,Pajtohem,Pajtohem,Pajtohem,Pajtohem,Pajtohem plotesisht,Pajtohem plotesisht,Neutral,Pajtohem,Pajtohem plotesisht,Pajtohem,Pajtohem plotesisht,Pajtohem,Pajtohem,Neutral,Pajtohem,Pajtohem,Pajtohem,Pajtohem plotesisht,Pajtohem,Pajtohem,Pajtohem plotesisht,Pajtohem plotesisht,Pajtohem,Pajtohem,Nuk pajtohem,"Sherbimet me IA mund te ndihmojne, por vendimet e rendesishme duhet te verifikohen nga punonjesit e bankes."
30,46173.396527777775,46173.40081018519,anonymous,,"Po, jap pelqimin tim",Mashkull,36-45,Bachelor,I/e vetepunesuar,Arsim,Durres,Credins Bank,Mbi 5 vjet,Mobile banking (aplikacioni i bankes ne telefon);Karta debiti/krediti per pagesa online;,Cdo dite,4,Po,Pajtohem,Nuk pajtohem,Nuk pajtohem,Neutral,Nuk pajtohem,Neutral,Pajtohem plotesisht,Neutral,Pajtohem,Neutral,Pajtohem,Neutral,Nuk pajtohem,Pajtohem plotesisht,Neutral,Pajtohem,Neutral,Pajtohem,Neutral,Nuk pajtohem,Nuk pajtohem aspak,Pajtohem,Nuk pajtohem aspak,Nuk pajtohem,Pajtohem,Do ta provoja nese banka e shpjegon qarte si ruhen te dhenat dhe si kontrollohen vendimet.
31,46173.39861111111,46173.40079861111,anonymous,,"Po, jap pelqimin tim",Femer,26-35,Arsim i mesem (gjimnaz/profesional),I/e punesuar,Tregti / Sherbime,Zone rurale,OTP Bank,Mbi 5 vjet,"Mobile banking (aplikacioni i bankes ne telefon);E-wallet (EasyPay, M-Pay, E-Posta, etj.);",Cdo dite,4,Po,Pajtohem,Pajtohem plotesisht,Pajtohem plotesisht,Pajtohem,Nuk pajtohem aspak,Nuk pajtohem,Pajtohem,Pajtohem,Pajtohem,Pajtohem,Neutral,Nuk pajtohem,Neutral,Pajtohem,Pajtohem,Pajtohem,Pajtohem,Neutral,Nuk pajtohem,Neutral,Neutral,Pajtohem plotesisht,Nuk pajtohem,Nuk pajtohem,Nuk pajtohem,"IA mund te rrise shpejtesine e sherbimeve bankare, sidomos per rekomandime dhe zbulim mashtrimesh."
32,46173.40138888889,46173.40289351852,anonymous,,"Po, jap pelqimin tim",Preferoj te mos pergjigjem,18-25,Bachelor,I/e punesuar,Finance / Banke / Sigurime,Vlore,Raiffeisen Bank,3-5 vjet,"Mobile banking (aplikacioni i bankes ne telefon);Karta debiti/krediti per pagesa online;E-wallet (EasyPay, M-Pay, E-Posta, etj.);",Nje here ne jave,2,Nuk jam i/e sigurt,Neutral,Pajtohem plotesisht,Neutral,Pajtohem,Pajtohem plotesisht,Pajtohem,Neutral,Pajtohem,Nuk pajtohem,Pajtohem plotesisht,Neutral,Pajtohem plotesisht,Pajtohem,Neutral,Pajtohem,Nuk pajtohem,Pajtohem plotesisht,Pajtohem,Pajtohem plotesisht,Pajtohem,Neutral,Pajtohem plotesisht,Pajtohem,Pajtohem plotesisht,Pajtohem,"Sherbimet me IA mund te ndihmojne, por vendimet e rendesishme duhet te verifikohen nga punonjesit e bankes."
33,46173.402083333334,46173.40380787037,anonymous,,"Po, jap pelqimin tim",Mashkull,36-45,Arsim i mesem (gjimnaz/profesional),I/e punesuar,Bujqesi,Tirane,OTP Bank,3-5 vjet,Mobile banking (aplikacioni i bankes ne telefon);Internet banking (permes kompjuterit/browserit);Karta debiti/krediti per pagesa online;,Disa here ne jave,3,Po,Neutral,Pajtohem,Neutral,Pajtohem,Nuk pajtohem,Pajtohem,Pajtohem plotesisht,Pajtohem plotesisht,Neutral,Neutral,Pajtohem,Pajtohem plotesisht,Pajtohem,Pajtohem plotesisht,Pajtohem plotesisht,Neutral,Neutral,Pajtohem,Pajtohem plotesisht,Pajtohem,Nuk pajtohem aspak,Neutral,Pajtohem,Pajtohem plotesisht,Nuk pajtohem,"Sherbimet me IA mund te ndihmojne, por vendimet e rendesishme duhet te verifikohen nga punonjesit e bankes."
34,46173.40625,46173.407326388886,anonymous,,"Po, jap pelqimin tim",Femer,26-35,Master,I/e papune,Arsim,Vlore,BKT (Banka Kombetare Tregtare),Mbi 5 vjet,"Mobile banking (aplikacioni i bankes ne telefon);E-wallet (EasyPay, M-Pay, E-Posta, etj.);",Disa here ne jave,4,Po,Neutral,Pajtohem plotesisht,Pajtohem plotesisht,Pajtohem plotesisht,Pajtohem,Neutral,Pajtohem,Pajtohem plotesisht,Pajtohem,Pajtohem plotesisht,Pajtohem,Neutral,Pajtohem,Pajtohem,Pajtohem plotesisht,Neutral,Pajtohem plotesisht,Pajtohem,Neutral,Pajtohem,Pajtohem,Neutral,Nuk pajtohem aspak,Nuk pajtohem,Pajtohem,"Jam i hapur ndaj IA, por privatesia dhe transparenca jane kushtet kryesore."
35,46173.40625,46173.41097222222,anonymous,,"Po, jap pelqimin tim",Femer,46-55,Arsim baze (9-vjecar),I/e punesuar,Bujqesi,Zone rurale,BKT (Banka Kombetare Tregtare),1-3 vjet,Mobile banking (aplikacioni i bankes ne telefon);Karta debiti/krediti per pagesa online;,Disa here ne jave,3,Jo,Neutral,Neutral,Nuk pajtohem,Neutral,Pajtohem,Pajtohem plotesisht,Neutral,Neutral,Neutral,Pajtohem plotesisht,Nuk pajtohem,Pajtohem,Neutral,Neutral,Nuk pajtohem,Neutral,Pajtohem plotesisht,Nuk pajtohem,Pajtohem,Neutral,Pajtohem plotesisht,Pajtohem plotesisht,Nuk pajtohem aspak,Pajtohem,Pajtohem,"Sherbimet me IA mund te ndihmojne, por vendimet e rendesishme duhet te verifikohen nga punonjesit e bankes."
36,46173.410416666666,46173.413935185185,anonymous,,"Po, jap pelqimin tim",Mashkull,55+,Arsim i mesem (gjimnaz/profesional),I/e vetepunesuar,Tregti / Sherbime,Durres,Raiffeisen Bank,Mbi 5 vjet,Mobile banking (aplikacioni i bankes ne telefon);Internet banking (permes kompjuterit/browserit);,Cdo dite,3,Jo,Pajtohem,Pajtohem,Neutral,Neutral,Pajtohem,Pajtohem,Nuk pajtohem,Pajtohem,Nuk pajtohem aspak,Pajtohem,Pajtohem,Pajtohem,Nuk pajtohem,Nuk pajtohem,Pajtohem,Nuk pajtohem aspak,Pajtohem,Pajtohem plotesisht,Pajtohem,Nuk pajtohem,Nuk pajtohem,Pajtohem,Pajtohem,Pajtohem,Pajtohem,"Jam i hapur ndaj IA, por privatesia dhe transparenca jane kushtet kryesore."
37,46173.4125,46173.415451388886,anonymous,,"Po, jap pelqimin tim",Femer,36-45,Arsim i mesem (gjimnaz/profesional),I/e punesuar,Ndertim / Inxhinieri,Tirane,Credins Bank,1-3 vjet,"Mobile banking (aplikacioni i bankes ne telefon);E-wallet (EasyPay, M-Pay, E-Posta, etj.);",Nje here ne jave,4,Po,Neutral,Pajtohem,Pajtohem plotesisht,Pajtohem,Pajtohem plotesisht,Pajtohem plotesisht,Pajtohem plotesisht,Pajtohem,Pajtohem,Pajtohem plotesisht,Neutral,Pajtohem plotesisht,Pajtohem,Pajtohem plotesisht,Pajtohem,Pajtohem plotesisht,Pajtohem plotesisht,Nuk pajtohem,Pajtohem plotesisht,Pajtohem,Pajtohem,Pajtohem,Pajtohem plotesisht,Pajtohem,Pajtohem plotesisht,"Sherbimet me IA mund te ndihmojne, por vendimet e rendesishme duhet te verifikohen nga punonjesit e bankes."
38,46173.41527777778,46173.416597222225,anonymous,,"Po, jap pelqimin tim",Femer,26-35,Master,I/e punesuar,Shendetesi / Mjekesi,Qytet tjeter,Raiffeisen Bank,Me pak se 1 vit,"Mobile banking (aplikacioni i bankes ne telefon);Karta debiti/krediti per pagesa online;E-wallet (EasyPay, M-Pay, E-Posta, etj.);",Nje here ne jave,4,Nuk jam i/e sigurt,Pajtohem,Pajtohem plotesisht,Pajtohem plotesisht,Pajtohem,Neutral,Pajtohem plotesisht,Pajtohem plotesisht,Pajtohem plotesisht,Neutral,Nuk pajtohem,Pajtohem,Pajtohem,Neutral,Pajtohem plotesisht,Pajtohem plotesisht,Neutral,Nuk pajtohem,Pajtohem,Pajtohem,Neutral,Nuk pajtohem,Pajtohem,Neutral,Nuk pajtohem,Neutral,"IA mund te rrise shpejtesine e sherbimeve bankare, sidomos per rekomandime dhe zbulim mashtrimesh."
39,46173.415972222225,46173.42068287037,anonymous,,"Po, jap pelqimin tim",Femer,46-55,Arsim i mesem (gjimnaz/profesional),I/e punesuar,Tregti / Sherbime,Vlore,Credins Bank,Mbi 5 vjet,Mobile banking (aplikacioni i bankes ne telefon);Internet banking (permes kompjuterit/browserit);Karta debiti/krediti per pagesa online;,Cdo dite,4,Nuk jam i/e sigurt,Pajtohem plotesisht,Pajtohem plotesisht,Pajtohem plotesisht,Pajtohem,Nuk pajtohem,Neutral,Neutral,Pajtohem plotesisht,Pajtohem plotesisht,Pajtohem,Pajtohem plotesisht,Pajtohem,Pajtohem,Neutral,Pajtohem plotesisht,Pajtohem plotesisht,Pajtohem,Pajtohem plotesisht,Pajtohem,Pajtohem,Nuk pajtohem aspak,Neutral,Nuk pajtohem aspak,Neutral,Nuk pajtohem,"IA mund te rrise shpejtesine e sherbimeve bankare, sidomos per rekomandime dhe zbulim mashtrimesh."
40,46173.41736111111,46173.420011574075,anonymous,,"Po, jap pelqimin tim",Preferoj te mos pergjigjem,18-25,Bachelor,I/e punesuar,Tregti / Sherbime,Tirane,Credins Bank,1-3 vjet,"Mobile banking (aplikacioni i bankes ne telefon);Internet banking (permes kompjuterit/browserit);Karta debiti/krediti per pagesa online;E-wallet (EasyPay, M-Pay, E-Posta, etj.);",Cdo dite,3,Nuk jam i/e sigurt,Pajtohem plotesisht,Pajtohem plotesisht,Pajtohem,Nuk pajtohem,Neutral,Pajtohem,Neutral,Pajtohem plotesisht,Pajtohem plotesisht,Pajtohem,Pajtohem,Pajtohem plotesisht,Neutral,Neutral,Pajtohem plotesisht,Pajtohem plotesisht,Pajtohem,Pajtohem,Pajtohem plotesisht,Neutral,Nuk pajtohem,Neutral,Pajtohem,Neutral,Neutral,Do ta provoja nese banka e shpjegon qarte si ruhen te dhenat dhe si kontrollohen vendimet.
41,46173.41875,46173.4219212963,anonymous,,"Po, jap pelqimin tim",Mashkull,46-55,Arsim baze (9-vjecar),I/e punesuar,Tregti / Sherbime,Tirane,Other,Mbi 5 vjet,"Internet banking (permes kompjuterit/browserit);Karta debiti/krediti per pagesa online;E-wallet (EasyPay, M-Pay, E-Posta, etj.);",Nje here ne jave,4,Po,Pajtohem,Nuk pajtohem,Neutral,Neutral,Pajtohem plotesisht,Pajtohem plotesisht,Pajtohem,Pajtohem,Neutral,Pajtohem,Nuk pajtohem,Pajtohem plotesisht,Pajtohem,Pajtohem,Pajtohem,Neutral,Pajtohem,Nuk pajtohem,Pajtohem plotesisht,Pajtohem,Neutral,Pajtohem plotesisht,Pajtohem,Pajtohem plotesisht,Nuk pajtohem,"Jam i hapur ndaj IA, por privatesia dhe transparenca jane kushtet kryesore."
42,46173.42222222222,46173.424791666665,anonymous,,"Po, jap pelqimin tim",Mashkull,46-55,Arsim i mesem (gjimnaz/profesional),I/e punesuar,Ndertim / Inxhinieri,Durres,Raiffeisen Bank,1-3 vjet,Nuk perdor asnje sherbim digjital bankar;,Rralle ose kurre,3,Jo,Pajtohem,Neutral,Pajtohem,Pajtohem,Neutral,Pajtohem,Nuk pajtohem aspak,Pajtohem,Nuk pajtohem,Neutral,Neutral,Pajtohem,Neutral,Nuk pajtohem aspak,Pajtohem,Nuk pajtohem,Neutral,Neutral,Pajtohem,Neutral,Neutral,Pajtohem,Neutral,Pajtohem plotesisht,Pajtohem,"IA mund te perdoret per pyetje te thjeshta, por jo per vendime financiare te rendesishme."
43,46173.42361111111,46173.42486111111,anonymous,,"Po, jap pelqimin tim",Mashkull,26-35,Arsim i mesem (gjimnaz/profesional),I/e punesuar,Administrate publike,Vlore,OTP Bank,1-3 vjet,"Mobile banking (aplikacioni i bankes ne telefon);Karta debiti/krediti per pagesa online;E-wallet (EasyPay, M-Pay, E-Posta, etj.);",Cdo dite,5,Jo,Neutral,Pajtohem plotesisht,Pajtohem,Pajtohem,Neutral,Neutral,Pajtohem plotesisht,Pajtohem,Pajtohem plotesisht,Neutral,Pajtohem plotesisht,Pajtohem,Pajtohem plotesisht,Pajtohem plotesisht,Pajtohem,Pajtohem plotesisht,Neutral,Pajtohem plotesisht,Pajtohem,Pajtohem plotesisht,Nuk pajtohem,Nuk pajtohem,Nuk pajtohem,Pajtohem,Neutral,"IA mund te rrise shpejtesine e sherbimeve bankare, sidomos per rekomandime dhe zbulim mashtrimesh."
44,46173.42569444444,46173.4266087963,anonymous,,"Po, jap pelqimin tim",Mashkull,18-25,Master,I/e punesuar,Teknologji / IT,Tirane,Raiffeisen Bank,1-3 vjet,Mobile banking (aplikacioni i bankes ne telefon);Internet banking (permes kompjuterit/browserit);Karta debiti/krediti per pagesa online;,Disa here ne jave,4,Jo,Neutral,Pajtohem,Pajtohem,Neutral,Neutral,Pajtohem plotesisht,Neutral,Pajtohem,Neutral,Neutral,Neutral,Pajtohem plotesisht,Neutral,Neutral,Pajtohem,Neutral,Neutral,Neutral,Pajtohem plotesisht,Neutral,Neutral,Neutral,Pajtohem,Neutral,Nuk pajtohem,"Sherbimet me IA mund te ndihmojne, por vendimet e rendesishme duhet te verifikohen nga punonjesit e bankes."
45,46173.42916666667,46173.4315162037,anonymous,,"Po, jap pelqimin tim",Mashkull,36-45,Arsim i mesem (gjimnaz/profesional),I/e punesuar,Bujqesi,Qytet tjeter,Credins Bank,Mbi 5 vjet,Mobile banking (aplikacioni i bankes ne telefon);Internet banking (permes kompjuterit/browserit);Karta debiti/krediti per pagesa online;,Nje here ne jave,5,Po,Pajtohem,Neutral,Neutral,Neutral,Pajtohem plotesisht,Pajtohem plotesisht,Neutral,Pajtohem plotesisht,Pajtohem,Pajtohem plotesisht,Nuk pajtohem,Neutral,Pajtohem,Neutral,Pajtohem plotesisht,Pajtohem,Pajtohem plotesisht,Nuk pajtohem,Neutral,Pajtohem,Nuk pajtohem,Neutral,Neutral,Pajtohem,Pajtohem,"IA mund te rrise shpejtesine e sherbimeve bankare, sidomos per rekomandime dhe zbulim mashtrimesh."
46,46173.42986111111,46173.433969907404,anonymous,,"Po, jap pelqimin tim",Mashkull,46-55,Bachelor,I/e papune,Ndertim / Inxhinieri,Shkoder,Credins Bank,1-3 vjet,Mobile banking (aplikacioni i bankes ne telefon);,Rralle ose kurre,3,Jo,Neutral,Nuk pajtohem,Nuk pajtohem,Nuk pajtohem,Pajtohem plotesisht,Pajtohem,Nuk pajtohem aspak,Nuk pajtohem aspak,Neutral,Pajtohem plotesisht,Nuk pajtohem,Pajtohem plotesisht,Neutral,Nuk pajtohem aspak,Nuk pajtohem aspak,Neutral,Pajtohem plotesisht,Nuk pajtohem,Pajtohem plotesisht,Nuk pajtohem,Pajtohem plotesisht,Pajtohem plotesisht,Pajtohem plotesisht,Pajtohem,Pajtohem,Per ceshtje bankare preferoj te flas me nje person dhe jo me sistem automatik.
47,46173.43263888889,46173.43383101852,anonymous,,"Po, jap pelqimin tim",Mashkull,26-35,Arsim i mesem (gjimnaz/profesional),I/e punesuar,Ndertim / Inxhinieri,Elbasan,Raiffeisen Bank,3-5 vjet,"Mobile banking (aplikacioni i bankes ne telefon);Karta debiti/krediti per pagesa online;E-wallet (EasyPay, M-Pay, E-Posta, etj.);",Nje here ne jave,3,Po,Pajtohem,Neutral,Neutral,Nuk pajtohem,Pajtohem,Pajtohem plotesisht,Nuk pajtohem aspak,Pajtohem,Nuk pajtohem,Pajtohem plotesisht,Neutral,Pajtohem plotesisht,Nuk pajtohem,Nuk pajtohem aspak,Pajtohem,Nuk pajtohem,Pajtohem plotesisht,Neutral,Pajtohem plotesisht,Nuk pajtohem,Neutral,Pajtohem plotesisht,Pajtohem,Pajtohem,Pajtohem plotesisht,"Sherbimet me IA mund te ndihmojne, por vendimet e rendesishme duhet te verifikohen nga punonjesit e bankes."
48,46173.43472222222,46173.43697916667,anonymous,,"Po, jap pelqimin tim",Mashkull,36-45,Arsim i mesem (gjimnaz/profesional),I/e punesuar,Administrate publike,Elbasan,Credins Bank,Mbi 5 vjet,Mobile banking (aplikacioni i bankes ne telefon);Internet banking (permes kompjuterit/browserit);Karta debiti/krediti per pagesa online;,Cdo dite,4,Jo,Pajtohem,Pajtohem plotesisht,Pajtohem plotesisht,Neutral,Nuk pajtohem aspak,Neutral,Neutral,Pajtohem plotesisht,Neutral,Pajtohem plotesisht,Pajtohem,Pajtohem plotesisht,Nuk pajtohem,Neutral,Pajtohem plotesisht,Neutral,Pajtohem plotesisht,Pajtohem,Pajtohem plotesisht,Nuk pajtohem,Nuk pajtohem aspak,Nuk pajtohem,Nuk pajtohem aspak,Nuk pajtohem,Pajtohem,Do ta provoja nese banka e shpjegon qarte si ruhen te dhenat dhe si kontrollohen vendimet.
49,46173.436111111114,46173.437256944446,anonymous,,"Po, jap pelqimin tim",Femer,26-35,Bachelor,I/e punesuar,Administrate publike,Durres,Credins Bank,3-5 vjet,Mobile banking (aplikacioni i bankes ne telefon);Internet banking (permes kompjuterit/browserit);Karta debiti/krediti per pagesa online;,Disa here ne jave,4,Po,Pajtohem plotesisht,Pajtohem plotesisht,Nuk pajtohem,Pajtohem plotesisht,Pajtohem,Pajtohem plotesisht,Nuk pajtohem,Pajtohem,Neutral,Pajtohem plotesisht,Neutral,Pajtohem,Pajtohem,Nuk pajtohem,Pajtohem,Neutral,Pajtohem plotesisht,Neutral,Pajtohem,Pajtohem,Nuk pajtohem,Pajtohem,Pajtohem plotesisht,Pajtohem,Pajtohem plotesisht,"Potenciali eshte i madh, por bankat duhet te forcojne qeverisjen e te dhenave dhe kontrollin rregullator."
50,46173.44027777778,46173.44136574074,anonymous,,"Po, jap pelqimin tim",Preferoj te mos pergjigjem,46-55,Master,I/e punesuar,Shendetesi / Mjekesi,Elbasan,Credins Bank,Mbi 5 vjet,Mobile banking (aplikacioni i bankes ne telefon);Internet banking (permes kompjuterit/browserit);,Disa here ne jave,5,Po,Pajtohem,Pajtohem,Neutral,Pajtohem plotesisht,Nuk pajtohem,Nuk pajtohem,Pajtohem,Pajtohem,Pajtohem plotesisht,Neutral,Pajtohem,Neutral,Pajtohem plotesisht,Pajtohem,Pajtohem,Pajtohem plotesisht,Neutral,Pajtohem,Neutral,Pajtohem plotesisht,Nuk pajtohem,Neutral,Neutral,Pajtohem plotesisht,Nuk pajtohem aspak,"IA mund te rrise shpejtesine e sherbimeve bankare, sidomos per rekomandime dhe zbulim mashtrimesh."
51,46173.441666666666,46173.446284722224,anonymous,,"Po, jap pelqimin tim",Femer,18-25,Bachelor,I/e punesuar,Tregti / Sherbime,Durres,BKT (Banka Kombetare Tregtare),Me pak se 1 vit,"Mobile banking (aplikacioni i bankes ne telefon);Internet banking (permes kompjuterit/browserit);Karta debiti/krediti per pagesa online;E-wallet (EasyPay, M-Pay, E-Posta, etj.);",Disa here ne jave,5,Po,Pajtohem,Neutral,Pajtohem plotesisht,Neutral,Neutral,Pajtohem,Pajtohem,Pajtohem,Pajtohem plotesisht,Pajtohem plotesisht,Pajtohem,Pajtohem,Pajtohem plotesisht,Pajtohem,Pajtohem,Pajtohem plotesisht,Pajtohem plotesisht,Pajtohem,Pajtohem,Pajtohem plotesisht,Nuk pajtohem,Pajtohem,Pajtohem plotesisht,Neutral,Neutral,"IA mund te rrise shpejtesine e sherbimeve bankare, sidomos per rekomandime dhe zbulim mashtrimesh."
52,46173.44236111111,46173.44513888889,anonymous,,"Po, jap pelqimin tim",Femer,36-45,Arsim i mesem (gjimnaz/profesional),I/e vetepunesuar,Tregti / Sherbime,Tirane,BKT (Banka Kombetare Tregtare),Me pak se 1 vit,Karta debiti/krediti per pagesa online;,Disa here ne muaj,2,Jo,Nuk pajtohem,Neutral,Pajtohem,Neutral,Neutral,Neutral,Neutral,Nuk pajtohem,Neutral,Nuk pajtohem,Nuk pajtohem,Nuk pajtohem,Neutral,Neutral,Nuk pajtohem,Neutral,Nuk pajtohem,Nuk pajtohem aspak,Nuk pajtohem,Neutral,Neutral,Pajtohem,Pajtohem,Neutral,Pajtohem,Per ceshtje bankare preferoj te flas me nje person dhe jo me sistem automatik.
53,46173.44375,46173.44519675926,anonymous,,"Po, jap pelqimin tim",Femer,18-25,Bachelor,I/e punesuar,Tregti / Sherbime,Zone rurale,BKT (Banka Kombetare Tregtare),Me pak se 1 vit,Mobile banking (aplikacioni i bankes ne telefon);Internet banking (permes kompjuterit/browserit);,Cdo dite,3,Po,Neutral,Pajtohem plotesisht,Neutral,Neutral,Pajtohem plotesisht,Pajtohem,Nuk pajtohem aspak,Neutral,Neutral,Pajtohem,Nuk pajtohem,Pajtohem plotesisht,Nuk pajtohem,Nuk pajtohem aspak,Neutral,Nuk pajtohem,Pajtohem,Nuk pajtohem,Pajtohem plotesisht,Nuk pajtohem,Pajtohem,Pajtohem plotesisht,Neutral,Neutral,Neutral,"Sherbimet me IA mund te ndihmojne, por vendimet e rendesishme duhet te verifikohen nga punonjesit e bankes."
54,46173.447222222225,46173.44987268518,anonymous,,"Po, jap pelqimin tim",Mashkull,36-45,Bachelor,I/e punesuar,Shendetesi / Mjekesi,Tirane,OTP Bank,Mbi 5 vjet,Mobile banking (aplikacioni i bankes ne telefon);Internet banking (permes kompjuterit/browserit);Karta debiti/krediti per pagesa online;,Disa here ne jave,3,Po,Nuk pajtohem,Pajtohem plotesisht,Pajtohem plotesisht,Pajtohem plotesisht,Neutral,Pajtohem,Pajtohem plotesisht,Pajtohem plotesisht,Pajtohem plotesisht,Pajtohem,Pajtohem plotesisht,Pajtohem plotesisht,Pajtohem,Pajtohem plotesisht,Pajtohem plotesisht,Pajtohem plotesisht,Neutral,Pajtohem plotesisht,Pajtohem plotesisht,Pajtohem,Pajtohem,Pajtohem plotesisht,Pajtohem,Neutral,Pajtohem plotesisht,"IA mund te rrise shpejtesine e sherbimeve bankare, sidomos per rekomandime dhe zbulim mashtrimesh."
55,46173.45,46173.452731481484,anonymous,,"Po, jap pelqimin tim",Mashkull,18-25,Bachelor,I/e punesuar,Tregti / Sherbime,Qytet tjeter,BKT (Banka Kombetare Tregtare),1-3 vjet,Mobile banking (aplikacioni i bankes ne telefon);,Cdo dite,5,Po,Pajtohem,Pajtohem plotesisht,Pajtohem,Pajtohem,Pajtohem plotesisht,Pajtohem,Pajtohem plotesisht,Pajtohem plotesisht,Pajtohem,Pajtohem plotesisht,Pajtohem plotesisht,Pajtohem,Pajtohem,Pajtohem plotesisht,Pajtohem plotesisht,Pajtohem plotesisht,Pajtohem,Pajtohem plotesisht,Pajtohem,Pajtohem,Nuk pajtohem,Neutral,Nuk pajtohem,Neutral,Nuk pajtohem,Do ta provoja nese banka e shpjegon qarte si ruhen te dhenat dhe si kontrollohen vendimet.
56,46173.450694444444,46173.45265046296,anonymous,,"Po, jap pelqimin tim",Mashkull,26-35,Master,I/e vetepunesuar,Shendetesi / Mjekesi,Vlore,Other,Mbi 5 vjet,Mobile banking (aplikacioni i bankes ne telefon);Internet banking (permes kompjuterit/browserit);,Disa here ne jave,3,Nuk jam i/e sigurt,Pajtohem,Pajtohem,Neutral,Pajtohem,Pajtohem,Pajtohem plotesisht,Pajtohem,Pajtohem,Pajtohem,Pajtohem plotesisht,Pajtohem plotesisht,Pajtohem plotesisht,Neutral,Pajtohem,Pajtohem,Pajtohem,Pajtohem plotesisht,Pajtohem plotesisht,Pajtohem plotesisht,Neutral,Nuk pajtohem,Pajtohem plotesisht,Pajtohem plotesisht,Neutral,Pajtohem,"Jam i hapur ndaj IA, por privatesia dhe transparenca jane kushtet kryesore."
57,46173.45347222222,46173.45518518519,anonymous,,"Po, jap pelqimin tim",Mashkull,26-35,Bachelor,I/e punesuar,Shendetesi / Mjekesi,Vlore,Raiffeisen Bank,Mbi 5 vjet,Nuk perdor asnje sherbim digjital bankar;,Rralle ose kurre,5,Po,Pajtohem,Pajtohem,Neutral,Nuk pajtohem aspak,Pajtohem,Neutral,Nuk pajtohem aspak,Neutral,Nuk pajtohem aspak,Pajtohem,Nuk pajtohem aspak,Pajtohem,Nuk pajtohem aspak,Nuk pajtohem aspak,Neutral,Nuk pajtohem aspak,Pajtohem,Nuk pajtohem aspak,Pajtohem,Nuk pajtohem aspak,Pajtohem,Pajtohem,Pajtohem,Neutral,Neutral,Per ceshtje bankare preferoj te flas me nje person dhe jo me sistem automatik.
58,46173.45694444444,46173.45915509259,anonymous,,"Po, jap pelqimin tim",Mashkull,26-35,Bachelor,I/e punesuar,Finance / Banke / Sigurime,Shkoder,Other,Mbi 5 vjet,"E-wallet (EasyPay, M-Pay, E-Posta, etj.);",Rralle ose kurre,3,Jo,Nuk pajtohem,Pajtohem,Nuk pajtohem,Neutral,Neutral,Neutral,Pajtohem,Neutral,Pajtohem,Pajtohem,Neutral,Neutral,Pajtohem,Pajtohem,Neutral,Neutral,Pajtohem,Neutral,Nuk pajtohem,Pajtohem,Neutral,Nuk pajtohem,Neutral,Nuk pajtohem aspak,Neutral,Per ceshtje bankare preferoj te flas me nje person dhe jo me sistem automatik.
59,46173.45694444444,46173.460486111115,anonymous,,"Po, jap pelqimin tim",Femer,55+,Arsim baze (9-vjecar),I/e papune,Tregti / Sherbime,Tirane,BKT (Banka Kombetare Tregtare),Mbi 5 vjet,"Mobile banking (aplikacioni i bankes ne telefon);E-wallet (EasyPay, M-Pay, E-Posta, etj.);",Disa here ne jave,4,Nuk jam i/e sigurt,Pajtohem,Pajtohem plotesisht,Neutral,Nuk pajtohem aspak,Pajtohem plotesisht,Pajtohem plotesisht,Nuk pajtohem aspak,Neutral,Neutral,Pajtohem,Neutral,Pajtohem plotesisht,Nuk pajtohem aspak,Nuk pajtohem aspak,Neutral,Neutral,Pajtohem,Neutral,Pajtohem plotesisht,Nuk pajtohem aspak,Neutral,Pajtohem,Neutral,Pajtohem,Pajtohem plotesisht,"Sherbimet me IA mund te ndihmojne, por vendimet e rendesishme duhet te verifikohen nga punonjesit e bankes."
60,46173.45972222222,46173.46225694445,anonymous,,"Po, jap pelqimin tim",Femer,55+,Arsim baze (9-vjecar),I/e punesuar,Administrate publike,Elbasan,Credins Bank,3-5 vjet,Internet banking (permes kompjuterit/browserit);,Disa here ne muaj,4,Po,Nuk pajtohem,Nuk pajtohem aspak,Pajtohem plotesisht,Nuk pajtohem aspak,Pajtohem,Pajtohem,Neutral,Neutral,Nuk pajtohem,Pajtohem,Neutral,Pajtohem plotesisht,Nuk pajtohem,Neutral,Neutral,Nuk pajtohem,Pajtohem,Neutral,Pajtohem plotesisht,Nuk pajtohem,Neutral,Neutral,Neutral,Nuk pajtohem,Pajtohem,Per ceshtje bankare preferoj te flas me nje person dhe jo me sistem automatik.
61,46173.4625,46173.46587962963,anonymous,,"Po, jap pelqimin tim",Femer,36-45,Bachelor,I/e papune,Finance / Banke / Sigurime,Durres,OTP Bank,1-3 vjet,Mobile banking (aplikacioni i bankes ne telefon);Internet banking (permes kompjuterit/browserit);,Cdo dite,3,Po,Pajtohem,Neutral,Neutral,Pajtohem,Pajtohem,Pajtohem,Neutral,Pajtohem,Pajtohem plotesisht,Pajtohem plotesisht,Pajtohem,Pajtohem plotesisht,Pajtohem plotesisht,Neutral,Pajtohem,Pajtohem plotesisht,Pajtohem plotesisht,Pajtohem,Pajtohem plotesisht,Pajtohem plotesisht,Nuk pajtohem aspak,Pajtohem,Nuk pajtohem,Pajtohem,Pajtohem,"IA duhet te zbatohet gradualisht, me auditim, transparence dhe pergjegjesi te qarte institucionale."
62,46173.46319444444,46173.46436342593,anonymous,,"Po, jap pelqimin tim",Mashkull,18-25,Doktorature,I/e punesuar,Teknologji / IT,Tirane,OTP Bank,3-5 vjet,Mobile banking (aplikacioni i bankes ne telefon);,Disa here ne jave,2,Jo,Neutral,Neutral,Nuk pajtohem,Nuk pajtohem,Neutral,Neutral,Pajtohem,Neutral,Nuk pajtohem aspak,Pajtohem,Nuk pajtohem,Pajtohem plotesisht,Nuk pajtohem aspak,Pajtohem,Neutral,Nuk pajtohem aspak,Pajtohem plotesisht,Nuk pajtohem aspak,Pajtohem plotesisht,Nuk pajtohem aspak,Nuk pajtohem aspak,Pajtohem,Pajtohem plotesisht,Pajtohem,Pajtohem plotesisht,"Sherbimet me IA mund te ndihmojne, por vendimet e rendesishme duhet te verifikohen nga punonjesit e bankes."
63,46173.46527777778,46173.467314814814,anonymous,,"Po, jap pelqimin tim",Mashkull,26-35,Bachelor,I/e punesuar,Tregti / Sherbime,Korce,Raiffeisen Bank,3-5 vjet,"Mobile banking (aplikacioni i bankes ne telefon);Internet banking (permes kompjuterit/browserit);Karta debiti/krediti per pagesa online;E-wallet (EasyPay, M-Pay, E-Posta, etj.);",Disa here ne jave,4,Jo,Pajtohem plotesisht,Pajtohem plotesisht,Pajtohem plotesisht,Pajtohem plotesisht,Nuk pajtohem,Nuk pajtohem,Pajtohem plotesisht,Pajtohem plotesisht,Pajtohem plotesisht,Pajtohem plotesisht,Pajtohem plotesisht,Nuk pajtohem,Pajtohem plotesisht,Pajtohem plotesisht,Pajtohem plotesisht,Pajtohem plotesisht,Pajtohem plotesisht,Pajtohem plotesisht,Nuk pajtohem,Pajtohem plotesisht,Neutral,Neutral,Pajtohem,Nuk pajtohem,Neutral,Do ta provoja nese banka e shpjegon qarte si ruhen te dhenat dhe si kontrollohen vendimet.
64,46173.467361111114,46173.46989583333,anonymous,,"Po, jap pelqimin tim",Mashkull,36-45,Arsim i mesem (gjimnaz/profesional),I/e punesuar,Tregti / Sherbime,Qytet tjeter,Raiffeisen Bank,Me pak se 1 vit,"Mobile banking (aplikacioni i bankes ne telefon);Karta debiti/krediti per pagesa online;E-wallet (EasyPay, M-Pay, E-Posta, etj.);",Cdo dite,5,Po,Pajtohem,Pajtohem plotesisht,Neutral,Pajtohem plotesisht,Pajtohem,Nuk pajtohem aspak,Pajtohem,Pajtohem plotesisht,Pajtohem plotesisht,Pajtohem plotesisht,Pajtohem,Pajtohem plotesisht,Pajtohem plotesisht,Pajtohem,Pajtohem plotesisht,Pajtohem plotesisht,Pajtohem,Neutral,Pajtohem plotesisht,Pajtohem plotesisht,Nuk pajtohem,Pajtohem,Neutral,Pajtohem plotesisht,Neutral,Do ta provoja nese banka e shpjegon qarte si ruhen te dhenat dhe si kontrollohen vendimet.
65,46173.47083333333,46173.475694444445,anonymous,,"Po, jap pelqimin tim",Femer,18-25,Arsim i mesem (gjimnaz/profesional),Student/e,Shendetesi / Mjekesi,Zone rurale,Credins Bank,Me pak se 1 vit,"Mobile banking (aplikacioni i bankes ne telefon);Karta debiti/krediti per pagesa online;E-wallet (EasyPay, M-Pay, E-Posta, etj.);",Nje here ne jave,3,Po,Pajtohem,Pajtohem plotesisht,Pajtohem plotesisht,Pajtohem plotesisht,Pajtohem plotesisht,Pajtohem plotesisht,Pajtohem,Pajtohem,Neutral,Neutral,Pajtohem,Pajtohem,Neutral,Pajtohem,Pajtohem,Neutral,Neutral,Pajtohem,Pajtohem,Neutral,Pajtohem,Neutral,Neutral,Pajtohem plotesisht,Pajtohem plotesisht,"Sherbimet me IA mund te ndihmojne, por vendimet e rendesishme duhet te verifikohen nga punonjesit e bankes."
66,46173.47083333333,46173.473287037035,anonymous,,"Po, jap pelqimin tim",Femer,36-45,Bachelor,I/e papune,Administrate publike,Tirane,BKT (Banka Kombetare Tregtare),Me pak se 1 vit,Karta debiti/krediti per pagesa online;,Rralle ose kurre,3,Jo,Nuk pajtohem aspak,Pajtohem,Pajtohem,Pajtohem,Pajtohem plotesisht,Pajtohem plotesisht,Pajtohem plotesisht,Nuk pajtohem,Pajtohem,Pajtohem,Pajtohem,Pajtohem plotesisht,Nuk pajtohem,Pajtohem plotesisht,Nuk pajtohem,Pajtohem,Pajtohem,Pajtohem,Pajtohem plotesisht,Nuk pajtohem,Pajtohem plotesisht,Pajtohem plotesisht,Pajtohem plotesisht,Pajtohem plotesisht,Pajtohem plotesisht,Per ceshtje bankare preferoj te flas me nje person dhe jo me sistem automatik.
67,46173.472916666666,46173.47592592592,anonymous,,"Po, jap pelqimin tim",Mashkull,26-35,Arsim i mesem (gjimnaz/profesional),I/e vetepunesuar,Ndertim / Inxhinieri,Zone rurale,BKT (Banka Kombetare Tregtare),3-5 vjet,"Mobile banking (aplikacioni i bankes ne telefon);Internet banking (permes kompjuterit/browserit);Karta debiti/krediti per pagesa online;E-wallet (EasyPay, M-Pay, E-Posta, etj.);",Cdo dite,5,Nuk jam i/e sigurt,Pajtohem,Pajtohem,Neutral,Pajtohem plotesisht,Nuk pajtohem,Neutral,Pajtohem plotesisht,Pajtohem,Pajtohem plotesisht,Pajtohem plotesisht,Pajtohem plotesisht,Neutral,Pajtohem plotesisht,Pajtohem plotesisht,Neutral,Pajtohem plotesisht,Pajtohem plotesisht,Pajtohem plotesisht,Neutral,Pajtohem plotesisht,Nuk pajtohem aspak,Nuk pajtohem,Nuk pajtohem,Neutral,Pajtohem,Do ta provoja nese banka e shpjegon qarte si ruhen te dhenat dhe si kontrollohen vendimet.
68,46173.475694444445,46173.47777777778,anonymous,,"Po, jap pelqimin tim",Mashkull,26-35,Bachelor,I/e vetepunesuar,Bujqesi,Vlore,Raiffeisen Bank,3-5 vjet,Mobile banking (aplikacioni i bankes ne telefon);Karta debiti/krediti per pagesa online;,Cdo dite,4,Po,Pajtohem plotesisht,Pajtohem plotesisht,Pajtohem,Pajtohem plotesisht,Nuk pajtohem,Nuk pajtohem,Pajtohem,Pajtohem,Pajtohem plotesisht,Nuk pajtohem,Pajtohem plotesisht,Neutral,Pajtohem plotesisht,Pajtohem,Pajtohem,Pajtohem plotesisht,Neutral,Pajtohem plotesisht,Neutral,Pajtohem plotesisht,Neutral,Nuk pajtohem aspak,Nuk pajtohem aspak,Nuk pajtohem,Neutral,"IA mund te rrise shpejtesine e sherbimeve bankare, sidomos per rekomandime dhe zbulim mashtrimesh."
69,46173.47708333333,46173.47954861111,anonymous,,"Po, jap pelqimin tim",Mashkull,36-45,Doktorature,I/e punesuar,Administrate publike,Qytet tjeter,BKT (Banka Kombetare Tregtare),3-5 vjet,Mobile banking (aplikacioni i bankes ne telefon);Internet banking (permes kompjuterit/browserit);Karta debiti/krediti per pagesa online;,Cdo dite,5,Jo,Pajtohem,Pajtohem,Pajtohem plotesisht,Neutral,Pajtohem plotesisht,Neutral,Pajtohem plotesisht,Pajtohem,Pajtohem plotesisht,Pajtohem,Pajtohem plotesisht,Nuk pajtohem,Pajtohem plotesisht,Pajtohem plotesisht,Pajtohem,Pajtohem plotesisht,Pajtohem,Pajtohem plotesisht,Nuk pajtohem,Pajtohem plotesisht,Neutral,Pajtohem plotesisht,Neutral,Pajtohem,Pajtohem,"IA mund te rrise shpejtesine e sherbimeve bankare, sidomos per rekomandime dhe zbulim mashtrimesh."
70,46173.48125,46173.48523148148,anonymous,,"Po, jap pelqimin tim",Femer,26-35,Master,I/e vetepunesuar,Tregti / Sherbime,Tirane,OTP Bank,1-3 vjet,Mobile banking (aplikacioni i bankes ne telefon);Karta debiti/krediti per pagesa online;,Nje here ne jave,4,Nuk jam i/e sigurt,Nuk pajtohem,Neutral,Nuk pajtohem aspak,Nuk pajtohem,Pajtohem plotesisht,Pajtohem,Pajtohem,Neutral,Nuk pajtohem,Pajtohem plotesisht,Neutral,Pajtohem,Nuk pajtohem,Pajtohem,Neutral,Nuk pajtohem,Pajtohem,Neutral,Pajtohem,Nuk pajtohem,Pajtohem,Pajtohem plotesisht,Neutral,Pajtohem plotesisht,Pajtohem plotesisht,"Sherbimet me IA mund te ndihmojne, por vendimet e rendesishme duhet te verifikohen nga punonjesit e bankes."
71,46173.48402777778,46173.48818287037,anonymous,,"Po, jap pelqimin tim",Femer,26-35,Arsim i mesem (gjimnaz/profesional),I/e vetepunesuar,Bujqesi,Zone rurale,Intesa Sanpaolo Bank,1-3 vjet,Mobile banking (aplikacioni i bankes ne telefon);Internet banking (permes kompjuterit/browserit);,Cdo dite,4,Jo,Pajtohem,Pajtohem,Pajtohem plotesisht,Pajtohem,Neutral,Pajtohem,Pajtohem plotesisht,Pajtohem plotesisht,Pajtohem,Pajtohem plotesisht,Pajtohem,Pajtohem,Pajtohem plotesisht,Pajtohem,Pajtohem plotesisht,Pajtohem,Pajtohem plotesisht,Pajtohem,Pajtohem,Pajtohem plotesisht,Neutral,Nuk pajtohem,Nuk pajtohem,Neutral,Nuk pajtohem aspak,Do ta provoja nese banka e shpjegon qarte si ruhen te dhenat dhe si kontrollohen vendimet.
72,46173.48541666667,46173.489340277774,anonymous,,"Po, jap pelqimin tim",Mashkull,36-45,Arsim i mesem (gjimnaz/profesional),I/e punesuar,Administrate publike,Durres,Raiffeisen Bank,1-3 vjet,"Mobile banking (aplikacioni i bankes ne telefon);Internet banking (permes kompjuterit/browserit);Karta debiti/krediti per pagesa online;E-wallet (EasyPay, M-Pay, E-Posta, etj.);",Nje here ne jave,3,Po,Neutral,Pajtohem plotesisht,Pajtohem,Neutral,Pajtohem,Pajtohem plotesisht,Pajtohem plotesisht,Neutral,Pajtohem,Pajtohem plotesisht,Pajtohem,Pajtohem,Pajtohem,Pajtohem plotesisht,Neutral,Pajtohem,Pajtohem plotesisht,Pajtohem,Pajtohem,Pajtohem,Nuk pajtohem aspak,Pajtohem,Pajtohem plotesisht,Pajtohem,Nuk pajtohem,"Sherbimet me IA mund te ndihmojne, por vendimet e rendesishme duhet te verifikohen nga punonjesit e bankes."
73,46173.48541666667,46173.48646990741,anonymous,,"Po, jap pelqimin tim",Mashkull,26-35,Doktorature,I/e punesuar,Ndertim / Inxhinieri,Tirane,Raiffeisen Bank,3-5 vjet,"Mobile banking (aplikacioni i bankes ne telefon);E-wallet (EasyPay, M-Pay, E-Posta, etj.);",Disa here ne jave,4,Po,Nuk pajtohem,Pajtohem,Pajtohem,Pajtohem,Pajtohem,Pajtohem,Pajtohem,Pajtohem,Pajtohem plotesisht,Pajtohem plotesisht,Neutral,Pajtohem plotesisht,Neutral,Pajtohem plotesisht,Pajtohem,Pajtohem plotesisht,Pajtohem plotesisht,Neutral,Pajtohem plotesisht,Neutral,Nuk pajtohem,Pajtohem plotesisht,Pajtohem,Neutral,Pajtohem,"Sherbimet me IA mund te ndihmojne, por vendimet e rendesishme duhet te verifikohen nga punonjesit e bankes."
74,46173.489583333336,46173.4921875,anonymous,,"Po, jap pelqimin tim",Femer,26-35,Bachelor,I/e papune,Arsim,Qytet tjeter,OTP Bank,Mbi 5 vjet,Karta debiti/krediti per pagesa online;,Disa here ne muaj,2,Po,Pajtohem,Nuk pajtohem,Nuk pajtohem,Neutral,Pajtohem plotesisht,Pajtohem plotesisht,Pajtohem,Pajtohem,Nuk pajtohem,Pajtohem plotesisht,Pajtohem,Pajtohem,Pajtohem,Pajtohem plotesisht,Pajtohem,Nuk pajtohem,Pajtohem plotesisht,Pajtohem,Pajtohem,Pajtohem,Pajtohem,Pajtohem plotesisht,Pajtohem plotesisht,Pajtohem plotesisht,Pajtohem plotesisht,"Sherbimet me IA mund te ndihmojne, por vendimet e rendesishme duhet te verifikohen nga punonjesit e bankes."
75,46173.49236111111,46173.49581018519,anonymous,,"Po, jap pelqimin tim",Femer,26-35,Bachelor,I/e vetepunesuar,Teknologji / IT,Tirane,Intesa Sanpaolo Bank,Mbi 5 vjet,"Internet banking (permes kompjuterit/browserit);Karta debiti/krediti per pagesa online;E-wallet (EasyPay, M-Pay, E-Posta, etj.);",Disa here ne jave,5,Po,Neutral,Pajtohem,Neutral,Neutral,Pajtohem,Pajtohem plotesisht,Neutral,Pajtohem plotesisht,Neutral,Pajtohem plotesisht,Neutral,Pajtohem,Nuk pajtohem,Neutral,Pajtohem plotesisht,Pajtohem,Pajtohem,Neutral,Pajtohem,Neutral,Nuk pajtohem,Pajtohem,Neutral,Neutral,Pajtohem plotesisht,"Sherbimet me IA mund te ndihmojne, por vendimet e rendesishme duhet te verifikohen nga punonjesit e bankes."
76,46173.49444444444,46173.49862268518,anonymous,,"Po, jap pelqimin tim",Femer,26-35,Doktorature,I/e vetepunesuar,Shendetesi / Mjekesi,Durres,BKT (Banka Kombetare Tregtare),3-5 vjet,Mobile banking (aplikacioni i bankes ne telefon);Internet banking (permes kompjuterit/browserit);Karta debiti/krediti per pagesa online;,Disa here ne jave,4,Po,Neutral,Pajtohem plotesisht,Pajtohem,Nuk pajtohem,Pajtohem plotesisht,Pajtohem,Pajtohem,Pajtohem plotesisht,Pajtohem,Pajtohem,Nuk pajtohem,Pajtohem plotesisht,Neutral,Pajtohem,Pajtohem plotesisht,Pajtohem,Pajtohem,Nuk pajtohem,Pajtohem plotesisht,Neutral,Neutral,Neutral,Neutral,Neutral,Pajtohem plotesisht,"Jam i hapur ndaj IA, por privatesia dhe transparenca jane kushtet kryesore."
77,46173.49652777778,46173.49996527778,anonymous,,"Po, jap pelqimin tim",Femer,46-55,Arsim baze (9-vjecar),I/e punesuar,Tregti / Sherbime,Qytet tjeter,Raiffeisen Bank,Mbi 5 vjet,"Mobile banking (aplikacioni i bankes ne telefon);Internet banking (permes kompjuterit/browserit);Karta debiti/krediti per pagesa online;E-wallet (EasyPay, M-Pay, E-Posta, etj.);",Disa here ne jave,3,Po,Neutral,Pajtohem plotesisht,Neutral,Nuk pajtohem,Pajtohem plotesisht,Pajtohem plotesisht,Neutral,Neutral,Neutral,Pajtohem plotesisht,Neutral,Pajtohem plotesisht,Nuk pajtohem aspak,Neutral,Neutral,Neutral,Pajtohem plotesisht,Neutral,Pajtohem plotesisht,Nuk pajtohem aspak,Nuk pajtohem,Pajtohem plotesisht,Neutral,Neutral,Pajtohem plotesisht,"Jam i hapur ndaj IA, por privatesia dhe transparenca jane kushtet kryesore."
78,46173.49722222222,46173.49958333333,anonymous,,"Po, jap pelqimin tim",Mashkull,26-35,Bachelor,I/e punesuar,Tregti / Sherbime,Qytet tjeter,Other,Me pak se 1 vit,Mobile banking (aplikacioni i bankes ne telefon);Internet banking (permes kompjuterit/browserit);Karta debiti/krediti per pagesa online;,Cdo dite,4,Po,Pajtohem plotesisht,Pajtohem plotesisht,Pajtohem plotesisht,Pajtohem plotesisht,Neutral,Neutral,Pajtohem plotesisht,Pajtohem plotesisht,Pajtohem plotesisht,Pajtohem plotesisht,Pajtohem plotesisht,Pajtohem,Pajtohem plotesisht,Pajtohem plotesisht,Pajtohem plotesisht,Pajtohem plotesisht,Pajtohem plotesisht,Pajtohem plotesisht,Pajtohem,Pajtohem plotesisht,Nuk pajtohem aspak,Pajtohem,Nuk pajtohem,Pajtohem,Pajtohem plotesisht,"IA duhet te zbatohet gradualisht, me auditim, transparence dhe pergjegjesi te qarte institucionale."
79,46173.5,46173.50462962963,anonymous,,"Po, jap pelqimin tim",Femer,36-45,Master,I/e papune,Arsim,Zone rurale,Credins Bank,1-3 vjet,Mobile banking (aplikacioni i bankes ne telefon);,Cdo dite,4,Po,Pajtohem plotesisht,Pajtohem plotesisht,Neutral,Neutral,Pajtohem,Neutral,Neutral,Pajtohem plotesisht,Pajtohem,Pajtohem,Pajtohem,Pajtohem,Pajtohem,Neutral,Pajtohem plotesisht,Pajtohem,Pajtohem,Neutral,Pajtohem,Pajtohem,Neutral,Neutral,Pajtohem,Neutral,Pajtohem,Do ta provoja nese banka e shpjegon qarte si ruhen te dhenat dhe si kontrollohen vendimet.
80,46173.5,46173.50221064815,anonymous,,"Po, jap pelqimin tim",Femer,26-35,Bachelor,I/e papune,Teknologji / IT,Qytet tjeter,BKT (Banka Kombetare Tregtare),Mbi 5 vjet,"Mobile banking (aplikacioni i bankes ne telefon);Karta debiti/krediti per pagesa online;E-wallet (EasyPay, M-Pay, E-Posta, etj.);",Cdo dite,5,Jo,Nuk pajtohem,Nuk pajtohem,Neutral,Pajtohem plotesisht,Neutral,Pajtohem,Pajtohem plotesisht,Pajtohem plotesisht,Pajtohem,Pajtohem,Pajtohem,Pajtohem,Pajtohem plotesisht,Pajtohem plotesisht,Pajtohem,Pajtohem plotesisht,Pajtohem,Pajtohem,Pajtohem,Pajtohem plotesisht,Nuk pajtohem,Pajtohem plotesisht,Nuk pajtohem,Nuk pajtohem,Nuk pajtohem,"IA mund te rrise shpejtesine e sherbimeve bankare, sidomos per rekomandime dhe zbulim mashtrimesh."
81,46173.50486111111,46173.50894675926,anonymous,,"Po, jap pelqimin tim",Mashkull,36-45,Arsim i mesem (gjimnaz/profesional),I/e vetepunesuar,Tregti / Sherbime,Tirane,BKT (Banka Kombetare Tregtare),Me pak se 1 vit,Mobile banking (aplikacioni i bankes ne telefon);Karta debiti/krediti per pagesa online;,Disa here ne jave,4,Po,Pajtohem,Pajtohem plotesisht,Neutral,Pajtohem,Pajtohem plotesisht,Pajtohem plotesisht,Neutral,Pajtohem,Pajtohem,Pajtohem plotesisht,Nuk pajtohem,Pajtohem plotesisht,Pajtohem,Neutral,Pajtohem,Pajtohem,Pajtohem plotesisht,Nuk pajtohem,Pajtohem plotesisht,Pajtohem,Pajtohem,Pajtohem plotesisht,Pajtohem,Pajtohem plotesisht,Neutral,"Jam i hapur ndaj IA, por privatesia dhe transparenca jane kushtet kryesore."
82,46173.50486111111,46173.50784722222,anonymous,,"Po, jap pelqimin tim",Femer,55+,Arsim baze (9-vjecar),I/e dale ne pension,Tregti / Sherbime,Korce,Other,Me pak se 1 vit,"Mobile banking (aplikacioni i bankes ne telefon);Internet banking (permes kompjuterit/browserit);Karta debiti/krediti per pagesa online;E-wallet (EasyPay, M-Pay, E-Posta, etj.);",Nje here ne jave,2,Po,Nuk pajtohem,Neutral,Pajtohem,Neutral,Pajtohem plotesisht,Neutral,Neutral,Pajtohem,Pajtohem,Pajtohem plotesisht,Nuk pajtohem,Pajtohem,Neutral,Neutral,Neutral,Pajtohem,Pajtohem plotesisht,Nuk pajtohem,Pajtohem,Neutral,Neutral,Pajtohem,Pajtohem,Pajtohem plotesisht,Pajtohem plotesisht,"Jam i hapur ndaj IA, por privatesia dhe transparenca jane kushtet kryesore."
83,46173.50833333333,46173.5125462963,anonymous,,"Po, jap pelqimin tim",Mashkull,46-55,Arsim i mesem (gjimnaz/profesional),I/e punesuar,Ndertim / Inxhinieri,Tirane,Raiffeisen Bank,1-3 vjet,Mobile banking (aplikacioni i bankes ne telefon);,Rralle ose kurre,3,Jo,Nuk pajtohem aspak,Nuk pajtohem aspak,Nuk pajtohem aspak,Nuk pajtohem aspak,Pajtohem,Pajtohem,Nuk pajtohem,Nuk pajtohem,Neutral,Pajtohem,Neutral,Neutral,Nuk pajtohem,Nuk pajtohem,Nuk pajtohem,Neutral,Pajtohem,Neutral,Neutral,Nuk pajtohem,Pajtohem plotesisht,Pajtohem plotesisht,Neutral,Neutral,Neutral,"IA mund te perdoret per pyetje te thjeshta, por jo per vendime financiare te rendesishme."
84,46173.509722222225,46173.51273148148,anonymous,,"Po, jap pelqimin tim",Femer,18-25,Arsim i mesem (gjimnaz/profesional),I/e punesuar,Bujqesi,Vlore,BKT (Banka Kombetare Tregtare),1-3 vjet,"Internet banking (permes kompjuterit/browserit);E-wallet (EasyPay, M-Pay, E-Posta, etj.);",Disa here ne jave,5,Po,Pajtohem plotesisht,Pajtohem,Pajtohem plotesisht,Pajtohem,Pajtohem plotesisht,Pajtohem plotesisht,Neutral,Pajtohem plotesisht,Pajtohem plotesisht,Pajtohem plotesisht,Pajtohem plotesisht,Neutral,Pajtohem,Neutral,Pajtohem plotesisht,Pajtohem plotesisht,Pajtohem plotesisht,Pajtohem plotesisht,Neutral,Pajtohem,Neutral,Pajtohem,Neutral,Nuk pajtohem,Neutral,"Jam i hapur ndaj IA, por privatesia dhe transparenca jane kushtet kryesore."
85,46173.51180555556,46173.51306712963,anonymous,,"Po, jap pelqimin tim",Mashkull,46-55,Arsim baze (9-vjecar),I/e punesuar,Bujqesi,Korce,Other,Mbi 5 vjet,Karta debiti/krediti per pagesa online;,Disa here ne muaj,4,Jo,Pajtohem,Neutral,Nuk pajtohem,Nuk pajtohem,Pajtohem plotesisht,Pajtohem plotesisht,Nuk pajtohem aspak,Pajtohem,Pajtohem,Pajtohem,Neutral,Pajtohem plotesisht,Neutral,Nuk pajtohem aspak,Pajtohem,Pajtohem,Pajtohem,Neutral,Pajtohem plotesisht,Neutral,Nuk pajtohem,Pajtohem,Neutral,Pajtohem,Pajtohem plotesisht,"Jam i hapur ndaj IA, por privatesia dhe transparenca jane kushtet kryesore."
86,46173.513194444444,46173.516851851855,anonymous,,"Po, jap pelqimin tim",Femer,26-35,Arsim i mesem (gjimnaz/profesional),I/e punesuar,Ndertim / Inxhinieri,Tirane,Raiffeisen Bank,3-5 vjet,Mobile banking (aplikacioni i bankes ne telefon);Karta debiti/krediti per pagesa online;,Cdo dite,3,Jo,Pajtohem plotesisht,Neutral,Pajtohem plotesisht,Neutral,Pajtohem,Pajtohem,Neutral,Neutral,Pajtohem,Neutral,Neutral,Pajtohem plotesisht,Pajtohem,Neutral,Neutral,Pajtohem,Neutral,Neutral,Pajtohem plotesisht,Pajtohem,Nuk pajtohem,Pajtohem plotesisht,Pajtohem,Pajtohem plotesisht,Pajtohem,"IA duhet te zbatohet gradualisht, me auditim, transparence dhe pergjegjesi te qarte institucionale."
87,46173.51597222222,46173.517372685186,anonymous,,"Po, jap pelqimin tim",Femer,36-45,Master,I/e punesuar,Shendetesi / Mjekesi,Durres,Raiffeisen Bank,Me pak se 1 vit,"Mobile banking (aplikacioni i bankes ne telefon);Internet banking (permes kompjuterit/browserit);Karta debiti/krediti per pagesa online;E-wallet (EasyPay, M-Pay, E-Posta, etj.);",Nje here ne jave,3,Po,Neutral,Nuk pajtohem,Nuk pajtohem,Neutral,Pajtohem plotesisht,Pajtohem plotesisht,Neutral,Nuk pajtohem,Pajtohem plotesisht,Pajtohem plotesisht,Neutral,Pajtohem plotesisht,Pajtohem,Neutral,Nuk pajtohem,Pajtohem plotesisht,Pajtohem plotesisht,Neutral,Pajtohem plotesisht,Pajtohem,Neutral,Pajtohem plotesisht,Pajtohem plotesisht,Pajtohem plotesisht,Pajtohem plotesisht,"Sherbimet me IA mund te ndihmojne, por vendimet e rendesishme duhet te verifikohen nga punonjesit e bankes."
88,46173.51875,46173.52180555555,anonymous,,"Po, jap pelqimin tim",Femer,26-35,Arsim baze (9-vjecar),I/e punesuar,Tregti / Sherbime,Qytet tjeter,BKT (Banka Kombetare Tregtare),3-5 vjet,"Mobile banking (aplikacioni i bankes ne telefon);Internet banking (permes kompjuterit/browserit);Karta debiti/krediti per pagesa online;E-wallet (EasyPay, M-Pay, E-Posta, etj.);",Cdo dite,5,Po,Pajtohem,Pajtohem plotesisht,Pajtohem plotesisht,Pajtohem plotesisht,Pajtohem,Neutral,Neutral,Pajtohem,Pajtohem plotesisht,Pajtohem plotesisht,Nuk pajtohem aspak,Pajtohem,Pajtohem,Neutral,Pajtohem,Pajtohem plotesisht,Pajtohem plotesisht,Nuk pajtohem aspak,Pajtohem,Pajtohem,Neutral,Pajtohem plotesisht,Nuk pajtohem,Pajtohem,Neutral,Do ta provoja nese banka e shpjegon qarte si ruhen te dhenat dhe si kontrollohen vendimet.
89,46173.51875,46173.52155092593,anonymous,,"Po, jap pelqimin tim",Femer,18-25,Arsim i mesem (gjimnaz/profesional),Student/e,Shendetesi / Mjekesi,Tirane,Intesa Sanpaolo Bank,Me pak se 1 vit,Mobile banking (aplikacioni i bankes ne telefon);Internet banking (permes kompjuterit/browserit);Karta debiti/krediti per pagesa online;,Nje here ne jave,4,Jo,Nuk pajtohem aspak,Pajtohem,Pajtohem plotesisht,Pajtohem,Nuk pajtohem,Nuk pajtohem,Pajtohem plotesisht,Pajtohem plotesisht,Pajtohem,Pajtohem,Neutral,Nuk pajtohem,Pajtohem,Pajtohem plotesisht,Pajtohem plotesisht,Pajtohem,Pajtohem,Neutral,Nuk pajtohem,Pajtohem,Nuk pajtohem aspak,Nuk pajtohem,Nuk pajtohem aspak,Nuk pajtohem aspak,Neutral,"Jam i hapur ndaj IA, por privatesia dhe transparenca jane kushtet kryesore."
90,46173.520833333336,46173.52543981482,anonymous,,"Po, jap pelqimin tim",Femer,18-25,Master,Student/e,Administrate publike,Tirane,BKT (Banka Kombetare Tregtare),1-3 vjet,"Mobile banking (aplikacioni i bankes ne telefon);Karta debiti/krediti per pagesa online;E-wallet (EasyPay, M-Pay, E-Posta, etj.);",Nje here ne jave,4,Po,Nuk pajtohem aspak,Nuk pajtohem,Neutral,Nuk pajtohem,Neutral,Neutral,Nuk pajtohem,Nuk pajtohem,Pajtohem,Pajtohem,Neutral,Nuk pajtohem,Pajtohem,Nuk pajtohem,Nuk pajtohem,Pajtohem,Pajtohem plotesisht,Neutral,Nuk pajtohem,Pajtohem,Nuk pajtohem aspak,Pajtohem,Pajtohem,Neutral,Neutral,"Jam i hapur ndaj IA, por privatesia dhe transparenca jane kushtet kryesore."
91,46173.52361111111,46173.52601851852,anonymous,,"Po, jap pelqimin tim",Femer,18-25,Bachelor,I/e punesuar,Finance / Banke / Sigurime,Tirane,Intesa Sanpaolo Bank,3-5 vjet,Mobile banking (aplikacioni i bankes ne telefon);,Disa here ne jave,4,Nuk jam i/e sigurt,Pajtohem,Neutral,Neutral,Pajtohem plotesisht,Neutral,Pajtohem plotesisht,Pajtohem,Pajtohem,Pajtohem,Neutral,Pajtohem,Pajtohem,Pajtohem,Neutral,Pajtohem,Pajtohem,Neutral,Pajtohem,Pajtohem,Pajtohem,Neutral,Pajtohem,Neutral,Pajtohem,Neutral,Do ta provoja nese banka e shpjegon qarte si ruhen te dhenat dhe si kontrollohen vendimet.
92,46173.52777777778,46173.53084490741,anonymous,,"Po, jap pelqimin tim",Femer,18-25,Arsim i mesem (gjimnaz/profesional),Student/e,Ndertim / Inxhinieri,Elbasan,BKT (Banka Kombetare Tregtare),1-3 vjet,"Mobile banking (aplikacioni i bankes ne telefon);E-wallet (EasyPay, M-Pay, E-Posta, etj.);",Nje here ne jave,3,Po,Nuk pajtohem,Neutral,Pajtohem,Pajtohem,Pajtohem,Pajtohem plotesisht,Neutral,Pajtohem,Pajtohem,Neutral,Nuk pajtohem,Pajtohem plotesisht,Pajtohem plotesisht,Neutral,Pajtohem,Pajtohem,Nuk pajtohem,Nuk pajtohem,Pajtohem plotesisht,Pajtohem plotesisht,Neutral,Pajtohem,Neutral,Neutral,Pajtohem plotesisht,"Jam i hapur ndaj IA, por privatesia dhe transparenca jane kushtet kryesore."
93,46173.52777777778,46173.52908564815,anonymous,,"Po, jap pelqimin tim",Mashkull,46-55,Arsim i mesem (gjimnaz/profesional),I/e punesuar,Ndertim / Inxhinieri,Tirane,Credins Bank,Mbi 5 vjet,Internet banking (permes kompjuterit/browserit);,Disa here ne muaj,3,Po,Neutral,Neutral,Neutral,Nuk pajtohem aspak,Pajtohem plotesisht,Pajtohem plotesisht,Nuk pajtohem,Neutral,Nuk pajtohem aspak,Pajtohem,Nuk pajtohem,Pajtohem,Nuk pajtohem,Nuk pajtohem aspak,Pajtohem,Nuk pajtohem,Pajtohem,Nuk pajtohem,Pajtohem,Nuk pajtohem,Pajtohem,Pajtohem,Pajtohem plotesisht,Pajtohem plotesisht,Pajtohem plotesisht,Per ceshtje bankare preferoj te flas me nje person dhe jo me sistem automatik.
94,46173.529861111114,46173.53265046296,anonymous,,"Po, jap pelqimin tim",Femer,46-55,Arsim i mesem (gjimnaz/profesional),I/e punesuar,Tregti / Sherbime,Qytet tjeter,Credins Bank,3-5 vjet,"Mobile banking (aplikacioni i bankes ne telefon);Karta debiti/krediti per pagesa online;E-wallet (EasyPay, M-Pay, E-Posta, etj.);",Cdo dite,3,Jo,Pajtohem,Pajtohem plotesisht,Pajtohem,Pajtohem plotesisht,Pajtohem,Pajtohem,Neutral,Pajtohem plotesisht,Pajtohem plotesisht,Neutral,Pajtohem,Neutral,Pajtohem plotesisht,Neutral,Pajtohem plotesisht,Pajtohem plotesisht,Neutral,Pajtohem,Neutral,Pajtohem plotesisht,Neutral,Neutral,Nuk pajtohem,Pajtohem,Nuk pajtohem,"IA mund te rrise shpejtesine e sherbimeve bankare, sidomos per rekomandime dhe zbulim mashtrimesh."
95,46173.53125,46173.53539351852,anonymous,,"Po, jap pelqimin tim",Mashkull,46-55,Master,I/e punesuar,Teknologji / IT,Elbasan,Raiffeisen Bank,Mbi 5 vjet,Mobile banking (aplikacioni i bankes ne telefon);Internet banking (permes kompjuterit/browserit);Karta debiti/krediti per pagesa online;,Cdo dite,5,Po,Pajtohem plotesisht,Pajtohem plotesisht,Pajtohem,Neutral,Pajtohem,Pajtohem plotesisht,Nuk pajtohem,Pajtohem plotesisht,Neutral,Pajtohem plotesisht,Pajtohem plotesisht,Neutral,Neutral,Nuk pajtohem,Pajtohem,Pajtohem,Pajtohem plotesisht,Pajtohem,Neutral,Nuk pajtohem,Nuk pajtohem aspak,Nuk pajtohem,Neutral,Pajtohem,Nuk pajtohem,"IA mund te rrise shpejtesine e sherbimeve bankare, sidomos per rekomandime dhe zbulim mashtrimesh."
96,46173.53402777778,46173.53539351852,anonymous,,"Po, jap pelqimin tim",Femer,26-35,Bachelor,I/e vetepunesuar,Tregti / Sherbime,Korce,OTP Bank,3-5 vjet,"Mobile banking (aplikacioni i bankes ne telefon);E-wallet (EasyPay, M-Pay, E-Posta, etj.);",Disa here ne muaj,2,Jo,Nuk pajtohem,Neutral,Neutral,Pajtohem,Pajtohem plotesisht,Neutral,Pajtohem,Pajtohem,Nuk pajtohem,Pajtohem,Neutral,Pajtohem plotesisht,Neutral,Pajtohem,Pajtohem,Nuk pajtohem,Pajtohem plotesisht,Pajtohem,Pajtohem plotesisht,Neutral,Pajtohem,Pajtohem,Pajtohem,Nuk pajtohem,Pajtohem,"IA mund te perdoret per pyetje te thjeshta, por jo per vendime financiare te rendesishme."
97,46173.538194444445,46173.54224537037,anonymous,,"Po, jap pelqimin tim",Mashkull,26-35,Master,I/e vetepunesuar,Teknologji / IT,Qytet tjeter,Raiffeisen Bank,3-5 vjet,Mobile banking (aplikacioni i bankes ne telefon);,Disa here ne jave,4,Nuk jam i/e sigurt,Nuk pajtohem,Pajtohem,Pajtohem,Neutral,Pajtohem,Pajtohem,Pajtohem,Pajtohem plotesisht,Pajtohem,Pajtohem,Nuk pajtohem,Pajtohem plotesisht,Neutral,Pajtohem,Pajtohem plotesisht,Neutral,Pajtohem,Nuk pajtohem,Pajtohem plotesisht,Neutral,Nuk pajtohem aspak,Nuk pajtohem,Pajtohem plotesisht,Pajtohem,Nuk pajtohem aspak,"Jam i hapur ndaj IA, por privatesia dhe transparenca jane kushtet kryesore."
98,46173.538194444445,46173.5424537037,anonymous,,"Po, jap pelqimin tim",Femer,36-45,Arsim i mesem (gjimnaz/profesional),I/e papune,Tregti / Sherbime,Shkoder,BKT (Banka Kombetare Tregtare),Me pak se 1 vit,Karta debiti/krediti per pagesa online;,Disa here ne jave,5,Jo,Neutral,Pajtohem plotesisht,Pajtohem plotesisht,Neutral,Pajtohem plotesisht,Pajtohem,Neutral,Pajtohem,Neutral,Pajtohem plotesisht,Pajtohem,Pajtohem,Pajtohem plotesisht,Neutral,Pajtohem,Neutral,Pajtohem,Pajtohem,Pajtohem plotesisht,Pajtohem plotesisht,Nuk pajtohem,Pajtohem plotesisht,Nuk pajtohem,Pajtohem,Nuk pajtohem,"Jam i hapur ndaj IA, por privatesia dhe transparenca jane kushtet kryesore."
99,46173.541666666664,46173.543969907405,anonymous,,"Po, jap pelqimin tim",Mashkull,26-35,Bachelor,I/e punesuar,Teknologji / IT,Qytet tjeter,BKT (Banka Kombetare Tregtare),3-5 vjet,Mobile banking (aplikacioni i bankes ne telefon);Internet banking (permes kompjuterit/browserit);Karta debiti/krediti per pagesa online;,Disa here ne jave,5,Jo,Neutral,Nuk pajtohem,Nuk pajtohem,Pajtohem,Neutral,Neutral,Pajtohem,Pajtohem plotesisht,Pajtohem,Pajtohem plotesisht,Neutral,Pajtohem plotesisht,Neutral,Pajtohem,Pajtohem plotesisht,Pajtohem,Pajtohem plotesisht,Neutral,Pajtohem plotesisht,Neutral,Nuk pajtohem,Pajtohem plotesisht,Pajtohem,Pajtohem plotesisht,Neutral,"IA duhet te zbatohet gradualisht, me auditim, transparence dhe pergjegjesi te qarte institucionale."
100,46173.54236111111,46173.54383101852,anonymous,,"Po, jap pelqimin tim",Femer,26-35,Bachelor,I/e punesuar,Arsim,Zone rurale,Other,Mbi 5 vjet,"Mobile banking (aplikacioni i bankes ne telefon);Karta debiti/krediti per pagesa online;E-wallet (EasyPay, M-Pay, E-Posta, etj.);",Cdo dite,4,Nuk jam i/e sigurt,Pajtohem,Pajtohem plotesisht,Pajtohem plotesisht,Pajtohem,Nuk pajtohem,Nuk pajtohem aspak,Pajtohem plotesisht,Pajtohem plotesisht,Pajtohem plotesisht,Pajtohem,Pajtohem plotesisht,Neutral,Pajtohem plotesisht,Pajtohem plotesisht,Pajtohem plotesisht,Pajtohem plotesisht,Pajtohem plotesisht,Pajtohem,Neutral,Pajtohem plotesisht,Nuk pajtohem aspak,Nuk pajtohem aspak,Nuk pajtohem,Nuk pajtohem,Neutral,"IA mund te rrise shpejtesine e sherbimeve bankare, sidomos per rekomandime dhe zbulim mashtrimesh."
101,46173.544444444444,46173.54607638889,anonymous,,"Po, jap pelqimin tim",Mashkull,46-55,Arsim i mesem (gjimnaz/profesional),I/e punesuar,Tregti / Sherbime,Elbasan,OTP Bank,Me pak se 1 vit,Mobile banking (aplikacioni i bankes ne telefon);Internet banking (permes kompjuterit/browserit);,Disa here ne jave,2,Po,Pajtohem,Pajtohem plotesisht,Pajtohem plotesisht,Pajtohem,Neutral,Neutral,Pajtohem,Neutral,Nuk pajtohem,Pajtohem,Neutral,Nuk pajtohem,Nuk pajtohem,Pajtohem,Neutral,Nuk pajtohem,Pajtohem,Neutral,Nuk pajtohem aspak,Nuk pajtohem,Nuk pajtohem aspak,Nuk pajtohem,Nuk pajtohem,Pajtohem,Neutral,"Sherbimet me IA mund te ndihmojne, por vendimet e rendesishme duhet te verifikohen nga punonjesit e bankes."
102,46173.54791666667,46173.55269675926,anonymous,,"Po, jap pelqimin tim",Mashkull,18-25,Bachelor,Student/e,Bujqesi,Qytet tjeter,Intesa Sanpaolo Bank,Me pak se 1 vit,Mobile banking (aplikacioni i bankes ne telefon);Internet banking (permes kompjuterit/browserit);Karta debiti/krediti per pagesa online;,Disa here ne jave,4,Po,Pajtohem,Pajtohem plotesisht,Pajtohem plotesisht,Pajtohem plotesisht,Nuk pajtohem aspak,Neutral,Neutral,Pajtohem plotesisht,Nuk pajtohem,Pajtohem plotesisht,Pajtohem,Pajtohem,Pajtohem,Nuk pajtohem,Pajtohem plotesisht,Nuk pajtohem,Pajtohem plotesisht,Neutral,Pajtohem,Pajtohem,Nuk pajtohem aspak,Neutral,Nuk pajtohem aspak,Nuk pajtohem aspak,Neutral,"IA mund te rrise shpejtesine e sherbimeve bankare, sidomos per rekomandime dhe zbulim mashtrimesh."
103,46173.55069444444,46173.55207175926,anonymous,,"Po, jap pelqimin tim",Femer,18-25,Arsim i mesem (gjimnaz/profesional),Student/e,Finance / Banke / Sigurime,Tirane,Tirana Bank,1-3 vjet,Mobile banking (aplikacioni i bankes ne telefon);Karta debiti/krediti per pagesa online;,Disa here ne jave,4,Jo,Pajtohem,Pajtohem plotesisht,Pajtohem,Pajtohem plotesisht,Nuk pajtohem aspak,Nuk pajtohem,Pajtohem plotesisht,Pajtohem plotesisht,Pajtohem plotesisht,Neutral,Pajtohem plotesisht,Pajtohem plotesisht,Pajtohem plotesisht,Pajtohem plotesisht,Pajtohem plotesisht,Pajtohem plotesisht,Neutral,Pajtohem plotesisht,Pajtohem plotesisht,Pajtohem plotesisht,Nuk pajtohem aspak,Neutral,Nuk pajtohem aspak,Nuk pajtohem,Nuk pajtohem aspak,"IA mund te rrise shpejtesine e sherbimeve bankare, sidomos per rekomandime dhe zbulim mashtrimesh."
104,46173.55,46173.551932870374,anonymous,,"Po, jap pelqimin tim",Mashkull,26-35,Bachelor,I/e punesuar,Administrate publike,Qytet tjeter,Other,3-5 vjet,"Mobile banking (aplikacioni i bankes ne telefon);Internet banking (permes kompjuterit/browserit);Karta debiti/krediti per pagesa online;E-wallet (EasyPay, M-Pay, E-Posta, etj.);",Cdo dite,5,Po,Neutral,Pajtohem plotesisht,Neutral,Pajtohem plotesisht,Pajtohem,Pajtohem,Pajtohem plotesisht,Pajtohem plotesisht,Neutral,Pajtohem plotesisht,Pajtohem plotesisht,Pajtohem,Pajtohem plotesisht,Pajtohem plotesisht,Pajtohem plotesisht,Neutral,Pajtohem plotesisht,Pajtohem plotesisht,Pajtohem,Pajtohem plotesisht,Nuk pajtohem,Pajtohem plotesisht,Neutral,Neutral,Neutral,"IA duhet te zbatohet gradualisht, me auditim, transparence dhe pergjegjesi te qarte institucionale."
105,46173.552777777775,46173.55472222222,anonymous,,"Po, jap pelqimin tim",Mashkull,36-45,Bachelor,I/e punesuar,Tregti / Sherbime,Shkoder,BKT (Banka Kombetare Tregtare),Me pak se 1 vit,Internet banking (permes kompjuterit/browserit);,Rralle ose kurre,3,Jo,Nuk pajtohem aspak,Neutral,Nuk pajtohem aspak,Nuk pajtohem,Neutral,Neutral,Nuk pajtohem,Nuk pajtohem aspak,Nuk pajtohem aspak,Pajtohem,Nuk pajtohem aspak,Neutral,Nuk pajtohem aspak,Nuk pajtohem,Nuk pajtohem aspak,Nuk pajtohem aspak,Pajtohem,Nuk pajtohem aspak,Neutral,Nuk pajtohem aspak,Neutral,Neutral,Neutral,Pajtohem,Nuk pajtohem,"IA mund te perdoret per pyetje te thjeshta, por jo per vendime financiare te rendesishme."
106,46173.55486111111,46173.557280092595,anonymous,,"Po, jap pelqimin tim",Femer,26-35,Arsim i mesem (gjimnaz/profesional),I/e punesuar,Tregti / Sherbime,Vlore,Raiffeisen Bank,Me pak se 1 vit,"Mobile banking (aplikacioni i bankes ne telefon);Internet banking (permes kompjuterit/browserit);E-wallet (EasyPay, M-Pay, E-Posta, etj.);",Disa here ne jave,5,Jo,Pajtohem,Pajtohem,Nuk pajtohem aspak,Pajtohem plotesisht,Nuk pajtohem,Neutral,Pajtohem plotesisht,Neutral,Pajtohem,Pajtohem plotesisht,Pajtohem plotesisht,Pajtohem plotesisht,Pajtohem plotesisht,Pajtohem plotesisht,Neutral,Pajtohem,Pajtohem plotesisht,Pajtohem plotesisht,Pajtohem plotesisht,Pajtohem plotesisht,Nuk pajtohem,Neutral,Nuk pajtohem,Nuk pajtohem,Pajtohem,Do ta provoja nese banka e shpjegon qarte si ruhen te dhenat dhe si kontrollohen vendimet.
107,46173.558333333334,46173.56017361111,anonymous,,"Po, jap pelqimin tim",Mashkull,46-55,Arsim i mesem (gjimnaz/profesional),I/e papune,Bujqesi,Qytet tjeter,Raiffeisen Bank,Mbi 5 vjet,Mobile banking (aplikacioni i bankes ne telefon);Karta debiti/krediti per pagesa online;,Rralle ose kurre,3,Po,Neutral,Neutral,Nuk pajtohem,Pajtohem,Neutral,Pajtohem plotesisht,Pajtohem,Nuk pajtohem,Nuk pajtohem,Pajtohem,Nuk pajtohem aspak,Neutral,Neutral,Pajtohem,Neutral,Nuk pajtohem,Pajtohem,Nuk pajtohem aspak,Neutral,Neutral,Neutral,Pajtohem plotesisht,Neutral,Neutral,Pajtohem,Per ceshtje bankare preferoj te flas me nje person dhe jo me sistem automatik.
108,46173.56041666667,46173.563622685186,anonymous,,"Po, jap pelqimin tim",Femer,26-35,Master,I/e punesuar,Arsim,Qytet tjeter,BKT (Banka Kombetare Tregtare),Me pak se 1 vit,"Mobile banking (aplikacioni i bankes ne telefon);Internet banking (permes kompjuterit/browserit);Karta debiti/krediti per pagesa online;E-wallet (EasyPay, M-Pay, E-Posta, etj.);",Disa here ne jave,5,Jo,Pajtohem,Pajtohem plotesisht,Pajtohem,Pajtohem plotesisht,Nuk pajtohem aspak,Pajtohem,Pajtohem plotesisht,Pajtohem,Pajtohem,Neutral,Pajtohem plotesisht,Neutral,Pajtohem plotesisht,Pajtohem plotesisht,Pajtohem,Pajtohem,Neutral,Pajtohem plotesisht,Neutral,Pajtohem plotesisht,Nuk pajtohem aspak,Nuk pajtohem,Neutral,Nuk pajtohem,Nuk pajtohem aspak,"IA mund te rrise shpejtesine e sherbimeve bankare, sidomos per rekomandime dhe zbulim mashtrimesh."
109,46173.5625,46173.56476851852,anonymous,,"Po, jap pelqimin tim",Mashkull,36-45,Arsim i mesem (gjimnaz/profesional),I/e vetepunesuar,Administrate publike,Tirane,Intesa Sanpaolo Bank,1-3 vjet,Mobile banking (aplikacioni i bankes ne telefon);,Disa here ne jave,3,Jo,Neutral,Nuk pajtohem,Pajtohem plotesisht,Pajtohem,Pajtohem plotesisht,Neutral,Neutral,Pajtohem,Nuk pajtohem,Pajtohem plotesisht,Neutral,Pajtohem plotesisht,Neutral,Neutral,Pajtohem,Nuk pajtohem,Pajtohem plotesisht,Neutral,Pajtohem plotesisht,Neutral,Pajtohem,Pajtohem plotesisht,Pajtohem plotesisht,Pajtohem plotesisht,Pajtohem,"Jam i hapur ndaj IA, por privatesia dhe transparenca jane kushtet kryesore."
110,46173.56527777778,46173.56885416667,anonymous,,"Po, jap pelqimin tim",Mashkull,26-35,Bachelor,I/e punesuar,Shendetesi / Mjekesi,Tirane,BKT (Banka Kombetare Tregtare),Me pak se 1 vit,Nuk perdor asnje sherbim digjital bankar;,Rralle ose kurre,3,Jo,Nuk pajtohem,Nuk pajtohem aspak,Nuk pajtohem aspak,Nuk pajtohem,Neutral,Neutral,Nuk pajtohem,Pajtohem,Nuk pajtohem aspak,Pajtohem,Pajtohem,Pajtohem plotesisht,Nuk pajtohem aspak,Nuk pajtohem,Pajtohem,Nuk pajtohem aspak,Pajtohem,Neutral,Pajtohem plotesisht,Nuk pajtohem aspak,Pajtohem,Pajtohem,Pajtohem plotesisht,Nuk pajtohem,Pajtohem plotesisht,"IA mund te perdoret per pyetje te thjeshta, por jo per vendime financiare te rendesishme."
111,46173.56527777778,46173.56886574074,anonymous,,"Po, jap pelqimin tim",Mashkull,26-35,Master,I/e vetepunesuar,Teknologji / IT,Durres,Intesa Sanpaolo Bank,3-5 vjet,Mobile banking (aplikacioni i bankes ne telefon);,Cdo dite,4,Po,Neutral,Pajtohem,Pajtohem plotesisht,Pajtohem,Neutral,Neutral,Nuk pajtohem,Pajtohem plotesisht,Nuk pajtohem,Pajtohem plotesisht,Pajtohem,Pajtohem,Pajtohem,Neutral,Pajtohem plotesisht,Nuk pajtohem aspak,Pajtohem plotesisht,Pajtohem,Pajtohem,Pajtohem,Neutral,Pajtohem plotesisht,Pajtohem plotesisht,Nuk pajtohem,Pajtohem,"Jam i hapur ndaj IA, por privatesia dhe transparenca jane kushtet kryesore."
112,46173.56736111111,46173.571597222224,anonymous,,"Po, jap pelqimin tim",Femer,26-35,Bachelor,I/e punesuar,Administrate publike,Tirane,Intesa Sanpaolo Bank,Mbi 5 vjet,"Mobile banking (aplikacioni i bankes ne telefon);Karta debiti/krediti per pagesa online;E-wallet (EasyPay, M-Pay, E-Posta, etj.);",Nje here ne jave,3,Nuk jam i/e sigurt,Neutral,Pajtohem plotesisht,Neutral,Neutral,Pajtohem plotesisht,Pajtohem plotesisht,Pajtohem plotesisht,Pajtohem plotesisht,Nuk pajtohem,Pajtohem plotesisht,Pajtohem,Pajtohem plotesisht,Pajtohem plotesisht,Pajtohem plotesisht,Pajtohem plotesisht,Nuk pajtohem,Pajtohem plotesisht,Pajtohem,Pajtohem plotesisht,Pajtohem plotesisht,Neutral,Pajtohem,Pajtohem plotesisht,Pajtohem plotesisht,Pajtohem,"Sherbimet me IA mund te ndihmojne, por vendimet e rendesishme duhet te verifikohen nga punonjesit e bankes."
113,46173.57083333333,46173.57225694445,anonymous,,"Po, jap pelqimin tim",Femer,36-45,Master,I/e vetepunesuar,Tregti / Sherbime,Durres,BKT (Banka Kombetare Tregtare),1-3 vjet,Mobile banking (aplikacioni i bankes ne telefon);Karta debiti/krediti per pagesa online;,Cdo dite,5,Po,Pajtohem plotesisht,Pajtohem plotesisht,Pajtohem plotesisht,Pajtohem,Neutral,Neutral,Pajtohem,Pajtohem plotesisht,Pajtohem plotesisht,Neutral,Pajtohem plotesisht,Pajtohem plotesisht,Pajtohem,Pajtohem,Pajtohem plotesisht,Pajtohem plotesisht,Neutral,Pajtohem plotesisht,Pajtohem plotesisht,Pajtohem plotesisht,Nuk pajtohem,Pajtohem,Nuk pajtohem aspak,Nuk pajtohem,Neutral,"IA mund te rrise shpejtesine e sherbimeve bankare, sidomos per rekomandime dhe zbulim mashtrimesh."
114,46173.572222222225,46173.57313657407,anonymous,,"Po, jap pelqimin tim",Mashkull,18-25,Bachelor,I/e punesuar,Arsim,Elbasan,Credins Bank,3-5 vjet,Mobile banking (aplikacioni i bankes ne telefon);Karta debiti/krediti per pagesa online;,Cdo dite,3,Jo,Pajtohem,Pajtohem plotesisht,Neutral,Neutral,Pajtohem,Neutral,Pajtohem plotesisht,Pajtohem plotesisht,Nuk pajtohem aspak,Pajtohem,Pajtohem,Pajtohem plotesisht,Neutral,Pajtohem plotesisht,Pajtohem plotesisht,Nuk pajtohem aspak,Pajtohem,Neutral,Pajtohem plotesisht,Nuk pajtohem,Nuk pajtohem,Neutral,Nuk pajtohem,Nuk pajtohem aspak,Pajtohem plotesisht,"IA mund te rrise shpejtesine e sherbimeve bankare, sidomos per rekomandime dhe zbulim mashtrimesh."
115,46173.575,46173.579050925924,anonymous,,"Po, jap pelqimin tim",Mashkull,36-45,Bachelor,I/e vetepunesuar,Shendetesi / Mjekesi,Qytet tjeter,Raiffeisen Bank,1-3 vjet,Nuk perdor asnje sherbim digjital bankar;,Rralle ose kurre,2,Jo,Nuk pajtohem aspak,Nuk pajtohem,Nuk pajtohem aspak,Neutral,Pajtohem plotesisht,Pajtohem,Nuk pajtohem,Nuk pajtohem,Nuk pajtohem aspak,Neutral,Neutral,Pajtohem plotesisht,Nuk pajtohem aspak,Nuk pajtohem,Nuk pajtohem,Nuk pajtohem aspak,Neutral,Neutral,Pajtohem plotesisht,Nuk pajtohem aspak,Pajtohem,Pajtohem,Pajtohem plotesisht,Pajtohem,Pajtohem,Per ceshtje bankare preferoj te flas me nje person dhe jo me sistem automatik.
116,46173.57638888889,46173.581145833334,anonymous,,"Po, jap pelqimin tim",Mashkull,18-25,Bachelor,Student/e,Administrate publike,Qytet tjeter,Tirana Bank,1-3 vjet,"Mobile banking (aplikacioni i bankes ne telefon);E-wallet (EasyPay, M-Pay, E-Posta, etj.);",Nje here ne jave,4,Po,Pajtohem,Neutral,Neutral,Nuk pajtohem aspak,Pajtohem,Pajtohem plotesisht,Neutral,Pajtohem,Nuk pajtohem,Pajtohem plotesisht,Pajtohem,Pajtohem plotesisht,Neutral,Neutral,Pajtohem,Nuk pajtohem,Pajtohem plotesisht,Pajtohem,Pajtohem plotesisht,Neutral,Nuk pajtohem,Pajtohem,Nuk pajtohem,Neutral,Neutral,"Jam i hapur ndaj IA, por privatesia dhe transparenca jane kushtet kryesore."
117,46173.57777777778,46173.582291666666,anonymous,,"Po, jap pelqimin tim",Femer,55+,Arsim baze (9-vjecar),I/e dale ne pension,Tregti / Sherbime,Tirane,BKT (Banka Kombetare Tregtare),Me pak se 1 vit,Nuk perdor asnje sherbim digjital bankar;,Rralle ose kurre,1,Nuk jam i/e sigurt,Nuk pajtohem aspak,Neutral,Nuk pajtohem,Nuk pajtohem,Neutral,Pajtohem plotesisht,Nuk pajtohem aspak,Neutral,Nuk pajtohem,Pajtohem,Nuk pajtohem,Pajtohem,Nuk pajtohem aspak,Nuk pajtohem aspak,Neutral,Nuk pajtohem,Pajtohem plotesisht,Nuk pajtohem,Pajtohem,Nuk pajtohem,Pajtohem,Pajtohem plotesisht,Pajtohem plotesisht,Pajtohem plotesisht,Pajtohem,Per ceshtje bankare preferoj te flas me nje person dhe jo me sistem automatik.
118,46173.57986111111,46173.58076388889,anonymous,,"Po, jap pelqimin tim",Femer,26-35,Arsim i mesem (gjimnaz/profesional),I/e punesuar,Administrate publike,Qytet tjeter,Intesa Sanpaolo Bank,1-3 vjet,Mobile banking (aplikacioni i bankes ne telefon);Karta debiti/krediti per pagesa online;,Disa here ne jave,4,Jo,Pajtohem plotesisht,Neutral,Neutral,Neutral,Pajtohem plotesisht,Pajtohem plotesisht,Pajtohem plotesisht,Neutral,Pajtohem,Pajtohem plotesisht,Pajtohem plotesisht,Pajtohem plotesisht,Neutral,Pajtohem plotesisht,Neutral,Pajtohem,Pajtohem plotesisht,Pajtohem plotesisht,Pajtohem plotesisht,Neutral,Neutral,Pajtohem plotesisht,Pajtohem plotesisht,Pajtohem plotesisht,Pajtohem,"Sherbimet me IA mund te ndihmojne, por vendimet e rendesishme duhet te verifikohen nga punonjesit e bankes."
119,46173.58125,46173.58311342593,anonymous,,"Po, jap pelqimin tim",Mashkull,46-55,Arsim baze (9-vjecar),I/e papune,Tregti / Sherbime,Tirane,Raiffeisen Bank,3-5 vjet,Internet banking (permes kompjuterit/browserit);Karta debiti/krediti per pagesa online;,Disa here ne jave,4,Jo,Neutral,Neutral,Nuk pajtohem aspak,Neutral,Pajtohem plotesisht,Neutral,Neutral,Neutral,Pajtohem,Pajtohem plotesisht,Pajtohem,Neutral,Neutral,Neutral,Neutral,Pajtohem,Pajtohem plotesisht,Pajtohem,Pajtohem,Pajtohem,Pajtohem,Pajtohem plotesisht,Neutral,Neutral,Neutral,"Jam i hapur ndaj IA, por privatesia dhe transparenca jane kushtet kryesore."
120,46173.584027777775,46173.586493055554,anonymous,,"Po, jap pelqimin tim",Mashkull,46-55,Arsim baze (9-vjecar),I/e punesuar,Bujqesi,Tirane,BKT (Banka Kombetare Tregtare),3-5 vjet,"Mobile banking (aplikacioni i bankes ne telefon);Internet banking (permes kompjuterit/browserit);Karta debiti/krediti per pagesa online;E-wallet (EasyPay, M-Pay, E-Posta, etj.);",Disa here ne jave,5,Po,Pajtohem plotesisht,Pajtohem plotesisht,Neutral,Pajtohem plotesisht,Neutral,Neutral,Pajtohem plotesisht,Neutral,Pajtohem plotesisht,Pajtohem,Pajtohem plotesisht,Pajtohem,Pajtohem plotesisht,Pajtohem plotesisht,Neutral,Pajtohem plotesisht,Pajtohem,Pajtohem plotesisht,Pajtohem,Pajtohem plotesisht,Nuk pajtohem aspak,Neutral,Pajtohem plotesisht,Neutral,Neutral,"IA mund te rrise shpejtesine e sherbimeve bankare, sidomos per rekomandime dhe zbulim mashtrimesh."
121,46173.58541666667,46173.58920138889,anonymous,,"Po, jap pelqimin tim",Femer,36-45,Doktorature,I/e punesuar,Arsim,Tirane,Other,Me pak se 1 vit,"Mobile banking (aplikacioni i bankes ne telefon);Internet banking (permes kompjuterit/browserit);Karta debiti/krediti per pagesa online;E-wallet (EasyPay, M-Pay, E-Posta, etj.);",Cdo dite,3,Po,Pajtohem,Neutral,Pajtohem plotesisht,Pajtohem plotesisht,Pajtohem,Pajtohem,Pajtohem,Neutral,Pajtohem plotesisht,Pajtohem plotesisht,Pajtohem plotesisht,Pajtohem,Pajtohem,Pajtohem,Neutral,Pajtohem,Pajtohem plotesisht,Pajtohem plotesisht,Pajtohem plotesisht,Pajtohem plotesisht,Nuk pajtohem aspak,Pajtohem plotesisht,Pajtohem,Pajtohem,Neutral,"Potenciali eshte i madh, por bankat duhet te forcojne qeverisjen e te dhenave dhe kontrollin rregullator."
122,46173.58819444444,46173.59130787037,anonymous,,"Po, jap pelqimin tim",Femer,26-35,Bachelor,I/e papune,Ndertim / Inxhinieri,Qytet tjeter,BKT (Banka Kombetare Tregtare),1-3 vjet,Nuk perdor asnje sherbim digjital bankar;,Rralle ose kurre,3,Po,Neutral,Nuk pajtohem,Nuk pajtohem,Nuk pajtohem aspak,Pajtohem,Pajtohem,Neutral,Neutral,Nuk pajtohem,Pajtohem,Nuk pajtohem,Pajtohem,Nuk pajtohem aspak,Neutral,Neutral,Nuk pajtohem,Pajtohem,Nuk pajtohem aspak,Pajtohem,Nuk pajtohem aspak,Nuk pajtohem,Pajtohem,Pajtohem plotesisht,Pajtohem,Pajtohem plotesisht,Per ceshtje bankare preferoj te flas me nje person dhe jo me sistem automatik.
123,46173.592361111114,46173.595138888886,anonymous,,"Po, jap pelqimin tim",Femer,55+,Arsim baze (9-vjecar),I/e dale ne pension,Bujqesi,Qytet tjeter,Tirana Bank,1-3 vjet,Nuk perdor asnje sherbim digjital bankar;,Rralle ose kurre,3,Jo,Nuk pajtohem,Nuk pajtohem aspak,Nuk pajtohem,Nuk pajtohem aspak,Pajtohem plotesisht,Pajtohem,Nuk pajtohem aspak,Neutral,Nuk pajtohem,Pajtohem plotesisht,Nuk pajtohem aspak,Neutral,Nuk pajtohem aspak,Nuk pajtohem aspak,Neutral,Nuk pajtohem,Pajtohem plotesisht,Nuk pajtohem aspak,Neutral,Nuk pajtohem aspak,Pajtohem,Pajtohem,Pajtohem plotesisht,Pajtohem plotesisht,Neutral,Per ceshtje bankare preferoj te flas me nje person dhe jo me sistem automatik.
124,46173.59444444445,46173.59799768519,anonymous,,"Po, jap pelqimin tim",Femer,18-25,Arsim i mesem (gjimnaz/profesional),I/e punesuar,Tregti / Sherbime,Tirane,Raiffeisen Bank,Me pak se 1 vit,Mobile banking (aplikacioni i bankes ne telefon);Internet banking (permes kompjuterit/browserit);Karta debiti/krediti per pagesa online;,Cdo dite,3,Po,Pajtohem,Pajtohem,Pajtohem,Pajtohem,Pajtohem,Nuk pajtohem,Pajtohem plotesisht,Pajtohem,Neutral,Pajtohem,Pajtohem plotesisht,Pajtohem plotesisht,Pajtohem plotesisht,Pajtohem plotesisht,Pajtohem,Neutral,Pajtohem,Pajtohem plotesisht,Pajtohem plotesisht,Pajtohem plotesisht,Neutral,Neutral,Neutral,Neutral,Neutral,Do ta provoja nese banka e shpjegon qarte si ruhen te dhenat dhe si kontrollohen vendimet.
125,46173.595138888886,46173.599074074074,anonymous,,"Po, jap pelqimin tim",Mashkull,55+,Bachelor,I/e dale ne pension,Administrate publike,Tirane,BKT (Banka Kombetare Tregtare),Me pak se 1 vit,Internet banking (permes kompjuterit/browserit);,Disa here ne muaj,2,Jo,Nuk pajtohem,Nuk pajtohem,Neutral,Nuk pajtohem aspak,Nuk pajtohem aspak,Pajtohem,Nuk pajtohem aspak,Pajtohem,Nuk pajtohem aspak,Pajtohem,Nuk pajtohem aspak,Neutral,Nuk pajtohem aspak,Nuk pajtohem aspak,Pajtohem,Nuk pajtohem aspak,Pajtohem,Nuk pajtohem aspak,Neutral,Nuk pajtohem aspak,Neutral,Neutral,Pajtohem,Nuk pajtohem aspak,Pajtohem,"IA mund te perdoret per pyetje te thjeshta, por jo per vendime financiare te rendesishme."
126,46173.59583333333,46173.5968287037,anonymous,,"Po, jap pelqimin tim",Mashkull,18-25,Arsim i mesem (gjimnaz/profesional),I/e punesuar,Tregti / Sherbime,Elbasan,OTP Bank,1-3 vjet,"Mobile banking (aplikacioni i bankes ne telefon);Internet banking (permes kompjuterit/browserit);E-wallet (EasyPay, M-Pay, E-Posta, etj.);",Disa here ne jave,3,Nuk jam i/e sigurt,Pajtohem,Pajtohem,Pajtohem,Pajtohem plotesisht,Pajtohem plotesisht,Neutral,Pajtohem plotesisht,Pajtohem plotesisht,Pajtohem,Pajtohem,Pajtohem plotesisht,Pajtohem plotesisht,Pajtohem,Pajtohem plotesisht,Pajtohem plotesisht,Pajtohem,Pajtohem,Pajtohem plotesisht,Pajtohem plotesisht,Pajtohem,Pajtohem,Pajtohem,Pajtohem plotesisht,Pajtohem,Pajtohem plotesisht,"Jam i hapur ndaj IA, por privatesia dhe transparenca jane kushtet kryesore."
127,46173.6,46173.6027662037,anonymous,,"Po, jap pelqimin tim",Femer,26-35,Arsim i mesem (gjimnaz/profesional),I/e papune,Tregti / Sherbime,Tirane,BKT (Banka Kombetare Tregtare),Mbi 5 vjet,Mobile banking (aplikacioni i bankes ne telefon);Internet banking (permes kompjuterit/browserit);Karta debiti/krediti per pagesa online;,Disa here ne jave,4,Po,Pajtohem,Pajtohem,Neutral,Pajtohem plotesisht,Pajtohem,Neutral,Pajtohem,Pajtohem plotesisht,Nuk pajtohem,Neutral,Pajtohem plotesisht,Neutral,Pajtohem plotesisht,Pajtohem,Pajtohem plotesisht,Nuk pajtohem,Neutral,Pajtohem plotesisht,Neutral,Pajtohem plotesisht,Nuk pajtohem aspak,Nuk pajtohem,Pajtohem,Nuk pajtohem,Nuk pajtohem aspak,"IA mund te rrise shpejtesine e sherbimeve bankare, sidomos per rekomandime dhe zbulim mashtrimesh."
128,46173.60138888889,46173.60346064815,anonymous,,"Po, jap pelqimin tim",Femer,46-55,Bachelor,I/e punesuar,Teknologji / IT,Korce,Raiffeisen Bank,Mbi 5 vjet,Karta debiti/krediti per pagesa online;,Nje here ne jave,4,Po,Neutral,Neutral,Nuk pajtohem,Neutral,Pajtohem plotesisht,Neutral,Pajtohem,Pajtohem,Pajtohem,Pajtohem plotesisht,Pajtohem plotesisht,Pajtohem plotesisht,Neutral,Pajtohem,Pajtohem,Pajtohem,Pajtohem plotesisht,Pajtohem plotesisht,Pajtohem plotesisht,Neutral,Pajtohem plotesisht,Pajtohem plotesisht,Pajtohem plotesisht,Pajtohem plotesisht,Pajtohem plotesisht,"Jam i hapur ndaj IA, por privatesia dhe transparenca jane kushtet kryesore."
129,46173.604166666664,46173.606770833336,anonymous,,"Po, jap pelqimin tim",Femer,46-55,Arsim baze (9-vjecar),I/e punesuar,Administrate publike,Tirane,Other,Mbi 5 vjet,Internet banking (permes kompjuterit/browserit);Karta debiti/krediti per pagesa online;,Disa here ne jave,3,Po,Neutral,Neutral,Pajtohem,Pajtohem,Pajtohem plotesisht,Pajtohem plotesisht,Pajtohem,Neutral,Pajtohem,Pajtohem plotesisht,Neutral,Pajtohem plotesisht,Pajtohem,Neutral,Neutral,Pajtohem,Pajtohem plotesisht,Neutral,Pajtohem plotesisht,Pajtohem,Pajtohem,Pajtohem plotesisht,Pajtohem,Pajtohem plotesisht,Pajtohem plotesisht,"Jam i hapur ndaj IA, por privatesia dhe transparenca jane kushtet kryesore."
130,46173.604166666664,46173.60670138889,anonymous,,"Po, jap pelqimin tim",Mashkull,26-35,Master,I/e punesuar,Finance / Banke / Sigurime,Tirane,Raiffeisen Bank,Mbi 5 vjet,Mobile banking (aplikacioni i bankes ne telefon);Karta debiti/krediti per pagesa online;,Cdo dite,4,Po,Pajtohem plotesisht,Neutral,Pajtohem,Neutral,Pajtohem,Nuk pajtohem,Pajtohem plotesisht,Nuk pajtohem,Neutral,Pajtohem,Pajtohem,Pajtohem plotesisht,Pajtohem plotesisht,Pajtohem plotesisht,Nuk pajtohem,Neutral,Pajtohem,Pajtohem,Pajtohem plotesisht,Pajtohem plotesisht,Nuk pajtohem aspak,Pajtohem plotesisht,Neutral,Pajtohem,Pajtohem,"IA duhet te zbatohet gradualisht, me auditim, transparence dhe pergjegjesi te qarte institucionale."
131,46173.60763888889,46173.60853009259,anonymous,,"Po, jap pelqimin tim",Mashkull,46-55,Arsim baze (9-vjecar),I/e vetepunesuar,Tregti / Sherbime,Durres,Credins Bank,3-5 vjet,Nuk perdor asnje sherbim digjital bankar;,Rralle ose kurre,4,Po,Neutral,Neutral,Neutral,Pajtohem,Nuk pajtohem,Nuk pajtohem,Neutral,Neutral,Pajtohem plotesisht,Neutral,Pajtohem,Neutral,Pajtohem,Neutral,Pajtohem,Pajtohem plotesisht,Neutral,Pajtohem,Nuk pajtohem,Pajtohem,Pajtohem plotesisht,Nuk pajtohem aspak,Neutral,Nuk pajtohem aspak,Nuk pajtohem,"IA mund te perdoret per pyetje te thjeshta, por jo per vendime financiare te rendesishme."
132,46173.60972222222,46173.61300925926,anonymous,,"Po, jap pelqimin tim",Femer,36-45,Master,I/e punesuar,Tregti / Sherbime,Tirane,Credins Bank,Me pak se 1 vit,Mobile banking (aplikacioni i bankes ne telefon);Internet banking (permes kompjuterit/browserit);Karta debiti/krediti per pagesa online;,Nje here ne jave,3,Jo,Pajtohem plotesisht,Pajtohem plotesisht,Pajtohem plotesisht,Pajtohem,Pajtohem,Nuk pajtohem,Neutral,Neutral,Pajtohem,Pajtohem plotesisht,Pajtohem,Pajtohem plotesisht,Pajtohem,Neutral,Nuk pajtohem,Neutral,Pajtohem plotesisht,Pajtohem plotesisht,Pajtohem plotesisht,Neutral,Neutral,Pajtohem,Neutral,Nuk pajtohem,Pajtohem,"Jam i hapur ndaj IA, por privatesia dhe transparenca jane kushtet kryesore."
133,46173.61041666667,46173.61178240741,anonymous,,"Po, jap pelqimin tim",Preferoj te mos pergjigjem,18-25,Bachelor,I/e punesuar,Arsim,Vlore,BKT (Banka Kombetare Tregtare),Me pak se 1 vit,Mobile banking (aplikacioni i bankes ne telefon);Karta debiti/krediti per pagesa online;,Cdo dite,4,Jo,Neutral,Pajtohem,Neutral,Pajtohem,Pajtohem plotesisht,Pajtohem plotesisht,Neutral,Pajtohem,Neutral,Neutral,Pajtohem plotesisht,Pajtohem,Neutral,Neutral,Pajtohem,Neutral,Neutral,Pajtohem plotesisht,Pajtohem,Neutral,Nuk pajtohem aspak,Pajtohem,Pajtohem plotesisht,Neutral,Pajtohem plotesisht,"IA mund te rrise shpejtesine e sherbimeve bankare, sidomos per rekomandime dhe zbulim mashtrimesh."
134,46173.61388888889,46173.617939814816,anonymous,,"Po, jap pelqimin tim",Mashkull,46-55,Bachelor,I/e punesuar,Administrate publike,Vlore,Raiffeisen Bank,3-5 vjet,"Karta debiti/krediti per pagesa online;E-wallet (EasyPay, M-Pay, E-Posta, etj.);",Nje here ne jave,4,Po,Pajtohem,Pajtohem,Pajtohem,Neutral,Pajtohem plotesisht,Pajtohem plotesisht,Pajtohem,Pajtohem plotesisht,Pajtohem,Pajtohem plotesisht,Pajtohem,Pajtohem,Pajtohem,Pajtohem,Pajtohem plotesisht,Pajtohem,Pajtohem plotesisht,Pajtohem,Neutral,Pajtohem,Pajtohem,Pajtohem plotesisht,Neutral,Pajtohem,Pajtohem plotesisht,"Jam i hapur ndaj IA, por privatesia dhe transparenca jane kushtet kryesore."
135,46173.61666666667,46173.61858796296,anonymous,,"Po, jap pelqimin tim",Femer,26-35,Bachelor,I/e punesuar,Tregti / Sherbime,Tirane,OTP Bank,Mbi 5 vjet,Mobile banking (aplikacioni i bankes ne telefon);Karta debiti/krediti per pagesa online;,Cdo dite,4,Jo,Neutral,Nuk pajtohem,Pajtohem,Pajtohem,Pajtohem plotesisht,Pajtohem plotesisht,Neutral,Neutral,Neutral,Pajtohem plotesisht,Neutral,Pajtohem,Neutral,Neutral,Neutral,Neutral,Pajtohem,Neutral,Pajtohem,Neutral,Nuk pajtohem,Pajtohem plotesisht,Pajtohem plotesisht,Pajtohem plotesisht,Nuk pajtohem,"Sherbimet me IA mund te ndihmojne, por vendimet e rendesishme duhet te verifikohen nga punonjesit e bankes."
136,46173.618055555555,46173.61971064815,anonymous,,"Po, jap pelqimin tim",Mashkull,55+,Arsim baze (9-vjecar),I/e dale ne pension,Administrate publike,Tirane,OTP Bank,3-5 vjet,Nuk perdor asnje sherbim digjital bankar;,Rralle ose kurre,2,Jo,Pajtohem,Neutral,Neutral,Nuk pajtohem aspak,Nuk pajtohem,Neutral,Pajtohem,Nuk pajtohem,Nuk pajtohem aspak,Pajtohem plotesisht,Nuk pajtohem,Neutral,Nuk pajtohem aspak,Pajtohem,Nuk pajtohem,Nuk pajtohem aspak,Pajtohem plotesisht,Nuk pajtohem,Neutral,Nuk pajtohem aspak,Pajtohem,Neutral,Pajtohem plotesisht,Pajtohem,Neutral,Per ceshtje bankare preferoj te flas me nje person dhe jo me sistem automatik.
137,46173.61944444444,46173.623252314814,anonymous,,"Po, jap pelqimin tim",Mashkull,18-25,Master,I/e punesuar,Shendetesi / Mjekesi,Qytet tjeter,OTP Bank,Me pak se 1 vit,"Mobile banking (aplikacioni i bankes ne telefon);Karta debiti/krediti per pagesa online;E-wallet (EasyPay, M-Pay, E-Posta, etj.);",Disa here ne jave,4,Jo,Neutral,Pajtohem plotesisht,Pajtohem plotesisht,Pajtohem plotesisht,Pajtohem,Pajtohem plotesisht,Pajtohem plotesisht,Pajtohem plotesisht,Pajtohem plotesisht,Pajtohem plotesisht,Pajtohem,Pajtohem plotesisht,Pajtohem,Pajtohem plotesisht,Pajtohem plotesisht,Pajtohem plotesisht,Pajtohem plotesisht,Pajtohem,Pajtohem plotesisht,Pajtohem,Nuk pajtohem,Pajtohem,Pajtohem plotesisht,Pajtohem plotesisht,Pajtohem,"Jam i hapur ndaj IA, por privatesia dhe transparenca jane kushtet kryesore."
138,46173.62222222222,46173.62670138889,anonymous,,"Po, jap pelqimin tim",Femer,18-25,Master,I/e papune,Shendetesi / Mjekesi,Tirane,Raiffeisen Bank,Me pak se 1 vit,"Mobile banking (aplikacioni i bankes ne telefon);Karta debiti/krediti per pagesa online;E-wallet (EasyPay, M-Pay, E-Posta, etj.);",Disa here ne jave,3,Jo,Pajtohem,Nuk pajtohem,Nuk pajtohem,Nuk pajtohem,Neutral,Pajtohem,Nuk pajtohem,Nuk pajtohem,Pajtohem,Nuk pajtohem,Nuk pajtohem,Pajtohem,Neutral,Nuk pajtohem aspak,Nuk pajtohem aspak,Pajtohem,Nuk pajtohem,Nuk pajtohem,Pajtohem,Neutral,Nuk pajtohem aspak,Pajtohem plotesisht,Pajtohem,Pajtohem plotesisht,Pajtohem,"Jam i hapur ndaj IA, por privatesia dhe transparenca jane kushtet kryesore."
139,46173.623611111114,46173.62579861111,anonymous,,"Po, jap pelqimin tim",Mashkull,18-25,Master,I/e vetepunesuar,Arsim,Korce,BKT (Banka Kombetare Tregtare),Me pak se 1 vit,Mobile banking (aplikacioni i bankes ne telefon);Karta debiti/krediti per pagesa online;,Disa here ne jave,4,Po,Neutral,Pajtohem,Neutral,Neutral,Neutral,Pajtohem,Pajtohem,Neutral,Pajtohem,Pajtohem,Pajtohem plotesisht,Pajtohem,Pajtohem,Pajtohem,Neutral,Pajtohem,Pajtohem,Pajtohem plotesisht,Pajtohem,Pajtohem,Nuk pajtohem aspak,Nuk pajtohem aspak,Neutral,Neutral,Pajtohem,Do ta provoja nese banka e shpjegon qarte si ruhen te dhenat dhe si kontrollohen vendimet.
140,46173.626388888886,46173.62851851852,anonymous,,"Po, jap pelqimin tim",Mashkull,18-25,Bachelor,Student/e,Ndertim / Inxhinieri,Zone rurale,Raiffeisen Bank,Me pak se 1 vit,Mobile banking (aplikacioni i bankes ne telefon);Internet banking (permes kompjuterit/browserit);Karta debiti/krediti per pagesa online;,Disa here ne jave,4,Po,Pajtohem,Pajtohem,Neutral,Pajtohem plotesisht,Nuk pajtohem,Pajtohem,Pajtohem,Pajtohem plotesisht,Pajtohem plotesisht,Neutral,Pajtohem,Pajtohem plotesisht,Pajtohem,Pajtohem plotesisht,Pajtohem plotesisht,Pajtohem plotesisht,Neutral,Pajtohem,Pajtohem plotesisht,Pajtohem plotesisht,Pajtohem,Pajtohem plotesisht,Neutral,Neutral,Pajtohem plotesisht,"IA mund te rrise shpejtesine e sherbimeve bankare, sidomos per rekomandime dhe zbulim mashtrimesh."
141,46173.62847222222,46173.63030092593,anonymous,,"Po, jap pelqimin tim",Femer,26-35,Arsim i mesem (gjimnaz/profesional),I/e punesuar,Administrate publike,Tirane,BKT (Banka Kombetare Tregtare),Mbi 5 vjet,"E-wallet (EasyPay, M-Pay, E-Posta, etj.);",Cdo dite,3,Nuk jam i/e sigurt,Pajtohem,Pajtohem,Pajtohem,Pajtohem plotesisht,Pajtohem plotesisht,Pajtohem plotesisht,Neutral,Neutral,Neutral,Pajtohem plotesisht,Neutral,Pajtohem,Pajtohem,Neutral,Neutral,Neutral,Pajtohem plotesisht,Nuk pajtohem,Pajtohem,Pajtohem,Pajtohem,Pajtohem plotesisht,Neutral,Pajtohem plotesisht,Pajtohem plotesisht,"Sherbimet me IA mund te ndihmojne, por vendimet e rendesishme duhet te verifikohen nga punonjesit e bankes."
142,46173.63055555556,46173.633680555555,anonymous,,"Po, jap pelqimin tim",Mashkull,26-35,Bachelor,I/e punesuar,Finance / Banke / Sigurime,Shkoder,Raiffeisen Bank,Me pak se 1 vit,"Mobile banking (aplikacioni i bankes ne telefon);Internet banking (permes kompjuterit/browserit);E-wallet (EasyPay, M-Pay, E-Posta, etj.);",Disa here ne jave,4,Jo,Neutral,Pajtohem plotesisht,Pajtohem plotesisht,Pajtohem,Pajtohem,Pajtohem,Pajtohem plotesisht,Pajtohem plotesisht,Pajtohem plotesisht,Pajtohem,Neutral,Pajtohem plotesisht,Neutral,Pajtohem plotesisht,Pajtohem plotesisht,Pajtohem plotesisht,Pajtohem,Neutral,Pajtohem plotesisht,Neutral,Nuk pajtohem,Pajtohem,Pajtohem,Neutral,Nuk pajtohem aspak,"IA mund te rrise shpejtesine e sherbimeve bankare, sidomos per rekomandime dhe zbulim mashtrimesh."
143,46173.63333333333,46173.636979166666,anonymous,,"Po, jap pelqimin tim",Mashkull,26-35,Master,I/e punesuar,Tregti / Sherbime,Tirane,BKT (Banka Kombetare Tregtare),1-3 vjet,"Mobile banking (aplikacioni i bankes ne telefon);Karta debiti/krediti per pagesa online;E-wallet (EasyPay, M-Pay, E-Posta, etj.);",Cdo dite,4,Po,Nuk pajtohem,Nuk pajtohem,Pajtohem,Pajtohem plotesisht,Pajtohem,Neutral,Pajtohem plotesisht,Neutral,Pajtohem,Neutral,Pajtohem,Pajtohem,Pajtohem,Pajtohem plotesisht,Nuk pajtohem,Pajtohem,Neutral,Pajtohem,Pajtohem,Pajtohem,Nuk pajtohem,Neutral,Pajtohem,Neutral,Nuk pajtohem,"IA mund te rrise shpejtesine e sherbimeve bankare, sidomos per rekomandime dhe zbulim mashtrimesh."
144,46173.63611111111,46173.63912037037,anonymous,,"Po, jap pelqimin tim",Mashkull,36-45,Bachelor,I/e punesuar,Ndertim / Inxhinieri,Elbasan,Credins Bank,Mbi 5 vjet,Mobile banking (aplikacioni i bankes ne telefon);Internet banking (permes kompjuterit/browserit);Karta debiti/krediti per pagesa online;,Disa here ne jave,2,Nuk jam i/e sigurt,Nuk pajtohem aspak,Nuk pajtohem,Neutral,Neutral,Pajtohem plotesisht,Pajtohem,Pajtohem plotesisht,Pajtohem,Pajtohem,Pajtohem plotesisht,Pajtohem plotesisht,Pajtohem plotesisht,Nuk pajtohem,Pajtohem plotesisht,Pajtohem,Pajtohem,Pajtohem,Pajtohem plotesisht,Pajtohem plotesisht,Nuk pajtohem,Neutral,Pajtohem plotesisht,Pajtohem,Pajtohem,Pajtohem,"Sherbimet me IA mund te ndihmojne, por vendimet e rendesishme duhet te verifikohen nga punonjesit e bankes."
145,46173.635416666664,46173.639189814814,anonymous,,"Po, jap pelqimin tim",Femer,46-55,Master,I/e papune,Shendetesi / Mjekesi,Korce,Raiffeisen Bank,3-5 vjet,Internet banking (permes kompjuterit/browserit);,Nje here ne jave,2,Po,Neutral,Neutral,Neutral,Pajtohem,Pajtohem,Nuk pajtohem,Neutral,Pajtohem,Nuk pajtohem aspak,Pajtohem plotesisht,Nuk pajtohem,Pajtohem plotesisht,Nuk pajtohem aspak,Neutral,Pajtohem,Nuk pajtohem aspak,Pajtohem plotesisht,Nuk pajtohem,Pajtohem plotesisht,Nuk pajtohem aspak,Nuk pajtohem,Neutral,Nuk pajtohem,Neutral,Pajtohem,"Jam i hapur ndaj IA, por privatesia dhe transparenca jane kushtet kryesore."
146,46173.63888888889,46173.640185185184,anonymous,,"Po, jap pelqimin tim",Femer,18-25,Bachelor,I/e punesuar,Shendetesi / Mjekesi,Shkoder,Other,Me pak se 1 vit,"Mobile banking (aplikacioni i bankes ne telefon);Internet banking (permes kompjuterit/browserit);E-wallet (EasyPay, M-Pay, E-Posta, etj.);",Cdo dite,4,Po,Pajtohem plotesisht,Pajtohem plotesisht,Pajtohem,Pajtohem plotesisht,Nuk pajtohem,Nuk pajtohem,Pajtohem plotesisht,Pajtohem plotesisht,Pajtohem plotesisht,Neutral,Neutral,Pajtohem plotesisht,Neutral,Pajtohem plotesisht,Pajtohem,Pajtohem plotesisht,Neutral,Neutral,Pajtohem plotesisht,Neutral,Nuk pajtohem aspak,Nuk pajtohem aspak,Nuk pajtohem aspak,Nuk pajtohem,Nuk pajtohem,"IA mund te rrise shpejtesine e sherbimeve bankare, sidomos per rekomandime dhe zbulim mashtrimesh."
147,46173.64236111111,46173.646527777775,anonymous,,"Po, jap pelqimin tim",Mashkull,55+,Bachelor,I/e dale ne pension,Arsim,Shkoder,Intesa Sanpaolo Bank,Mbi 5 vjet,"Mobile banking (aplikacioni i bankes ne telefon);Internet banking (permes kompjuterit/browserit);Karta debiti/krediti per pagesa online;E-wallet (EasyPay, M-Pay, E-Posta, etj.);",Disa here ne jave,4,Po,Nuk pajtohem,Pajtohem plotesisht,Pajtohem,Pajtohem,Neutral,Neutral,Pajtohem plotesisht,Neutral,Pajtohem plotesisht,Pajtohem,Neutral,Pajtohem,Pajtohem,Pajtohem plotesisht,Neutral,Pajtohem plotesisht,Pajtohem,Neutral,Pajtohem,Pajtohem,Nuk pajtohem,Neutral,Nuk pajtohem,Neutral,Nuk pajtohem,Do ta provoja nese banka e shpjegon qarte si ruhen te dhenat dhe si kontrollohen vendimet.
148,46173.64236111111,46173.64425925926,anonymous,,"Po, jap pelqimin tim",Mashkull,36-45,Arsim i mesem (gjimnaz/profesional),I/e punesuar,Tregti / Sherbime,Tirane,Tirana Bank,1-3 vjet,"Mobile banking (aplikacioni i bankes ne telefon);Internet banking (permes kompjuterit/browserit);E-wallet (EasyPay, M-Pay, E-Posta, etj.);",Nje here ne jave,3,Jo,Nuk pajtohem aspak,Neutral,Neutral,Neutral,Pajtohem plotesisht,Pajtohem plotesisht,Nuk pajtohem aspak,Nuk pajtohem,Nuk pajtohem,Pajtohem,Neutral,Pajtohem plotesisht,Pajtohem plotesisht,Nuk pajtohem aspak,Nuk pajtohem,Nuk pajtohem,Pajtohem,Neutral,Pajtohem plotesisht,Pajtohem plotesisht,Nuk pajtohem,Pajtohem plotesisht,Pajtohem,Pajtohem plotesisht,Pajtohem plotesisht,"Jam i hapur ndaj IA, por privatesia dhe transparenca jane kushtet kryesore."
149,46173.645833333336,46173.650613425925,anonymous,,"Po, jap pelqimin tim",Femer,26-35,Bachelor,I/e punesuar,Administrate publike,Zone rurale,Tirana Bank,3-5 vjet,"Mobile banking (aplikacioni i bankes ne telefon);Internet banking (permes kompjuterit/browserit);E-wallet (EasyPay, M-Pay, E-Posta, etj.);",Disa here ne jave,5,Po,Pajtohem plotesisht,Pajtohem,Neutral,Pajtohem,Pajtohem plotesisht,Pajtohem plotesisht,Pajtohem,Pajtohem,Neutral,Pajtohem plotesisht,Pajtohem,Pajtohem plotesisht,Pajtohem,Pajtohem,Pajtohem,Neutral,Pajtohem plotesisht,Pajtohem,Pajtohem plotesisht,Neutral,Neutral,Pajtohem plotesisht,Pajtohem,Pajtohem plotesisht,Pajtohem plotesisht,"Sherbimet me IA mund te ndihmojne, por vendimet e rendesishme duhet te verifikohen nga punonjesit e bankes."
150,46173.64722222222,46173.651666666665,anonymous,,"Po, jap pelqimin tim",Mashkull,18-25,Arsim i mesem (gjimnaz/profesional),Student/e,Finance / Banke / Sigurime,Shkoder,Raiffeisen Bank,Me pak se 1 vit,Mobile banking (aplikacioni i bankes ne telefon);Internet banking (permes kompjuterit/browserit);Karta debiti/krediti per pagesa online;,Cdo dite,5,Jo,Pajtohem,Pajtohem plotesisht,Neutral,Pajtohem plotesisht,Neutral,Pajtohem plotesisht,Neutral,Pajtohem,Pajtohem,Pajtohem plotesisht,Pajtohem plotesisht,Pajtohem plotesisht,Pajtohem plotesisht,Neutral,Neutral,Pajtohem,Pajtohem plotesisht,Pajtohem plotesisht,Pajtohem plotesisht,Pajtohem plotesisht,Nuk pajtohem,Pajtohem plotesisht,Neutral,Nuk pajtohem,Neutral,"IA mund te rrise shpejtesine e sherbimeve bankare, sidomos per rekomandime dhe zbulim mashtrimesh."
151,46173.64791666667,46173.65045138889,anonymous,,"Po, jap pelqimin tim",Mashkull,26-35,Bachelor,I/e punesuar,Shendetesi / Mjekesi,Tirane,Credins Bank,Mbi 5 vjet,Mobile banking (aplikacioni i bankes ne telefon);Karta debiti/krediti per pagesa online;,Disa here ne jave,3,Jo,Pajtohem plotesisht,Pajtohem plotesisht,Pajtohem plotesisht,Nuk pajtohem aspak,Pajtohem,Pajtohem plotesisht,Pajtohem plotesisht,Pajtohem,Neutral,Pajtohem plotesisht,Pajtohem plotesisht,Pajtohem plotesisht,Pajtohem,Pajtohem plotesisht,Pajtohem,Neutral,Pajtohem plotesisht,Pajtohem plotesisht,Pajtohem plotesisht,Pajtohem plotesisht,Nuk pajtohem aspak,Pajtohem plotesisht,Pajtohem,Pajtohem,Neutral,"Potenciali eshte i madh, por bankat duhet te forcojne qeverisjen e te dhenave dhe kontrollin rregullator."
152,46173.65069444444,46173.65290509259,anonymous,,"Po, jap pelqimin tim",Femer,26-35,Bachelor,I/e punesuar,Bujqesi,Tirane,Tirana Bank,3-5 vjet,Nuk perdor asnje sherbim digjital bankar;,Rralle ose kurre,4,Nuk jam i/e sigurt,Nuk pajtohem aspak,Nuk pajtohem aspak,Nuk pajtohem,Nuk pajtohem,Nuk pajtohem,Pajtohem,Pajtohem,Nuk pajtohem aspak,Neutral,Neutral,Nuk pajtohem,Pajtohem plotesisht,Nuk pajtohem aspak,Pajtohem,Nuk pajtohem aspak,Neutral,Neutral,Neutral,Pajtohem plotesisht,Nuk pajtohem aspak,Neutral,Nuk pajtohem,Pajtohem,Neutral,Neutral,"IA mund te perdoret per pyetje te thjeshta, por jo per vendime financiare te rendesishme."
153,46173.654861111114,46173.659166666665,anonymous,,"Po, jap pelqimin tim",Femer,46-55,Arsim i mesem (gjimnaz/profesional),I/e vetepunesuar,Tregti / Sherbime,Shkoder,Intesa Sanpaolo Bank,Mbi 5 vjet,"Mobile banking (aplikacioni i bankes ne telefon);Karta debiti/krediti per pagesa online;E-wallet (EasyPay, M-Pay, E-Posta, etj.);",Disa here ne jave,4,Jo,Neutral,Nuk pajtohem,Nuk pajtohem,Neutral,Pajtohem plotesisht,Pajtohem,Pajtohem,Neutral,Nuk pajtohem,Pajtohem plotesisht,Pajtohem,Pajtohem plotesisht,Neutral,Pajtohem,Neutral,Nuk pajtohem,Pajtohem plotesisht,Pajtohem,Pajtohem plotesisht,Neutral,Nuk pajtohem,Pajtohem,Pajtohem plotesisht,Pajtohem,Pajtohem,"Sherbimet me IA mund te ndihmojne, por vendimet e rendesishme duhet te verifikohen nga punonjesit e bankes."
154,46173.65555555555,46173.65708333333,anonymous,,"Po, jap pelqimin tim",Mashkull,36-45,Master,I/e punesuar,Finance / Banke / Sigurime,Zone rurale,BKT (Banka Kombetare Tregtare),1-3 vjet,Mobile banking (aplikacioni i bankes ne telefon);Internet banking (permes kompjuterit/browserit);,Disa here ne jave,3,Po,Neutral,Pajtohem,Pajtohem plotesisht,Nuk pajtohem aspak,Pajtohem,Neutral,Pajtohem,Pajtohem,Neutral,Pajtohem plotesisht,Neutral,Pajtohem,Pajtohem plotesisht,Pajtohem,Pajtohem,Neutral,Pajtohem plotesisht,Nuk pajtohem,Pajtohem,Pajtohem plotesisht,Pajtohem,Pajtohem,Pajtohem,Pajtohem plotesisht,Neutral,"Jam i hapur ndaj IA, por privatesia dhe transparenca jane kushtet kryesore."
155,46173.657638888886,46173.660405092596,anonymous,,"Po, jap pelqimin tim",Femer,36-45,Doktorature,I/e papune,Administrate publike,Qytet tjeter,Raiffeisen Bank,1-3 vjet,Mobile banking (aplikacioni i bankes ne telefon);Internet banking (permes kompjuterit/browserit);Karta debiti/krediti per pagesa online;,Nje here ne jave,3,Po,Neutral,Pajtohem,Pajtohem plotesisht,Pajtohem plotesisht,Nuk pajtohem,Pajtohem plotesisht,Pajtohem,Pajtohem plotesisht,Pajtohem,Pajtohem plotesisht,Pajtohem plotesisht,Neutral,Pajtohem plotesisht,Pajtohem,Pajtohem plotesisht,Pajtohem,Pajtohem plotesisht,Pajtohem plotesisht,Neutral,Pajtohem plotesisht,Nuk pajtohem,Neutral,Pajtohem plotesisht,Pajtohem plotesisht,Pajtohem,"Jam i hapur ndaj IA, por privatesia dhe transparenca jane kushtet kryesore."
156,46173.660416666666,46173.66143518518,anonymous,,"Po, jap pelqimin tim",Mashkull,26-35,Master,I/e punesuar,Teknologji / IT,Durres,BKT (Banka Kombetare Tregtare),Mbi 5 vjet,Mobile banking (aplikacioni i bankes ne telefon);Internet banking (permes kompjuterit/browserit);Karta debiti/krediti per pagesa online;,Disa here ne jave,5,Jo,Pajtohem,Pajtohem plotesisht,Pajtohem plotesisht,Neutral,Neutral,Pajtohem,Pajtohem,Pajtohem plotesisht,Nuk pajtohem,Neutral,Pajtohem plotesisht,Pajtohem plotesisht,Neutral,Neutral,Pajtohem plotesisht,Nuk pajtohem,Neutral,Pajtohem plotesisht,Pajtohem plotesisht,Neutral,Nuk pajtohem aspak,Pajtohem plotesisht,Pajtohem,Pajtohem,Neutral,"IA mund te rrise shpejtesine e sherbimeve bankare, sidomos per rekomandime dhe zbulim mashtrimesh."
157,46173.66180555556,46173.66533564815,anonymous,,"Po, jap pelqimin tim",Mashkull,18-25,Arsim i mesem (gjimnaz/profesional),I/e vetepunesuar,Tregti / Sherbime,Qytet tjeter,Raiffeisen Bank,1-3 vjet,"Mobile banking (aplikacioni i bankes ne telefon);Internet banking (permes kompjuterit/browserit);Karta debiti/krediti per pagesa online;E-wallet (EasyPay, M-Pay, E-Posta, etj.);",Cdo dite,4,Po,Nuk pajtohem,Neutral,Neutral,Pajtohem,Pajtohem,Pajtohem,Neutral,Pajtohem,Pajtohem,Pajtohem,Pajtohem plotesisht,Neutral,Neutral,Neutral,Pajtohem,Pajtohem,Pajtohem,Pajtohem plotesisht,Neutral,Neutral,Nuk pajtohem aspak,Nuk pajtohem,Nuk pajtohem aspak,Neutral,Neutral,Do ta provoja nese banka e shpjegon qarte si ruhen te dhenat dhe si kontrollohen vendimet.
158,46173.66388888889,46173.66483796296,anonymous,,"Po, jap pelqimin tim",Femer,55+,Master,I/e dale ne pension,Arsim,Elbasan,BKT (Banka Kombetare Tregtare),3-5 vjet,Nuk perdor asnje sherbim digjital bankar;,Rralle ose kurre,2,Po,Neutral,Nuk pajtohem aspak,Nuk pajtohem aspak,Pajtohem,Nuk pajtohem,Nuk pajtohem,Neutral,Neutral,Nuk pajtohem,Neutral,Neutral,Pajtohem plotesisht,Neutral,Nuk pajtohem,Neutral,Nuk pajtohem,Nuk pajtohem,Neutral,Pajtohem plotesisht,Neutral,Pajtohem,Pajtohem plotesisht,Pajtohem,Nuk pajtohem,Pajtohem,"IA mund te perdoret per pyetje te thjeshta, por jo per vendime financiare te rendesishme."
159,46173.66736111111,46173.671261574076,anonymous,,"Po, jap pelqimin tim",Femer,18-25,Bachelor,I/e punesuar,Tregti / Sherbime,Tirane,Credins Bank,1-3 vjet,Mobile banking (aplikacioni i bankes ne telefon);Karta debiti/krediti per pagesa online;,Disa here ne jave,4,Po,Neutral,Neutral,Nuk pajtohem aspak,Nuk pajtohem,Neutral,Pajtohem,Neutral,Nuk pajtohem,Neutral,Pajtohem plotesisht,Neutral,Pajtohem,Pajtohem,Neutral,Nuk pajtohem,Neutral,Pajtohem plotesisht,Neutral,Pajtohem,Pajtohem,Nuk pajtohem,Pajtohem,Pajtohem,Pajtohem plotesisht,Pajtohem,"Jam i hapur ndaj IA, por privatesia dhe transparenca jane kushtet kryesore."
160,46173.66875,46173.669641203705,anonymous,,"Po, jap pelqimin tim",Mashkull,18-25,Bachelor,I/e papune,Ndertim / Inxhinieri,Zone rurale,Intesa Sanpaolo Bank,1-3 vjet,"Mobile banking (aplikacioni i bankes ne telefon);Karta debiti/krediti per pagesa online;E-wallet (EasyPay, M-Pay, E-Posta, etj.);",Cdo dite,4,Po,Pajtohem plotesisht,Pajtohem,Pajtohem,Neutral,Pajtohem plotesisht,Neutral,Pajtohem plotesisht,Pajtohem,Pajtohem plotesisht,Pajtohem,Pajtohem plotesisht,Pajtohem,Pajtohem plotesisht,Pajtohem plotesisht,Pajtohem,Pajtohem plotesisht,Pajtohem,Pajtohem plotesisht,Pajtohem,Pajtohem plotesisht,Pajtohem,Pajtohem,Neutral,Pajtohem,Neutral,"IA mund te rrise shpejtesine e sherbimeve bankare, sidomos per rekomandime dhe zbulim mashtrimesh."
161,46173.669444444444,46173.67097222222,anonymous,,"Po, jap pelqimin tim",Femer,36-45,Bachelor,I/e punesuar,Finance / Banke / Sigurime,Tirane,Tirana Bank,Me pak se 1 vit,Mobile banking (aplikacioni i bankes ne telefon);,Disa here ne jave,3,Po,Neutral,Pajtohem,Pajtohem plotesisht,Pajtohem plotesisht,Neutral,Pajtohem,Pajtohem plotesisht,Pajtohem plotesisht,Pajtohem,Pajtohem plotesisht,Pajtohem,Pajtohem plotesisht,Pajtohem plotesisht,Pajtohem plotesisht,Pajtohem,Pajtohem,Pajtohem plotesisht,Pajtohem,Pajtohem,Pajtohem plotesisht,Neutral,Pajtohem plotesisht,Neutral,Neutral,Pajtohem,"Jam i hapur ndaj IA, por privatesia dhe transparenca jane kushtet kryesore."
162,46173.67222222222,46173.6759375,anonymous,,"Po, jap pelqimin tim",Femer,26-35,Bachelor,I/e punesuar,Teknologji / IT,Tirane,Raiffeisen Bank,1-3 vjet,Mobile banking (aplikacioni i bankes ne telefon);,Nje here ne jave,2,Jo,Pajtohem,Pajtohem,Nuk pajtohem,Neutral,Pajtohem,Neutral,Neutral,Nuk pajtohem aspak,Neutral,Pajtohem,Pajtohem,Pajtohem plotesisht,Neutral,Neutral,Nuk pajtohem aspak,Neutral,Pajtohem,Neutral,Pajtohem plotesisht,Neutral,Pajtohem plotesisht,Pajtohem plotesisht,Pajtohem,Pajtohem,Neutral,Per ceshtje bankare preferoj te flas me nje person dhe jo me sistem automatik.
163,46173.675,46173.67695601852,anonymous,,"Po, jap pelqimin tim",Femer,36-45,Bachelor,I/e vetepunesuar,Tregti / Sherbime,Tirane,Raiffeisen Bank,Mbi 5 vjet,"Mobile banking (aplikacioni i bankes ne telefon);Karta debiti/krediti per pagesa online;E-wallet (EasyPay, M-Pay, E-Posta, etj.);",Nje here ne jave,4,Nuk jam i/e sigurt,Pajtohem plotesisht,Nuk pajtohem,Neutral,Pajtohem,Nuk pajtohem,Neutral,Nuk pajtohem,Pajtohem,Neutral,Pajtohem plotesisht,Neutral,Pajtohem plotesisht,Nuk pajtohem,Nuk pajtohem,Pajtohem plotesisht,Neutral,Pajtohem plotesisht,Neutral,Pajtohem plotesisht,Nuk pajtohem,Nuk pajtohem aspak,Neutral,Pajtohem,Neutral,Pajtohem,"Potenciali eshte i madh, por bankat duhet te forcojne qeverisjen e te dhenave dhe kontrollin rregullator."
164,46173.677777777775,46173.68027777778,anonymous,,"Po, jap pelqimin tim",Mashkull,26-35,Bachelor,I/e papune,Tregti / Sherbime,Shkoder,Raiffeisen Bank,3-5 vjet,"Mobile banking (aplikacioni i bankes ne telefon);Internet banking (permes kompjuterit/browserit);Karta debiti/krediti per pagesa online;E-wallet (EasyPay, M-Pay, E-Posta, etj.);",Disa here ne jave,5,Jo,Pajtohem,Pajtohem plotesisht,Pajtohem plotesisht,Pajtohem plotesisht,Neutral,Nuk pajtohem,Pajtohem,Pajtohem plotesisht,Neutral,Pajtohem plotesisht,Pajtohem,Neutral,Neutral,Pajtohem,Pajtohem plotesisht,Neutral,Pajtohem plotesisht,Pajtohem,Neutral,Neutral,Nuk pajtohem,Pajtohem,Neutral,Nuk pajtohem,Neutral,Do ta provoja nese banka e shpjegon qarte si ruhen te dhenat dhe si kontrollohen vendimet.
165,46173.677083333336,46173.68174768519,anonymous,,"Po, jap pelqimin tim",Preferoj te mos pergjigjem,18-25,Master,I/e punesuar,Tregti / Sherbime,Tirane,Credins Bank,Me pak se 1 vit,Mobile banking (aplikacioni i bankes ne telefon);Karta debiti/krediti per pagesa online;,Nje here ne jave,3,Po,Pajtohem,Neutral,Pajtohem,Pajtohem,Neutral,Pajtohem,Neutral,Pajtohem plotesisht,Pajtohem,Pajtohem,Pajtohem plotesisht,Pajtohem,Pajtohem plotesisht,Neutral,Pajtohem plotesisht,Pajtohem,Pajtohem,Pajtohem plotesisht,Pajtohem,Pajtohem plotesisht,Nuk pajtohem,Pajtohem,Neutral,Nuk pajtohem,Pajtohem plotesisht,"Jam i hapur ndaj IA, por privatesia dhe transparenca jane kushtet kryesore."
166,46173.680555555555,46173.68239583333,anonymous,,"Po, jap pelqimin tim",Mashkull,36-45,Bachelor,I/e punesuar,Finance / Banke / Sigurime,Zone rurale,Credins Bank,Mbi 5 vjet,"Karta debiti/krediti per pagesa online;E-wallet (EasyPay, M-Pay, E-Posta, etj.);",Disa here ne jave,4,Jo,Pajtohem,Pajtohem plotesisht,Neutral,Pajtohem,Pajtohem,Pajtohem,Pajtohem plotesisht,Pajtohem,Pajtohem,Pajtohem plotesisht,Nuk pajtohem,Pajtohem,Pajtohem,Pajtohem plotesisht,Pajtohem,Pajtohem,Pajtohem plotesisht,Nuk pajtohem,Pajtohem plotesisht,Pajtohem,Neutral,Neutral,Neutral,Neutral,Pajtohem,"Jam i hapur ndaj IA, por privatesia dhe transparenca jane kushtet kryesore."
167,46173.68263888889,46173.68678240741,anonymous,,"Po, jap pelqimin tim",Femer,18-25,Bachelor,I/e papune,Administrate publike,Tirane,Raiffeisen Bank,1-3 vjet,Karta debiti/krediti per pagesa online;,Cdo dite,3,Po,Pajtohem plotesisht,Pajtohem plotesisht,Pajtohem,Pajtohem plotesisht,Neutral,Neutral,Pajtohem plotesisht,Neutral,Neutral,Neutral,Pajtohem,Pajtohem plotesisht,Pajtohem,Pajtohem plotesisht,Neutral,Nuk pajtohem,Neutral,Pajtohem,Pajtohem plotesisht,Pajtohem,Neutral,Nuk pajtohem,Nuk pajtohem aspak,Pajtohem,Neutral,"IA mund te rrise shpejtesine e sherbimeve bankare, sidomos per rekomandime dhe zbulim mashtrimesh."
168,46173.683333333334,46173.684699074074,anonymous,,"Po, jap pelqimin tim",Mashkull,26-35,Bachelor,I/e punesuar,Tregti / Sherbime,Korce,Raiffeisen Bank,1-3 vjet,"Mobile banking (aplikacioni i bankes ne telefon);Karta debiti/krediti per pagesa online;E-wallet (EasyPay, M-Pay, E-Posta, etj.);",Disa here ne jave,3,Po,Pajtohem plotesisht,Pajtohem plotesisht,Pajtohem,Neutral,Nuk pajtohem,Neutral,Nuk pajtohem,Pajtohem plotesisht,Pajtohem,Pajtohem,Nuk pajtohem,Pajtohem plotesisht,Pajtohem,Nuk pajtohem,Pajtohem plotesisht,Pajtohem,Pajtohem,Nuk pajtohem aspak,Pajtohem plotesisht,Pajtohem,Nuk pajtohem,Pajtohem,Neutral,Nuk pajtohem,Pajtohem plotesisht,"Potenciali eshte i madh, por bankat duhet te forcojne qeverisjen e te dhenave dhe kontrollin rregullator."
169,46173.68819444445,46173.69175925926,anonymous,,"Po, jap pelqimin tim",Mashkull,18-25,Arsim i mesem (gjimnaz/profesional),Student/e,Finance / Banke / Sigurime,Tirane,Tirana Bank,Me pak se 1 vit,"Mobile banking (aplikacioni i bankes ne telefon);E-wallet (EasyPay, M-Pay, E-Posta, etj.);",Disa here ne jave,5,Nuk jam i/e sigurt,Pajtohem,Pajtohem,Nuk pajtohem,Neutral,Nuk pajtohem,Pajtohem,Neutral,Neutral,Neutral,Nuk pajtohem aspak,Nuk pajtohem,Pajtohem plotesisht,Pajtohem,Neutral,Neutral,Neutral,Nuk pajtohem aspak,Nuk pajtohem,Pajtohem plotesisht,Neutral,Neutral,Pajtohem,Nuk pajtohem aspak,Nuk pajtohem,Pajtohem,Do ta provoja nese banka e shpjegon qarte si ruhen te dhenat dhe si kontrollohen vendimet.
170,46173.68819444445,46173.69118055556,anonymous,,"Po, jap pelqimin tim",Femer,26-35,Arsim baze (9-vjecar),I/e punesuar,Administrate publike,Zone rurale,BKT (Banka Kombetare Tregtare),Me pak se 1 vit,"Mobile banking (aplikacioni i bankes ne telefon);Karta debiti/krediti per pagesa online;E-wallet (EasyPay, M-Pay, E-Posta, etj.);",Disa here ne jave,3,Nuk jam i/e sigurt,Pajtohem,Neutral,Pajtohem,Pajtohem,Pajtohem plotesisht,Pajtohem,Pajtohem,Nuk pajtohem,Pajtohem plotesisht,Pajtohem plotesisht,Pajtohem,Pajtohem plotesisht,Pajtohem,Pajtohem,Nuk pajtohem,Pajtohem plotesisht,Pajtohem plotesisht,Pajtohem,Pajtohem plotesisht,Pajtohem,Nuk pajtohem aspak,Pajtohem plotesisht,Pajtohem plotesisht,Neutral,Pajtohem,"Jam i hapur ndaj IA, por privatesia dhe transparenca jane kushtet kryesore."
171,46173.69236111111,46173.69600694445,anonymous,,"Po, jap pelqimin tim",Mashkull,18-25,Bachelor,Student/e,Shendetesi / Mjekesi,Tirane,Credins Bank,3-5 vjet,Mobile banking (aplikacioni i bankes ne telefon);Internet banking (permes kompjuterit/browserit);Karta debiti/krediti per pagesa online;,Disa here ne jave,4,Po,Pajtohem plotesisht,Neutral,Pajtohem plotesisht,Pajtohem,Neutral,Neutral,Pajtohem plotesisht,Pajtohem,Pajtohem plotesisht,Neutral,Pajtohem plotesisht,Neutral,Pajtohem plotesisht,Pajtohem,Pajtohem,Pajtohem plotesisht,Neutral,Pajtohem plotesisht,Neutral,Pajtohem plotesisht,Nuk pajtohem,Neutral,Neutral,Nuk pajtohem,Neutral,"IA mund te rrise shpejtesine e sherbimeve bankare, sidomos per rekomandime dhe zbulim mashtrimesh."
172,46173.69236111111,46173.69488425926,anonymous,,"Po, jap pelqimin tim",Femer,26-35,Arsim i mesem (gjimnaz/profesional),I/e papune,Tregti / Sherbime,Tirane,BKT (Banka Kombetare Tregtare),1-3 vjet,"Mobile banking (aplikacioni i bankes ne telefon);Internet banking (permes kompjuterit/browserit);Karta debiti/krediti per pagesa online;E-wallet (EasyPay, M-Pay, E-Posta, etj.);",Cdo dite,3,Jo,Pajtohem plotesisht,Pajtohem plotesisht,Pajtohem plotesisht,Pajtohem plotesisht,Nuk pajtohem,Pajtohem,Neutral,Pajtohem,Neutral,Pajtohem,Nuk pajtohem,Pajtohem plotesisht,Pajtohem,Neutral,Pajtohem,Neutral,Pajtohem,Nuk pajtohem,Pajtohem plotesisht,Pajtohem,Nuk pajtohem,Pajtohem plotesisht,Neutral,Pajtohem,Nuk pajtohem,"IA mund te rrise shpejtesine e sherbimeve bankare, sidomos per rekomandime dhe zbulim mashtrimesh."
173,46173.69513888889,46173.69712962963,anonymous,,"Po, jap pelqimin tim",Mashkull,26-35,Arsim i mesem (gjimnaz/profesional),I/e vetepunesuar,Tregti / Sherbime,Shkoder,BKT (Banka Kombetare Tregtare),Mbi 5 vjet,"Mobile banking (aplikacioni i bankes ne telefon);Karta debiti/krediti per pagesa online;E-wallet (EasyPay, M-Pay, E-Posta, etj.);",Cdo dite,4,Po,Neutral,Pajtohem plotesisht,Pajtohem plotesisht,Pajtohem plotesisht,Nuk pajtohem,Neutral,Neutral,Pajtohem plotesisht,Pajtohem,Pajtohem,Pajtohem,Pajtohem plotesisht,Pajtohem,Neutral,Pajtohem plotesisht,Pajtohem plotesisht,Pajtohem,Pajtohem,Pajtohem plotesisht,Pajtohem,Nuk pajtohem,Nuk pajtohem,Nuk pajtohem,Neutral,Nuk pajtohem aspak,Do ta provoja nese banka e shpjegon qarte si ruhen te dhenat dhe si kontrollohen vendimet.
174,46173.69861111111,46173.70190972222,anonymous,,"Po, jap pelqimin tim",Femer,18-25,Bachelor,I/e punesuar,Administrate publike,Tirane,BKT (Banka Kombetare Tregtare),Me pak se 1 vit,Mobile banking (aplikacioni i bankes ne telefon);Internet banking (permes kompjuterit/browserit);Karta debiti/krediti per pagesa online;,Disa here ne jave,4,Jo,Nuk pajtohem,Pajtohem plotesisht,Pajtohem plotesisht,Neutral,Pajtohem,Pajtohem plotesisht,Nuk pajtohem,Pajtohem plotesisht,Pajtohem,Pajtohem plotesisht,Neutral,Pajtohem plotesisht,Pajtohem plotesisht,Nuk pajtohem,Pajtohem plotesisht,Pajtohem,Pajtohem plotesisht,Neutral,Pajtohem plotesisht,Pajtohem plotesisht,Neutral,Pajtohem plotesisht,Neutral,Neutral,Neutral,"Jam i hapur ndaj IA, por privatesia dhe transparenca jane kushtet kryesore."
175,46173.69930555556,46173.70109953704,anonymous,,"Po, jap pelqimin tim",Mashkull,36-45,Master,I/e punesuar,Tregti / Sherbime,Tirane,BKT (Banka Kombetare Tregtare),Mbi 5 vjet,Mobile banking (aplikacioni i bankes ne telefon);Internet banking (permes kompjuterit/browserit);Karta debiti/krediti per pagesa online;,Cdo dite,5,Po,Neutral,Pajtohem plotesisht,Pajtohem plotesisht,Pajtohem plotesisht,Pajtohem plotesisht,Neutral,Pajtohem,Pajtohem,Pajtohem plotesisht,Pajtohem plotesisht,Pajtohem plotesisht,Neutral,Pajtohem plotesisht,Pajtohem,Pajtohem,Pajtohem plotesisht,Pajtohem,Pajtohem plotesisht,Neutral,Pajtohem plotesisht,Nuk pajtohem,Pajtohem plotesisht,Neutral,Pajtohem plotesisht,Neutral,Do ta provoja nese banka e shpjegon qarte si ruhen te dhenat dhe si kontrollohen vendimet.
176,46173.70277777778,46173.70591435185,anonymous,,"Po, jap pelqimin tim",Mashkull,36-45,Bachelor,I/e punesuar,Tregti / Sherbime,Zone rurale,Credins Bank,1-3 vjet,"Mobile banking (aplikacioni i bankes ne telefon);E-wallet (EasyPay, M-Pay, E-Posta, etj.);",Rralle ose kurre,4,Po,Nuk pajtohem,Nuk pajtohem,Nuk pajtohem aspak,Nuk pajtohem aspak,Pajtohem plotesisht,Pajtohem plotesisht,Nuk pajtohem aspak,Neutral,Nuk pajtohem,Pajtohem plotesisht,Nuk pajtohem,Pajtohem plotesisht,Nuk pajtohem,Nuk pajtohem aspak,Neutral,Nuk pajtohem aspak,Pajtohem plotesisht,Nuk pajtohem,Pajtohem plotesisht,Nuk pajtohem,Pajtohem plotesisht,Pajtohem plotesisht,Pajtohem plotesisht,Pajtohem plotesisht,Pajtohem plotesisht,"IA mund te perdoret per pyetje te thjeshta, por jo per vendime financiare te rendesishme."
177,46173.70277777778,46173.70628472222,anonymous,,"Po, jap pelqimin tim",Mashkull,36-45,Arsim i mesem (gjimnaz/profesional),I/e punesuar,Ndertim / Inxhinieri,Vlore,OTP Bank,3-5 vjet,Mobile banking (aplikacioni i bankes ne telefon);Karta debiti/krediti per pagesa online;,Cdo dite,3,Jo,Pajtohem,Pajtohem,Pajtohem plotesisht,Pajtohem plotesisht,Neutral,Pajtohem plotesisht,Pajtohem plotesisht,Pajtohem,Pajtohem,Pajtohem plotesisht,Pajtohem,Neutral,Pajtohem plotesisht,Pajtohem,Pajtohem,Pajtohem,Pajtohem plotesisht,Pajtohem,Neutral,Pajtohem plotesisht,Nuk pajtohem,Neutral,Neutral,Neutral,Neutral,Do ta provoja nese banka e shpjegon qarte si ruhen te dhenat dhe si kontrollohen vendimet.
178,46173.70486111111,46173.7078125,anonymous,,"Po, jap pelqimin tim",Mashkull,55+,Arsim baze (9-vjecar),I/e dale ne pension,Administrate publike,Shkoder,Credins Bank,Mbi 5 vjet,"Internet banking (permes kompjuterit/browserit);Karta debiti/krediti per pagesa online;E-wallet (EasyPay, M-Pay, E-Posta, etj.);",Disa here ne muaj,4,Jo,Nuk pajtohem aspak,Pajtohem,Neutral,Nuk pajtohem,Pajtohem,Pajtohem plotesisht,Pajtohem,Pajtohem plotesisht,Neutral,Neutral,Nuk pajtohem,Neutral,Nuk pajtohem,Pajtohem,Pajtohem plotesisht,Neutral,Neutral,Nuk pajtohem,Neutral,Nuk pajtohem,Nuk pajtohem,Pajtohem plotesisht,Pajtohem plotesisht,Pajtohem plotesisht,Pajtohem,"IA mund te perdoret per pyetje te thjeshta, por jo per vendime financiare te rendesishme."
179,46173.70694444444,46173.707870370374,anonymous,,"Po, jap pelqimin tim",Femer,26-35,Bachelor,I/e punesuar,Arsim,Tirane,Raiffeisen Bank,Mbi 5 vjet,Nuk perdor asnje sherbim digjital bankar;,Rralle ose kurre,3,Nuk jam i/e sigurt,Nuk pajtohem,Nuk pajtohem aspak,Nuk pajtohem,Neutral,Pajtohem,Neutral,Nuk pajtohem aspak,Neutral,Nuk pajtohem,Pajtohem plotesisht,Nuk pajtohem aspak,Neutral,Nuk pajtohem aspak,Nuk pajtohem aspak,Neutral,Nuk pajtohem,Pajtohem plotesisht,Nuk pajtohem aspak,Neutral,Nuk pajtohem aspak,Nuk pajtohem,Pajtohem,Neutral,Nuk pajtohem,Pajtohem,"IA mund te perdoret per pyetje te thjeshta, por jo per vendime financiare te rendesishme."
180,46173.71111111111,46173.71549768518,anonymous,,"Po, jap pelqimin tim",Mashkull,55+,Master,I/e dale ne pension,Bujqesi,Korce,Raiffeisen Bank,Mbi 5 vjet,Mobile banking (aplikacioni i bankes ne telefon);Internet banking (permes kompjuterit/browserit);Karta debiti/krediti per pagesa online;,Disa here ne jave,5,Po,Pajtohem plotesisht,Pajtohem plotesisht,Neutral,Pajtohem,Pajtohem,Neutral,Neutral,Pajtohem,Neutral,Neutral,Neutral,Pajtohem plotesisht,Nuk pajtohem,Neutral,Pajtohem,Neutral,Neutral,Neutral,Pajtohem plotesisht,Nuk pajtohem,Nuk pajtohem aspak,Pajtohem,Nuk pajtohem,Nuk pajtohem,Pajtohem,"Jam i hapur ndaj IA, por privatesia dhe transparenca jane kushtet kryesore."
181,46173.71111111111,46173.71591435185,anonymous,,"Po, jap pelqimin tim",Femer,18-25,Bachelor,Student/e,Tregti / Sherbime,Tirane,BKT (Banka Kombetare Tregtare),Me pak se 1 vit,Mobile banking (aplikacioni i bankes ne telefon);Internet banking (permes kompjuterit/browserit);Karta debiti/krediti per pagesa online;,Cdo dite,5,Po,Pajtohem,Pajtohem,Neutral,Pajtohem plotesisht,Neutral,Pajtohem plotesisht,Pajtohem plotesisht,Pajtohem plotesisht,Pajtohem,Neutral,Pajtohem,Pajtohem plotesisht,Neutral,Pajtohem plotesisht,Pajtohem plotesisht,Pajtohem,Neutral,Pajtohem,Pajtohem plotesisht,Neutral,Nuk pajtohem,Pajtohem plotesisht,Nuk pajtohem,Nuk pajtohem,Nuk pajtohem,"IA mund te rrise shpejtesine e sherbimeve bankare, sidomos per rekomandime dhe zbulim mashtrimesh."
182,46173.71319444444,46173.71753472222,anonymous,,"Po, jap pelqimin tim",Mashkull,26-35,Bachelor,I/e punesuar,Bujqesi,Tirane,Raiffeisen Bank,Me pak se 1 vit,"Mobile banking (aplikacioni i bankes ne telefon);Internet banking (permes kompjuterit/browserit);Karta debiti/krediti per pagesa online;E-wallet (EasyPay, M-Pay, E-Posta, etj.);",Disa here ne jave,5,Jo,Pajtohem,Pajtohem plotesisht,Pajtohem plotesisht,Pajtohem plotesisht,Nuk pajtohem,Nuk pajtohem,Pajtohem plotesisht,Pajtohem plotesisht,Pajtohem plotesisht,Pajtohem,Pajtohem plotesisht,Pajtohem,Pajtohem,Pajtohem plotesisht,Pajtohem plotesisht,Pajtohem plotesisht,Pajtohem,Pajtohem plotesisht,Pajtohem,Pajtohem,Nuk pajtohem aspak,Nuk pajtohem,Nuk pajtohem,Nuk pajtohem,Neutral,"IA mund te rrise shpejtesine e sherbimeve bankare, sidomos per rekomandime dhe zbulim mashtrimesh."
183,46173.714583333334,46173.71681712963,anonymous,,"Po, jap pelqimin tim",Femer,18-25,Master,I/e papune,Ndertim / Inxhinieri,Vlore,Raiffeisen Bank,1-3 vjet,"Mobile banking (aplikacioni i bankes ne telefon);Internet banking (permes kompjuterit/browserit);E-wallet (EasyPay, M-Pay, E-Posta, etj.);",Disa here ne jave,5,Jo,Neutral,Neutral,Neutral,Pajtohem plotesisht,Pajtohem,Pajtohem,Neutral,Pajtohem plotesisht,Neutral,Neutral,Pajtohem,Pajtohem,Pajtohem,Neutral,Pajtohem plotesisht,Neutral,Neutral,Pajtohem,Pajtohem,Pajtohem,Nuk pajtohem,Pajtohem,Pajtohem,Neutral,Neutral,Do ta provoja nese banka e shpjegon qarte si ruhen te dhenat dhe si kontrollohen vendimet.
184,46173.71805555555,46173.72145833333,anonymous,,"Po, jap pelqimin tim",Mashkull,18-25,Bachelor,I/e punesuar,Administrate publike,Tirane,Intesa Sanpaolo Bank,Me pak se 1 vit,"Mobile banking (aplikacioni i bankes ne telefon);Internet banking (permes kompjuterit/browserit);E-wallet (EasyPay, M-Pay, E-Posta, etj.);",Nje here ne jave,3,Po,Neutral,Nuk pajtohem,Neutral,Neutral,Pajtohem plotesisht,Pajtohem,Nuk pajtohem,Neutral,Nuk pajtohem,Pajtohem plotesisht,Nuk pajtohem aspak,Pajtohem plotesisht,Nuk pajtohem aspak,Nuk pajtohem aspak,Neutral,Nuk pajtohem,Pajtohem plotesisht,Nuk pajtohem aspak,Pajtohem plotesisht,Nuk pajtohem aspak,Neutral,Pajtohem plotesisht,Neutral,Neutral,Pajtohem,Per ceshtje bankare preferoj te flas me nje person dhe jo me sistem automatik.
185,46173.71944444445,46173.72361111111,anonymous,,"Po, jap pelqimin tim",Femer,18-25,Master,Student/e,Tregti / Sherbime,Tirane,BKT (Banka Kombetare Tregtare),1-3 vjet,"Mobile banking (aplikacioni i bankes ne telefon);Internet banking (permes kompjuterit/browserit);Karta debiti/krediti per pagesa online;E-wallet (EasyPay, M-Pay, E-Posta, etj.);",Cdo dite,5,Po,Pajtohem,Pajtohem,Pajtohem,Pajtohem plotesisht,Nuk pajtohem,Nuk pajtohem,Pajtohem plotesisht,Pajtohem,Neutral,Nuk pajtohem,Pajtohem plotesisht,Pajtohem,Pajtohem plotesisht,Pajtohem plotesisht,Pajtohem plotesisht,Neutral,Nuk pajtohem,Pajtohem plotesisht,Pajtohem,Pajtohem plotesisht,Neutral,Nuk pajtohem,Nuk pajtohem,Nuk pajtohem,Neutral,Do ta provoja nese banka e shpjegon qarte si ruhen te dhenat dhe si kontrollohen vendimet.
186,46173.72083333333,46173.725648148145,anonymous,,"Po, jap pelqimin tim",Mashkull,46-55,Bachelor,I/e punesuar,Teknologji / IT,Tirane,BKT (Banka Kombetare Tregtare),Me pak se 1 vit,Mobile banking (aplikacioni i bankes ne telefon);Karta debiti/krediti per pagesa online;,Cdo dite,5,Po,Pajtohem plotesisht,Neutral,Neutral,Neutral,Nuk pajtohem,Pajtohem,Pajtohem plotesisht,Pajtohem,Pajtohem,Pajtohem plotesisht,Pajtohem,Pajtohem plotesisht,Pajtohem plotesisht,Pajtohem plotesisht,Neutral,Pajtohem,Pajtohem plotesisht,Pajtohem,Pajtohem plotesisht,Pajtohem plotesisht,Neutral,Nuk pajtohem,Neutral,Nuk pajtohem,Nuk pajtohem,"IA duhet te zbatohet gradualisht, me auditim, transparence dhe pergjegjesi te qarte institucionale."
187,46173.72361111111,46173.725266203706,anonymous,,"Po, jap pelqimin tim",Mashkull,26-35,Master,I/e vetepunesuar,Arsim,Korce,Raiffeisen Bank,3-5 vjet,"Internet banking (permes kompjuterit/browserit);Karta debiti/krediti per pagesa online;E-wallet (EasyPay, M-Pay, E-Posta, etj.);",Cdo dite,3,Po,Pajtohem,Nuk pajtohem,Nuk pajtohem,Pajtohem plotesisht,Pajtohem,Pajtohem plotesisht,Neutral,Nuk pajtohem,Pajtohem,Pajtohem,Pajtohem plotesisht,Pajtohem plotesisht,Neutral,Neutral,Nuk pajtohem,Pajtohem,Neutral,Pajtohem plotesisht,Pajtohem plotesisht,Neutral,Nuk pajtohem,Pajtohem plotesisht,Pajtohem plotesisht,Pajtohem,Neutral,"IA mund te rrise shpejtesine e sherbimeve bankare, sidomos per rekomandime dhe zbulim mashtrimesh."
188,46173.725694444445,46173.72787037037,anonymous,,"Po, jap pelqimin tim",Femer,26-35,Master,I/e punesuar,Teknologji / IT,Tirane,Intesa Sanpaolo Bank,1-3 vjet,"Internet banking (permes kompjuterit/browserit);Karta debiti/krediti per pagesa online;E-wallet (EasyPay, M-Pay, E-Posta, etj.);",Disa here ne jave,4,Jo,Neutral,Pajtohem,Pajtohem plotesisht,Pajtohem,Pajtohem plotesisht,Pajtohem plotesisht,Pajtohem plotesisht,Nuk pajtohem,Nuk pajtohem,Neutral,Pajtohem plotesisht,Pajtohem plotesisht,Neutral,Pajtohem plotesisht,Nuk pajtohem,Nuk pajtohem,Nuk pajtohem,Pajtohem plotesisht,Pajtohem plotesisht,Neutral,Nuk pajtohem aspak,Pajtohem plotesisht,Nuk pajtohem,Nuk pajtohem,Pajtohem,"Sherbimet me IA mund te ndihmojne, por vendimet e rendesishme duhet te verifikohen nga punonjesit e bankes."
189,46173.729166666664,46173.731944444444,anonymous,,"Po, jap pelqimin tim",Femer,26-35,Arsim i mesem (gjimnaz/profesional),I/e punesuar,Ndertim / Inxhinieri,Tirane,BKT (Banka Kombetare Tregtare),3-5 vjet,Nuk perdor asnje sherbim digjital bankar;,Rralle ose kurre,3,Jo,Neutral,Pajtohem,Pajtohem,Neutral,Nuk pajtohem,Nuk pajtohem,Nuk pajtohem aspak,Pajtohem,Nuk pajtohem,Pajtohem,Nuk pajtohem,Pajtohem,Nuk pajtohem aspak,Nuk pajtohem aspak,Pajtohem,Neutral,Pajtohem,Nuk pajtohem,Pajtohem,Nuk pajtohem aspak,Neutral,Neutral,Pajtohem,Nuk pajtohem,Neutral,"IA mund te perdoret per pyetje te thjeshta, por jo per vendime financiare te rendesishme."
190,46173.73125,46173.734768518516,anonymous,,"Po, jap pelqimin tim",Mashkull,26-35,Arsim i mesem (gjimnaz/profesional),I/e punesuar,Tregti / Sherbime,Elbasan,Credins Bank,Mbi 5 vjet,"Mobile banking (aplikacioni i bankes ne telefon);Internet banking (permes kompjuterit/browserit);Karta debiti/krediti per pagesa online;E-wallet (EasyPay, M-Pay, E-Posta, etj.);",Nje here ne jave,4,Po,Neutral,Pajtohem plotesisht,Pajtohem,Pajtohem plotesisht,Pajtohem plotesisht,Pajtohem plotesisht,Neutral,Pajtohem,Pajtohem,Pajtohem plotesisht,Neutral,Pajtohem,Pajtohem,Neutral,Pajtohem,Pajtohem,Pajtohem plotesisht,Neutral,Pajtohem,Pajtohem,Neutral,Pajtohem plotesisht,Neutral,Neutral,Pajtohem plotesisht,"Sherbimet me IA mund te ndihmojne, por vendimet e rendesishme duhet te verifikohen nga punonjesit e bankes."
191,46173.73333333333,46173.7346875,anonymous,,"Po, jap pelqimin tim",Femer,26-35,Master,I/e vetepunesuar,Tregti / Sherbime,Vlore,Other,1-3 vjet,Mobile banking (aplikacioni i bankes ne telefon);,Disa here ne jave,5,Nuk jam i/e sigurt,Pajtohem plotesisht,Pajtohem,Pajtohem,Neutral,Pajtohem plotesisht,Nuk pajtohem,Neutral,Pajtohem plotesisht,Pajtohem plotesisht,Pajtohem plotesisht,Pajtohem,Pajtohem,Pajtohem plotesisht,Neutral,Pajtohem plotesisht,Pajtohem plotesisht,Pajtohem plotesisht,Pajtohem,Pajtohem,Pajtohem plotesisht,Nuk pajtohem aspak,Pajtohem,Pajtohem,Pajtohem plotesisht,Pajtohem,"Potenciali eshte i madh, por bankat duhet te forcojne qeverisjen e te dhenave dhe kontrollin rregullator."
192,46173.73333333333,46173.73568287037,anonymous,,"Po, jap pelqimin tim",Mashkull,18-25,Bachelor,I/e punesuar,Administrate publike,Vlore,Credins Bank,1-3 vjet,"Mobile banking (aplikacioni i bankes ne telefon);E-wallet (EasyPay, M-Pay, E-Posta, etj.);",Disa here ne muaj,3,Jo,Nuk pajtohem aspak,Neutral,Nuk pajtohem aspak,Neutral,Pajtohem plotesisht,Pajtohem plotesisht,Neutral,Nuk pajtohem,Pajtohem,Pajtohem plotesisht,Nuk pajtohem,Neutral,Neutral,Neutral,Nuk pajtohem,Pajtohem,Pajtohem plotesisht,Nuk pajtohem,Neutral,Pajtohem,Pajtohem,Pajtohem plotesisht,Pajtohem plotesisht,Pajtohem,Pajtohem,"IA mund te perdoret per pyetje te thjeshta, por jo per vendime financiare te rendesishme."
193,46173.736805555556,46173.73787037037,anonymous,,"Po, jap pelqimin tim",Mashkull,26-35,Doktorature,I/e punesuar,Tregti / Sherbime,Qytet tjeter,Intesa Sanpaolo Bank,1-3 vjet,"Mobile banking (aplikacioni i bankes ne telefon);Internet banking (permes kompjuterit/browserit);Karta debiti/krediti per pagesa online;E-wallet (EasyPay, M-Pay, E-Posta, etj.);",Cdo dite,4,Po,Pajtohem plotesisht,Pajtohem,Neutral,Pajtohem,Nuk pajtohem,Nuk pajtohem aspak,Pajtohem plotesisht,Nuk pajtohem,Pajtohem plotesisht,Pajtohem,Pajtohem plotesisht,Neutral,Pajtohem plotesisht,Pajtohem plotesisht,Nuk pajtohem,Pajtohem plotesisht,Pajtohem,Pajtohem plotesisht,Neutral,Pajtohem plotesisht,Nuk pajtohem,Pajtohem,Neutral,Pajtohem,Neutral,Do ta provoja nese banka e shpjegon qarte si ruhen te dhenat dhe si kontrollohen vendimet.
194,46173.7375,46173.74170138889,anonymous,,"Po, jap pelqimin tim",Mashkull,26-35,Master,I/e punesuar,Tregti / Sherbime,Shkoder,Intesa Sanpaolo Bank,3-5 vjet,"Mobile banking (aplikacioni i bankes ne telefon);Karta debiti/krediti per pagesa online;E-wallet (EasyPay, M-Pay, E-Posta, etj.);",Disa here ne jave,5,Po,Nuk pajtohem,Neutral,Nuk pajtohem aspak,Pajtohem plotesisht,Nuk pajtohem,Nuk pajtohem aspak,Pajtohem,Pajtohem plotesisht,Pajtohem,Pajtohem,Pajtohem,Pajtohem,Neutral,Pajtohem,Pajtohem plotesisht,Pajtohem,Pajtohem plotesisht,Neutral,Neutral,Neutral,Nuk pajtohem,Neutral,Neutral,Nuk pajtohem,Nuk pajtohem,Do ta provoja nese banka e shpjegon qarte si ruhen te dhenat dhe si kontrollohen vendimet.
195,46173.740277777775,46173.74259259259,anonymous,,"Po, jap pelqimin tim",Mashkull,36-45,Arsim baze (9-vjecar),I/e punesuar,Tregti / Sherbime,Qytet tjeter,BKT (Banka Kombetare Tregtare),Mbi 5 vjet,Nuk perdor asnje sherbim digjital bankar;,Rralle ose kurre,2,Nuk jam i/e sigurt,Nuk pajtohem,Nuk pajtohem aspak,Nuk pajtohem,Nuk pajtohem aspak,Nuk pajtohem,Pajtohem plotesisht,Nuk pajtohem,Nuk pajtohem,Neutral,Pajtohem,Nuk pajtohem aspak,Neutral,Nuk pajtohem aspak,Nuk pajtohem,Nuk pajtohem,Neutral,Pajtohem,Nuk pajtohem aspak,Pajtohem,Nuk pajtohem aspak,Neutral,Neutral,Pajtohem,Neutral,Nuk pajtohem,"IA mund te perdoret per pyetje te thjeshta, por jo per vendime financiare te rendesishme."
196,46173.74236111111,46173.743842592594,anonymous,,"Po, jap pelqimin tim",Femer,18-25,Arsim i mesem (gjimnaz/profesional),I/e punesuar,Ndertim / Inxhinieri,Korce,BKT (Banka Kombetare Tregtare),1-3 vjet,Mobile banking (aplikacioni i bankes ne telefon);Internet banking (permes kompjuterit/browserit);Karta debiti/krediti per pagesa online;,Cdo dite,5,Po,Pajtohem,Pajtohem plotesisht,Pajtohem,Pajtohem plotesisht,Pajtohem,Pajtohem plotesisht,Pajtohem plotesisht,Pajtohem,Pajtohem,Neutral,Neutral,Pajtohem,Neutral,Pajtohem plotesisht,Pajtohem,Pajtohem,Neutral,Neutral,Pajtohem,Neutral,Nuk pajtohem,Pajtohem,Pajtohem plotesisht,Neutral,Neutral,Do ta provoja nese banka e shpjegon qarte si ruhen te dhenat dhe si kontrollohen vendimet.
197,46173.745833333334,46173.75059027778,anonymous,,"Po, jap pelqimin tim",Femer,26-35,Bachelor,I/e vetepunesuar,Tregti / Sherbime,Zone rurale,BKT (Banka Kombetare Tregtare),Me pak se 1 vit,"Mobile banking (aplikacioni i bankes ne telefon);Internet banking (permes kompjuterit/browserit);Karta debiti/krediti per pagesa online;E-wallet (EasyPay, M-Pay, E-Posta, etj.);",Nje here ne jave,4,Po,Pajtohem,Pajtohem plotesisht,Pajtohem plotesisht,Pajtohem,Pajtohem plotesisht,Pajtohem,Pajtohem plotesisht,Pajtohem plotesisht,Neutral,Neutral,Pajtohem plotesisht,Neutral,Pajtohem plotesisht,Pajtohem plotesisht,Pajtohem plotesisht,Neutral,Neutral,Pajtohem plotesisht,Neutral,Pajtohem plotesisht,Neutral,Pajtohem plotesisht,Nuk pajtohem aspak,Pajtohem plotesisht,Pajtohem plotesisht,"Jam i hapur ndaj IA, por privatesia dhe transparenca jane kushtet kryesore."
198,46173.74652777778,46173.74964120371,anonymous,,"Po, jap pelqimin tim",Mashkull,36-45,Bachelor,I/e punesuar,Tregti / Sherbime,Durres,Raiffeisen Bank,3-5 vjet,"Mobile banking (aplikacioni i bankes ne telefon);Internet banking (permes kompjuterit/browserit);E-wallet (EasyPay, M-Pay, E-Posta, etj.);",Cdo dite,4,Po,Pajtohem plotesisht,Neutral,Pajtohem,Neutral,Neutral,Pajtohem,Pajtohem,Pajtohem,Pajtohem,Neutral,Pajtohem,Pajtohem,Pajtohem plotesisht,Pajtohem,Neutral,Pajtohem,Pajtohem,Pajtohem,Pajtohem plotesisht,Pajtohem,Nuk pajtohem,Neutral,Pajtohem,Neutral,Pajtohem,"IA mund te rrise shpejtesine e sherbimeve bankare, sidomos per rekomandime dhe zbulim mashtrimesh."
199,46173.74791666667,46173.74947916667,anonymous,,"Po, jap pelqimin tim",Mashkull,46-55,Bachelor,I/e punesuar,Arsim,Shkoder,Intesa Sanpaolo Bank,1-3 vjet,Mobile banking (aplikacioni i bankes ne telefon);Internet banking (permes kompjuterit/browserit);,Nje here ne jave,3,Po,Neutral,Pajtohem,Neutral,Pajtohem plotesisht,Pajtohem,Pajtohem,Pajtohem,Neutral,Neutral,Pajtohem plotesisht,Nuk pajtohem,Pajtohem,Neutral,Pajtohem,Neutral,Neutral,Pajtohem plotesisht,Nuk pajtohem,Pajtohem,Neutral,Neutral,Pajtohem plotesisht,Neutral,Pajtohem,Pajtohem,"Jam i hapur ndaj IA, por privatesia dhe transparenca jane kushtet kryesore."
200,46173.75277777778,46173.75565972222,anonymous,,"Po, jap pelqimin tim",Mashkull,55+,Bachelor,I/e vetepunesuar,Administrate publike,Shkoder,Other,Mbi 5 vjet,Mobile banking (aplikacioni i bankes ne telefon);Internet banking (permes kompjuterit/browserit);,Cdo dite,4,Nuk jam i/e sigurt,Neutral,Pajtohem plotesisht,Pajtohem plotesisht,Pajtohem,Neutral,Nuk pajtohem aspak,Neutral,Pajtohem,Pajtohem plotesisht,Pajtohem plotesisht,Pajtohem plotesisht,Pajtohem,Pajtohem plotesisht,Neutral,Pajtohem plotesisht,Pajtohem plotesisht,Pajtohem plotesisht,Pajtohem plotesisht,Pajtohem,Pajtohem plotesisht,Nuk pajtohem aspak,Nuk pajtohem,Neutral,Nuk pajtohem,Nuk pajtohem,"IA mund te rrise shpejtesine e sherbimeve bankare, sidomos per rekomandime dhe zbulim mashtrimesh."
201,46173.75486111111,46173.75890046296,anonymous,,"Po, jap pelqimin tim",Femer,18-25,Bachelor,I/e punesuar,Finance / Banke / Sigurime,Durres,Credins Bank,1-3 vjet,Mobile banking (aplikacioni i bankes ne telefon);Internet banking (permes kompjuterit/browserit);Karta debiti/krediti per pagesa online;,Cdo dite,4,Po,Pajtohem,Pajtohem plotesisht,Neutral,Neutral,Neutral,Nuk pajtohem,Pajtohem,Neutral,Nuk pajtohem,Pajtohem,Neutral,Pajtohem plotesisht,Neutral,Pajtohem,Neutral,Nuk pajtohem,Pajtohem,Neutral,Pajtohem plotesisht,Neutral,Nuk pajtohem,Pajtohem,Nuk pajtohem,Nuk pajtohem,Nuk pajtohem aspak,Do ta provoja nese banka e shpjegon qarte si ruhen te dhenat dhe si kontrollohen vendimet.
202,46173.75625,46173.760092592594,anonymous,,"Po, jap pelqimin tim",Mashkull,18-25,Arsim i mesem (gjimnaz/profesional),I/e punesuar,Bujqesi,Vlore,Tirana Bank,1-3 vjet,Mobile banking (aplikacioni i bankes ne telefon);Internet banking (permes kompjuterit/browserit);,Disa here ne jave,2,Po,Pajtohem,Pajtohem,Nuk pajtohem,Pajtohem,Pajtohem plotesisht,Neutral,Pajtohem,Neutral,Pajtohem plotesisht,Neutral,Pajtohem,Pajtohem,Pajtohem plotesisht,Pajtohem,Neutral,Pajtohem,Neutral,Pajtohem plotesisht,Pajtohem,Pajtohem plotesisht,Neutral,Pajtohem,Nuk pajtohem,Pajtohem,Neutral,"Jam i hapur ndaj IA, por privatesia dhe transparenca jane kushtet kryesore."
203,46173.75833333333,46173.762511574074,anonymous,,"Po, jap pelqimin tim",Femer,36-45,Bachelor,I/e punesuar,Teknologji / IT,Qytet tjeter,Intesa Sanpaolo Bank,Me pak se 1 vit,Mobile banking (aplikacioni i bankes ne telefon);Internet banking (permes kompjuterit/browserit);Karta debiti/krediti per pagesa online;,Nje here ne jave,5,Jo,Pajtohem,Neutral,Pajtohem,Pajtohem plotesisht,Pajtohem,Neutral,Pajtohem plotesisht,Pajtohem plotesisht,Pajtohem plotesisht,Pajtohem,Pajtohem,Pajtohem,Pajtohem plotesisht,Pajtohem plotesisht,Pajtohem plotesisht,Pajtohem plotesisht,Pajtohem,Pajtohem,Pajtohem,Pajtohem plotesisht,Nuk pajtohem aspak,Pajtohem,Neutral,Pajtohem,Neutral,"IA duhet te zbatohet gradualisht, me auditim, transparence dhe pergjegjesi te qarte institucionale."
204,46173.760416666664,46173.764189814814,anonymous,,"Po, jap pelqimin tim",Mashkull,26-35,Bachelor,I/e punesuar,Tregti / Sherbime,Tirane,Intesa Sanpaolo Bank,1-3 vjet,Mobile banking (aplikacioni i bankes ne telefon);Internet banking (permes kompjuterit/browserit);,Nje here ne jave,3,Po,Neutral,Neutral,Pajtohem,Pajtohem,Pajtohem,Pajtohem plotesisht,Pajtohem plotesisht,Pajtohem plotesisht,Neutral,Pajtohem plotesisht,Nuk pajtohem,Pajtohem plotesisht,Neutral,Pajtohem plotesisht,Pajtohem plotesisht,Neutral,Pajtohem plotesisht,Nuk pajtohem,Pajtohem plotesisht,Neutral,Nuk pajtohem,Neutral,Nuk pajtohem,Pajtohem plotesisht,Pajtohem plotesisht,"Jam i hapur ndaj IA, por privatesia dhe transparenca jane kushtet kryesore."
205,46173.760416666664,46173.76436342593,anonymous,,"Po, jap pelqimin tim",Femer,55+,Arsim baze (9-vjecar),I/e dale ne pension,Administrate publike,Elbasan,Raiffeisen Bank,1-3 vjet,Internet banking (permes kompjuterit/browserit);,Disa here ne muaj,4,Jo,Nuk pajtohem,Pajtohem,Nuk pajtohem,Nuk pajtohem aspak,Pajtohem,Pajtohem plotesisht,Nuk pajtohem,Neutral,Nuk pajtohem,Pajtohem,Nuk pajtohem aspak,Pajtohem plotesisht,Nuk pajtohem aspak,Nuk pajtohem,Neutral,Neutral,Pajtohem,Nuk pajtohem aspak,Pajtohem plotesisht,Nuk pajtohem aspak,Nuk pajtohem,Pajtohem,Pajtohem plotesisht,Neutral,Pajtohem,"IA mund te perdoret per pyetje te thjeshta, por jo per vendime financiare te rendesishme."
206,46173.76388888889,46173.76762731482,anonymous,,"Po, jap pelqimin tim",Mashkull,46-55,Arsim baze (9-vjecar),I/e punesuar,Tregti / Sherbime,Tirane,BKT (Banka Kombetare Tregtare),1-3 vjet,Mobile banking (aplikacioni i bankes ne telefon);Internet banking (permes kompjuterit/browserit);,Nje here ne jave,3,Po,Neutral,Neutral,Neutral,Neutral,Pajtohem plotesisht,Pajtohem plotesisht,Neutral,Nuk pajtohem,Pajtohem plotesisht,Pajtohem,Neutral,Pajtohem,Nuk pajtohem,Neutral,Nuk pajtohem,Pajtohem plotesisht,Pajtohem,Nuk pajtohem,Pajtohem,Nuk pajtohem,Neutral,Pajtohem plotesisht,Pajtohem,Pajtohem plotesisht,Pajtohem plotesisht,"Jam i hapur ndaj IA, por privatesia dhe transparenca jane kushtet kryesore."
207,46173.76458333333,46173.76943287037,anonymous,,"Po, jap pelqimin tim",Mashkull,18-25,Arsim i mesem (gjimnaz/profesional),I/e punesuar,Tregti / Sherbime,Durres,Tirana Bank,3-5 vjet,"Mobile banking (aplikacioni i bankes ne telefon);Karta debiti/krediti per pagesa online;E-wallet (EasyPay, M-Pay, E-Posta, etj.);",Disa here ne jave,4,Po,Pajtohem,Pajtohem,Pajtohem,Neutral,Pajtohem,Neutral,Pajtohem plotesisht,Pajtohem plotesisht,Nuk pajtohem,Pajtohem plotesisht,Pajtohem,Pajtohem plotesisht,Pajtohem,Pajtohem plotesisht,Pajtohem plotesisht,Nuk pajtohem,Pajtohem plotesisht,Pajtohem,Pajtohem plotesisht,Pajtohem plotesisht,Nuk pajtohem aspak,Neutral,Pajtohem,Nuk pajtohem,Neutral,"IA duhet te zbatohet gradualisht, me auditim, transparence dhe pergjegjesi te qarte institucionale."
208,46173.768055555556,46173.76896990741,anonymous,,"Po, jap pelqimin tim",Femer,26-35,Bachelor,I/e papune,Teknologji / IT,Vlore,Intesa Sanpaolo Bank,Me pak se 1 vit,Mobile banking (aplikacioni i bankes ne telefon);Internet banking (permes kompjuterit/browserit);,Cdo dite,5,Po,Pajtohem plotesisht,Pajtohem,Pajtohem,Pajtohem plotesisht,Pajtohem,Pajtohem,Pajtohem plotesisht,Pajtohem plotesisht,Pajtohem plotesisht,Neutral,Pajtohem plotesisht,Pajtohem plotesisht,Pajtohem,Pajtohem plotesisht,Pajtohem plotesisht,Pajtohem plotesisht,Neutral,Pajtohem,Pajtohem plotesisht,Pajtohem,Nuk pajtohem,Pajtohem,Neutral,Pajtohem,Pajtohem,"IA mund te rrise shpejtesine e sherbimeve bankare, sidomos per rekomandime dhe zbulim mashtrimesh."
209,46173.76944444444,46173.772569444445,anonymous,,"Po, jap pelqimin tim",Femer,18-25,Bachelor,Student/e,Arsim,Tirane,Credins Bank,1-3 vjet,"Mobile banking (aplikacioni i bankes ne telefon);Internet banking (permes kompjuterit/browserit);Karta debiti/krediti per pagesa online;E-wallet (EasyPay, M-Pay, E-Posta, etj.);",Disa here ne jave,3,Po,Neutral,Pajtohem,Pajtohem plotesisht,Pajtohem plotesisht,Pajtohem plotesisht,Pajtohem,Neutral,Pajtohem plotesisht,Neutral,Pajtohem plotesisht,Neutral,Pajtohem plotesisht,Pajtohem,Neutral,Pajtohem plotesisht,Neutral,Pajtohem plotesisht,Neutral,Pajtohem plotesisht,Pajtohem plotesisht,Nuk pajtohem aspak,Pajtohem plotesisht,Pajtohem plotesisht,Pajtohem,Pajtohem,"IA duhet te zbatohet gradualisht, me auditim, transparence dhe pergjegjesi te qarte institucionale."
210,46173.77361111111,46173.7771875,anonymous,,"Po, jap pelqimin tim",Mashkull,46-55,Arsim baze (9-vjecar),I/e vetepunesuar,Tregti / Sherbime,Tirane,Raiffeisen Bank,Me pak se 1 vit,Nuk perdor asnje sherbim digjital bankar;,Rralle ose kurre,2,Po,Nuk pajtohem aspak,Neutral,Nuk pajtohem,Nuk pajtohem,Pajtohem plotesisht,Pajtohem,Neutral,Neutral,Pajtohem,Pajtohem,Nuk pajtohem aspak,Neutral,Nuk pajtohem,Neutral,Neutral,Pajtohem,Pajtohem,Nuk pajtohem aspak,Neutral,Nuk pajtohem,Pajtohem plotesisht,Neutral,Pajtohem,Pajtohem,Pajtohem,"IA mund te perdoret per pyetje te thjeshta, por jo per vendime financiare te rendesishme."
211,46173.77291666667,46173.77469907407,anonymous,,"Po, jap pelqimin tim",Femer,36-45,Master,I/e punesuar,Shendetesi / Mjekesi,Durres,OTP Bank,Mbi 5 vjet,"Mobile banking (aplikacioni i bankes ne telefon);Internet banking (permes kompjuterit/browserit);Karta debiti/krediti per pagesa online;E-wallet (EasyPay, M-Pay, E-Posta, etj.);",Nje here ne jave,2,Po,Neutral,Neutral,Pajtohem,Pajtohem,Pajtohem plotesisht,Pajtohem plotesisht,Neutral,Neutral,Nuk pajtohem,Pajtohem plotesisht,Neutral,Pajtohem,Neutral,Neutral,Nuk pajtohem,Neutral,Pajtohem plotesisht,Neutral,Pajtohem,Neutral,Pajtohem,Pajtohem,Pajtohem plotesisht,Pajtohem plotesisht,Pajtohem plotesisht,"Jam i hapur ndaj IA, por privatesia dhe transparenca jane kushtet kryesore."
212,46173.77638888889,46173.77763888889,anonymous,,"Po, jap pelqimin tim",Femer,55+,Arsim baze (9-vjecar),I/e punesuar,Ndertim / Inxhinieri,Shkoder,OTP Bank,3-5 vjet,"Mobile banking (aplikacioni i bankes ne telefon);Karta debiti/krediti per pagesa online;E-wallet (EasyPay, M-Pay, E-Posta, etj.);",Nje here ne jave,4,Jo,Pajtohem,Pajtohem,Pajtohem plotesisht,Pajtohem,Pajtohem,Neutral,Nuk pajtohem,Pajtohem plotesisht,Pajtohem,Pajtohem plotesisht,Pajtohem,Pajtohem plotesisht,Neutral,Nuk pajtohem,Pajtohem plotesisht,Pajtohem,Pajtohem plotesisht,Pajtohem,Pajtohem plotesisht,Neutral,Neutral,Pajtohem plotesisht,Nuk pajtohem,Pajtohem plotesisht,Neutral,"Sherbimet me IA mund te ndihmojne, por vendimet e rendesishme duhet te verifikohen nga punonjesit e bankes."
213,46173.77847222222,46173.782743055555,anonymous,,"Po, jap pelqimin tim",Mashkull,18-25,Bachelor,I/e punesuar,Teknologji / IT,Qytet tjeter,Tirana Bank,1-3 vjet,Internet banking (permes kompjuterit/browserit);,Disa here ne muaj,2,Jo,Nuk pajtohem,Neutral,Neutral,Nuk pajtohem,Pajtohem plotesisht,Pajtohem,Neutral,Nuk pajtohem,Neutral,Nuk pajtohem,Neutral,Pajtohem,Neutral,Neutral,Nuk pajtohem,Neutral,Neutral,Neutral,Pajtohem,Neutral,Neutral,Pajtohem plotesisht,Neutral,Pajtohem plotesisht,Pajtohem,"IA mund te perdoret per pyetje te thjeshta, por jo per vendime financiare te rendesishme."
214,46173.77916666667,46173.78005787037,anonymous,,"Po, jap pelqimin tim",Mashkull,46-55,Arsim baze (9-vjecar),I/e punesuar,Administrate publike,Tirane,BKT (Banka Kombetare Tregtare),3-5 vjet,Nuk perdor asnje sherbim digjital bankar;,Rralle ose kurre,4,Po,Pajtohem,Nuk pajtohem,Neutral,Nuk pajtohem,Pajtohem,Pajtohem,Nuk pajtohem,Neutral,Nuk pajtohem aspak,Pajtohem,Nuk pajtohem,Pajtohem plotesisht,Nuk pajtohem,Neutral,Neutral,Nuk pajtohem aspak,Pajtohem,Nuk pajtohem,Pajtohem plotesisht,Nuk pajtohem,Pajtohem,Pajtohem plotesisht,Pajtohem,Pajtohem,Pajtohem,"IA mund te perdoret per pyetje te thjeshta, por jo per vendime financiare te rendesishme."
215,46173.78194444445,46173.78381944444,anonymous,,"Po, jap pelqimin tim",Mashkull,18-25,Master,Student/e,Tregti / Sherbime,Tirane,BKT (Banka Kombetare Tregtare),1-3 vjet,Mobile banking (aplikacioni i bankes ne telefon);Karta debiti/krediti per pagesa online;,Disa here ne jave,3,Jo,Pajtohem plotesisht,Pajtohem plotesisht,Pajtohem plotesisht,Pajtohem plotesisht,Pajtohem,Pajtohem,Neutral,Neutral,Pajtohem plotesisht,Pajtohem plotesisht,Pajtohem,Pajtohem plotesisht,Neutral,Neutral,Neutral,Pajtohem plotesisht,Pajtohem plotesisht,Pajtohem,Pajtohem plotesisht,Neutral,Nuk pajtohem,Pajtohem,Pajtohem,Pajtohem plotesisht,Pajtohem plotesisht,"Potenciali eshte i madh, por bankat duhet te forcojne qeverisjen e te dhenave dhe kontrollin rregullator."
216,46173.785416666666,46173.78706018518,anonymous,,"Po, jap pelqimin tim",Femer,46-55,Bachelor,I/e punesuar,Tregti / Sherbime,Tirane,BKT (Banka Kombetare Tregtare),Mbi 5 vjet,"Mobile banking (aplikacioni i bankes ne telefon);Internet banking (permes kompjuterit/browserit);E-wallet (EasyPay, M-Pay, E-Posta, etj.);",Disa here ne muaj,3,Jo,Nuk pajtohem aspak,Nuk pajtohem aspak,Nuk pajtohem,Nuk pajtohem aspak,Pajtohem plotesisht,Pajtohem plotesisht,Nuk pajtohem,Pajtohem,Nuk pajtohem,Pajtohem plotesisht,Neutral,Pajtohem plotesisht,Nuk pajtohem,Neutral,Pajtohem,Nuk pajtohem,Pajtohem plotesisht,Neutral,Pajtohem plotesisht,Nuk pajtohem,Neutral,Pajtohem plotesisht,Pajtohem,Pajtohem plotesisht,Pajtohem plotesisht,"Jam i hapur ndaj IA, por privatesia dhe transparenca jane kushtet kryesore."
217,46173.785416666666,46173.78815972222,anonymous,,"Po, jap pelqimin tim",Mashkull,26-35,Arsim i mesem (gjimnaz/profesional),I/e punesuar,Ndertim / Inxhinieri,Qytet tjeter,BKT (Banka Kombetare Tregtare),3-5 vjet,"Mobile banking (aplikacioni i bankes ne telefon);Internet banking (permes kompjuterit/browserit);Karta debiti/krediti per pagesa online;E-wallet (EasyPay, M-Pay, E-Posta, etj.);",Nje here ne jave,3,Jo,Nuk pajtohem,Pajtohem,Nuk pajtohem,Pajtohem plotesisht,Pajtohem plotesisht,Pajtohem,Nuk pajtohem,Pajtohem,Neutral,Pajtohem plotesisht,Nuk pajtohem,Neutral,Pajtohem,Nuk pajtohem,Pajtohem,Neutral,Pajtohem,Nuk pajtohem,Neutral,Pajtohem,Nuk pajtohem,Pajtohem,Pajtohem,Pajtohem plotesisht,Pajtohem,"Jam i hapur ndaj IA, por privatesia dhe transparenca jane kushtet kryesore."
218,46173.788194444445,46173.789305555554,anonymous,,"Po, jap pelqimin tim",Mashkull,36-45,Arsim i mesem (gjimnaz/profesional),I/e punesuar,Bujqesi,Durres,BKT (Banka Kombetare Tregtare),Me pak se 1 vit,Mobile banking (aplikacioni i bankes ne telefon);,Disa here ne jave,3,Po,Nuk pajtohem,Nuk pajtohem,Nuk pajtohem,Pajtohem plotesisht,Pajtohem plotesisht,Pajtohem plotesisht,Pajtohem,Pajtohem,Nuk pajtohem,Pajtohem plotesisht,Neutral,Pajtohem plotesisht,Neutral,Pajtohem,Pajtohem,Neutral,Pajtohem plotesisht,Neutral,Pajtohem plotesisht,Neutral,Nuk pajtohem,Neutral,Pajtohem plotesisht,Pajtohem plotesisht,Pajtohem plotesisht,"Sherbimet me IA mund te ndihmojne, por vendimet e rendesishme duhet te verifikohen nga punonjesit e bankes."
219,46173.790972222225,46173.79211805556,anonymous,,"Po, jap pelqimin tim",Femer,55+,Arsim i mesem (gjimnaz/profesional),I/e punesuar,Tregti / Sherbime,Tirane,Raiffeisen Bank,3-5 vjet,Nuk perdor asnje sherbim digjital bankar;,Rralle ose kurre,4,Jo,Neutral,Neutral,Neutral,Pajtohem,Pajtohem plotesisht,Pajtohem plotesisht,Pajtohem,Pajtohem,Pajtohem,Pajtohem plotesisht,Nuk pajtohem,Pajtohem plotesisht,Neutral,Pajtohem,Pajtohem,Neutral,Pajtohem plotesisht,Nuk pajtohem,Pajtohem plotesisht,Neutral,Pajtohem,Pajtohem,Pajtohem,Pajtohem,Pajtohem plotesisht,"IA mund te perdoret per pyetje te thjeshta, por jo per vendime financiare te rendesishme."
220,46173.79305555556,46173.79657407408,anonymous,,"Po, jap pelqimin tim",Mashkull,18-25,Bachelor,I/e punesuar,Arsim,Shkoder,Intesa Sanpaolo Bank,Me pak se 1 vit,Mobile banking (aplikacioni i bankes ne telefon);Internet banking (permes kompjuterit/browserit);Karta debiti/krediti per pagesa online;,Disa here ne jave,4,Jo,Nuk pajtohem,Neutral,Neutral,Nuk pajtohem,Pajtohem plotesisht,Neutral,Nuk pajtohem,Pajtohem,Neutral,Pajtohem plotesisht,Nuk pajtohem aspak,Pajtohem plotesisht,Neutral,Nuk pajtohem,Pajtohem,Neutral,Pajtohem plotesisht,Nuk pajtohem aspak,Pajtohem plotesisht,Neutral,Neutral,Pajtohem plotesisht,Neutral,Pajtohem plotesisht,Pajtohem plotesisht,"Jam i hapur ndaj IA, por privatesia dhe transparenca jane kushtet kryesore."
221,46173.794444444444,46173.79665509259,anonymous,,"Po, jap pelqimin tim",Femer,18-25,Master,Student/e,Arsim,Tirane,Other,1-3 vjet,Mobile banking (aplikacioni i bankes ne telefon);Internet banking (permes kompjuterit/browserit);Karta debiti/krediti per pagesa online;,Disa here ne jave,5,Jo,Nuk pajtohem,Pajtohem plotesisht,Pajtohem plotesisht,Neutral,Pajtohem plotesisht,Pajtohem,Pajtohem,Pajtohem plotesisht,Pajtohem plotesisht,Pajtohem plotesisht,Pajtohem,Pajtohem,Pajtohem,Pajtohem,Pajtohem plotesisht,Pajtohem plotesisht,Pajtohem plotesisht,Neutral,Pajtohem,Pajtohem,Nuk pajtohem,Pajtohem,Neutral,Pajtohem plotesisht,Pajtohem,"Jam i hapur ndaj IA, por privatesia dhe transparenca jane kushtet kryesore."
222,46173.79861111111,46173.79974537037,anonymous,,"Po, jap pelqimin tim",Mashkull,46-55,Arsim baze (9-vjecar),I/e punesuar,Administrate publike,Shkoder,Credins Bank,Mbi 5 vjet,Karta debiti/krediti per pagesa online;,Disa here ne muaj,2,Po,Nuk pajtohem,Neutral,Nuk pajtohem,Neutral,Pajtohem plotesisht,Neutral,Neutral,Pajtohem,Pajtohem plotesisht,Pajtohem,Pajtohem,Pajtohem,Neutral,Pajtohem,Neutral,Pajtohem plotesisht,Pajtohem,Pajtohem,Pajtohem,Neutral,Pajtohem,Neutral,Pajtohem,Neutral,Neutral,"IA mund te perdoret per pyetje te thjeshta, por jo per vendime financiare te rendesishme."
223,46173.799305555556,46173.80105324074,anonymous,,"Po, jap pelqimin tim",Femer,26-35,Bachelor,I/e vetepunesuar,Ndertim / Inxhinieri,Vlore,BKT (Banka Kombetare Tregtare),Mbi 5 vjet,Mobile banking (aplikacioni i bankes ne telefon);,Nje here ne jave,4,Po,Pajtohem plotesisht,Pajtohem plotesisht,Neutral,Pajtohem,Pajtohem plotesisht,Pajtohem plotesisht,Neutral,Neutral,Neutral,Pajtohem plotesisht,Neutral,Pajtohem,Pajtohem,Neutral,Neutral,Pajtohem,Pajtohem plotesisht,Nuk pajtohem,Pajtohem,Pajtohem,Pajtohem,Neutral,Pajtohem,Pajtohem plotesisht,Pajtohem plotesisht,"Sherbimet me IA mund te ndihmojne, por vendimet e rendesishme duhet te verifikohen nga punonjesit e bankes."
224,46173.8,46173.80458333333,anonymous,,"Po, jap pelqimin tim",Femer,46-55,Bachelor,I/e punesuar,Finance / Banke / Sigurime,Zone rurale,Raiffeisen Bank,3-5 vjet,"Mobile banking (aplikacioni i bankes ne telefon);Internet banking (permes kompjuterit/browserit);E-wallet (EasyPay, M-Pay, E-Posta, etj.);",Cdo dite,4,Po,Pajtohem plotesisht,Neutral,Neutral,Pajtohem,Pajtohem plotesisht,Pajtohem,Pajtohem,Pajtohem,Pajtohem,Pajtohem plotesisht,Pajtohem,Pajtohem plotesisht,Pajtohem,Pajtohem,Pajtohem plotesisht,Pajtohem,Pajtohem plotesisht,Pajtohem plotesisht,Pajtohem plotesisht,Pajtohem,Nuk pajtohem aspak,Pajtohem plotesisht,Pajtohem plotesisht,Pajtohem plotesisht,Pajtohem plotesisht,"Potenciali eshte i madh, por bankat duhet te forcojne qeverisjen e te dhenave dhe kontrollin rregullator."
225,46173.802777777775,46173.80594907407,anonymous,,"Po, jap pelqimin tim",Mashkull,26-35,Arsim i mesem (gjimnaz/profesional),I/e punesuar,Administrate publike,Qytet tjeter,Intesa Sanpaolo Bank,1-3 vjet,Nuk perdor asnje sherbim digjital bankar;,Rralle ose kurre,3,Jo,Neutral,Neutral,Nuk pajtohem aspak,Nuk pajtohem,Neutral,Pajtohem plotesisht,Nuk pajtohem,Nuk pajtohem,Nuk pajtohem aspak,Pajtohem,Pajtohem,Neutral,Pajtohem,Nuk pajtohem,Nuk pajtohem,Nuk pajtohem aspak,Pajtohem,Pajtohem,Neutral,Pajtohem,Pajtohem,Neutral,Pajtohem plotesisht,Neutral,Pajtohem plotesisht,Per ceshtje bankare preferoj te flas me nje person dhe jo me sistem automatik.
226,46173.80694444444,46173.81141203704,anonymous,,"Po, jap pelqimin tim",Femer,36-45,Arsim i mesem (gjimnaz/profesional),I/e punesuar,Bujqesi,Vlore,Other,3-5 vjet,Nuk perdor asnje sherbim digjital bankar;,Rralle ose kurre,3,Po,Neutral,Pajtohem,Pajtohem,Pajtohem,Neutral,Neutral,Pajtohem,Pajtohem plotesisht,Neutral,Pajtohem,Pajtohem plotesisht,Pajtohem plotesisht,Neutral,Pajtohem,Pajtohem plotesisht,Neutral,Pajtohem,Pajtohem plotesisht,Pajtohem,Neutral,Nuk pajtohem,Pajtohem,Pajtohem,Neutral,Pajtohem,"IA mund te perdoret per pyetje te thjeshta, por jo per vendime financiare te rendesishme."
227,46173.808333333334,46173.81197916667,anonymous,,"Po, jap pelqimin tim",Femer,26-35,Arsim baze (9-vjecar),I/e punesuar,Bujqesi,Korce,Tirana Bank,1-3 vjet,Nuk perdor asnje sherbim digjital bankar;,Rralle ose kurre,2,Jo,Nuk pajtohem,Nuk pajtohem,Nuk pajtohem aspak,Neutral,Pajtohem,Pajtohem plotesisht,Nuk pajtohem aspak,Nuk pajtohem aspak,Nuk pajtohem,Pajtohem,Nuk pajtohem aspak,Pajtohem plotesisht,Nuk pajtohem,Nuk pajtohem aspak,Nuk pajtohem aspak,Nuk pajtohem,Pajtohem,Nuk pajtohem aspak,Pajtohem plotesisht,Nuk pajtohem,Neutral,Neutral,Pajtohem plotesisht,Pajtohem,Pajtohem,Per ceshtje bankare preferoj te flas me nje person dhe jo me sistem automatik.
228,46173.811111111114,46173.81518518519,anonymous,,"Po, jap pelqimin tim",Mashkull,26-35,Bachelor,I/e punesuar,Finance / Banke / Sigurime,Durres,Intesa Sanpaolo Bank,1-3 vjet,Mobile banking (aplikacioni i bankes ne telefon);Internet banking (permes kompjuterit/browserit);Karta debiti/krediti per pagesa online;,Disa here ne jave,4,Nuk jam i/e sigurt,Pajtohem,Pajtohem plotesisht,Pajtohem plotesisht,Pajtohem plotesisht,Pajtohem plotesisht,Nuk pajtohem,Pajtohem plotesisht,Pajtohem,Pajtohem plotesisht,Pajtohem plotesisht,Pajtohem,Pajtohem plotesisht,Pajtohem plotesisht,Pajtohem plotesisht,Pajtohem,Pajtohem plotesisht,Pajtohem plotesisht,Pajtohem,Pajtohem plotesisht,Pajtohem plotesisht,Nuk pajtohem aspak,Pajtohem plotesisht,Pajtohem,Pajtohem,Neutral,"Potenciali eshte i madh, por bankat duhet te forcojne qeverisjen e te dhenave dhe kontrollin rregullator."
229,46173.81319444445,46173.81579861111,anonymous,,"Po, jap pelqimin tim",Femer,26-35,Arsim i mesem (gjimnaz/profesional),I/e punesuar,Administrate publike,Tirane,BKT (Banka Kombetare Tregtare),3-5 vjet,Mobile banking (aplikacioni i bankes ne telefon);Internet banking (permes kompjuterit/browserit);Karta debiti/krediti per pagesa online;,Nje here ne jave,4,Jo,Pajtohem plotesisht,Pajtohem plotesisht,Pajtohem,Nuk pajtohem,Pajtohem plotesisht,Pajtohem plotesisht,Nuk pajtohem,Pajtohem plotesisht,Pajtohem,Pajtohem plotesisht,Neutral,Pajtohem plotesisht,Neutral,Nuk pajtohem,Pajtohem plotesisht,Pajtohem,Pajtohem plotesisht,Neutral,Pajtohem plotesisht,Neutral,Nuk pajtohem aspak,Pajtohem,Pajtohem,Pajtohem plotesisht,Pajtohem,"IA duhet te zbatohet gradualisht, me auditim, transparence dhe pergjegjesi te qarte institucionale."
230,46173.813888888886,46173.817037037035,anonymous,,"Po, jap pelqimin tim",Mashkull,36-45,Master,I/e vetepunesuar,Administrate publike,Korce,BKT (Banka Kombetare Tregtare),1-3 vjet,Internet banking (permes kompjuterit/browserit);,Disa here ne jave,3,Jo,Nuk pajtohem,Nuk pajtohem,Neutral,Neutral,Pajtohem,Pajtohem plotesisht,Pajtohem,Nuk pajtohem,Nuk pajtohem,Pajtohem plotesisht,Nuk pajtohem,Pajtohem plotesisht,Nuk pajtohem aspak,Pajtohem,Nuk pajtohem,Nuk pajtohem,Pajtohem plotesisht,Nuk pajtohem,Pajtohem plotesisht,Nuk pajtohem aspak,Nuk pajtohem,Pajtohem plotesisht,Pajtohem plotesisht,Pajtohem plotesisht,Pajtohem plotesisht,"Jam i hapur ndaj IA, por privatesia dhe transparenca jane kushtet kryesore."
231,46173.816666666666,46173.81780092593,anonymous,,"Po, jap pelqimin tim",Femer,36-45,Arsim baze (9-vjecar),I/e punesuar,Ndertim / Inxhinieri,Tirane,Raiffeisen Bank,3-5 vjet,"Mobile banking (aplikacioni i bankes ne telefon);Internet banking (permes kompjuterit/browserit);E-wallet (EasyPay, M-Pay, E-Posta, etj.);",Nje here ne jave,3,Po,Pajtohem,Neutral,Nuk pajtohem aspak,Nuk pajtohem aspak,Pajtohem plotesisht,Neutral,Nuk pajtohem,Nuk pajtohem,Nuk pajtohem aspak,Pajtohem plotesisht,Nuk pajtohem,Pajtohem plotesisht,Nuk pajtohem aspak,Nuk pajtohem,Neutral,Nuk pajtohem aspak,Pajtohem,Nuk pajtohem,Pajtohem plotesisht,Nuk pajtohem aspak,Pajtohem,Pajtohem,Pajtohem plotesisht,Pajtohem plotesisht,Pajtohem,"Sherbimet me IA mund te ndihmojne, por vendimet e rendesishme duhet te verifikohen nga punonjesit e bankes."
232,46173.81736111111,46173.820335648146,anonymous,,"Po, jap pelqimin tim",Femer,36-45,Arsim i mesem (gjimnaz/profesional),I/e punesuar,Administrate publike,Tirane,Credins Bank,3-5 vjet,Mobile banking (aplikacioni i bankes ne telefon);,Nje here ne jave,3,Po,Neutral,Neutral,Pajtohem,Pajtohem plotesisht,Pajtohem plotesisht,Pajtohem plotesisht,Neutral,Pajtohem,Pajtohem,Pajtohem,Neutral,Pajtohem,Pajtohem,Neutral,Pajtohem,Neutral,Pajtohem,Neutral,Pajtohem,Pajtohem,Nuk pajtohem,Pajtohem,Pajtohem,Pajtohem plotesisht,Pajtohem,"Sherbimet me IA mund te ndihmojne, por vendimet e rendesishme duhet te verifikohen nga punonjesit e bankes."
233,46173.81875,46173.82244212963,anonymous,,"Po, jap pelqimin tim",Mashkull,46-55,Arsim baze (9-vjecar),I/e papune,Administrate publike,Tirane,Raiffeisen Bank,1-3 vjet,"Mobile banking (aplikacioni i bankes ne telefon);Internet banking (permes kompjuterit/browserit);Karta debiti/krediti per pagesa online;E-wallet (EasyPay, M-Pay, E-Posta, etj.);",Cdo dite,4,Jo,Pajtohem,Pajtohem plotesisht,Pajtohem plotesisht,Pajtohem plotesisht,Pajtohem,Neutral,Neutral,Pajtohem plotesisht,Pajtohem,Neutral,Neutral,Pajtohem plotesisht,Pajtohem plotesisht,Neutral,Pajtohem plotesisht,Neutral,Neutral,Neutral,Pajtohem plotesisht,Pajtohem,Neutral,Nuk pajtohem,Nuk pajtohem aspak,Pajtohem,Nuk pajtohem,"IA mund te rrise shpejtesine e sherbimeve bankare, sidomos per rekomandime dhe zbulim mashtrimesh."
234,46173.82083333333,46173.82302083333,anonymous,,"Po, jap pelqimin tim",Femer,26-35,Bachelor,I/e punesuar,Administrate publike,Tirane,Other,1-3 vjet,"Mobile banking (aplikacioni i bankes ne telefon);Internet banking (permes kompjuterit/browserit);E-wallet (EasyPay, M-Pay, E-Posta, etj.);",Nje here ne jave,5,Po,Nuk pajtohem aspak,Neutral,Nuk pajtohem aspak,Nuk pajtohem aspak,Pajtohem plotesisht,Pajtohem plotesisht,Neutral,Pajtohem plotesisht,Neutral,Neutral,Nuk pajtohem aspak,Pajtohem,Pajtohem,Pajtohem,Pajtohem plotesisht,Neutral,Nuk pajtohem,Nuk pajtohem aspak,Pajtohem,Pajtohem,Neutral,Pajtohem plotesisht,Pajtohem,Pajtohem plotesisht,Pajtohem plotesisht,"Sherbimet me IA mund te ndihmojne, por vendimet e rendesishme duhet te verifikohen nga punonjesit e bankes."
235,46173.822916666664,46173.82451388889,anonymous,,"Po, jap pelqimin tim",Mashkull,36-45,Bachelor,I/e punesuar,Administrate publike,Elbasan,Intesa Sanpaolo Bank,1-3 vjet,Karta debiti/krediti per pagesa online;,Nje here ne jave,2,Jo,Nuk pajtohem aspak,Nuk pajtohem,Nuk pajtohem aspak,Nuk pajtohem,Pajtohem,Pajtohem,Nuk pajtohem aspak,Nuk pajtohem aspak,Nuk pajtohem,Pajtohem plotesisht,Nuk pajtohem aspak,Pajtohem plotesisht,Nuk pajtohem aspak,Nuk pajtohem aspak,Nuk pajtohem aspak,Nuk pajtohem,Pajtohem,Nuk pajtohem aspak,Pajtohem plotesisht,Nuk pajtohem aspak,Neutral,Pajtohem,Pajtohem,Pajtohem plotesisht,Neutral,"IA mund te perdoret per pyetje te thjeshta, por jo per vendime financiare te rendesishme."
236,46173.82638888889,46173.829097222224,anonymous,,"Po, jap pelqimin tim",Femer,36-45,Arsim baze (9-vjecar),I/e punesuar,Administrate publike,Vlore,Raiffeisen Bank,1-3 vjet,Mobile banking (aplikacioni i bankes ne telefon);Karta debiti/krediti per pagesa online;,Nje here ne jave,4,Nuk jam i/e sigurt,Pajtohem plotesisht,Pajtohem,Pajtohem,Pajtohem,Pajtohem,Pajtohem,Neutral,Pajtohem,Neutral,Pajtohem plotesisht,Neutral,Neutral,Pajtohem,Neutral,Pajtohem,Neutral,Pajtohem plotesisht,Neutral,Neutral,Neutral,Nuk pajtohem aspak,Pajtohem plotesisht,Neutral,Pajtohem,Pajtohem,"Jam i hapur ndaj IA, por privatesia dhe transparenca jane kushtet kryesore."
237,46173.82916666667,46173.832280092596,anonymous,,"Po, jap pelqimin tim",Femer,26-35,Bachelor,I/e vetepunesuar,Ndertim / Inxhinieri,Elbasan,Credins Bank,Me pak se 1 vit,Karta debiti/krediti per pagesa online;,Rralle ose kurre,2,Jo,Nuk pajtohem,Nuk pajtohem,Nuk pajtohem aspak,Nuk pajtohem,Pajtohem,Pajtohem,Nuk pajtohem,Nuk pajtohem,Neutral,Pajtohem,Nuk pajtohem aspak,Pajtohem,Neutral,Nuk pajtohem,Nuk pajtohem,Neutral,Pajtohem,Nuk pajtohem aspak,Pajtohem,Neutral,Pajtohem,Neutral,Neutral,Pajtohem,Pajtohem,"IA mund te perdoret per pyetje te thjeshta, por jo per vendime financiare te rendesishme."
238,46173.82916666667,46173.83168981481,anonymous,,"Po, jap pelqimin tim",Femer,36-45,Bachelor,I/e punesuar,Ndertim / Inxhinieri,Durres,Raiffeisen Bank,3-5 vjet,"Mobile banking (aplikacioni i bankes ne telefon);Internet banking (permes kompjuterit/browserit);Karta debiti/krediti per pagesa online;E-wallet (EasyPay, M-Pay, E-Posta, etj.);",Disa here ne jave,4,Po,Pajtohem plotesisht,Pajtohem plotesisht,Neutral,Pajtohem,Pajtohem plotesisht,Neutral,Pajtohem,Nuk pajtohem,Pajtohem plotesisht,Pajtohem plotesisht,Pajtohem plotesisht,Pajtohem,Pajtohem plotesisht,Pajtohem,Nuk pajtohem,Pajtohem plotesisht,Pajtohem plotesisht,Pajtohem plotesisht,Pajtohem,Pajtohem plotesisht,Neutral,Pajtohem plotesisht,Pajtohem,Pajtohem,Pajtohem plotesisht,"IA duhet te zbatohet gradualisht, me auditim, transparence dhe pergjegjesi te qarte institucionale."
239,46173.833333333336,46173.83694444445,anonymous,,"Po, jap pelqimin tim",Mashkull,26-35,Master,I/e punesuar,Arsim,Tirane,Other,Mbi 5 vjet,Mobile banking (aplikacioni i bankes ne telefon);Karta debiti/krediti per pagesa online;,Cdo dite,4,Jo,Nuk pajtohem,Neutral,Pajtohem plotesisht,Pajtohem plotesisht,Pajtohem,Nuk pajtohem,Pajtohem plotesisht,Pajtohem plotesisht,Pajtohem,Pajtohem plotesisht,Pajtohem plotesisht,Pajtohem plotesisht,Pajtohem plotesisht,Pajtohem plotesisht,Pajtohem plotesisht,Pajtohem,Pajtohem plotesisht,Pajtohem plotesisht,Pajtohem plotesisht,Pajtohem plotesisht,Nuk pajtohem aspak,Pajtohem plotesisht,Nuk pajtohem,Pajtohem plotesisht,Neutral,"Jam i hapur ndaj IA, por privatesia dhe transparenca jane kushtet kryesore."
240,46173.83472222222,46173.83849537037,anonymous,,"Po, jap pelqimin tim",Femer,46-55,Arsim baze (9-vjecar),I/e punesuar,Administrate publike,Tirane,OTP Bank,1-3 vjet,Nuk perdor asnje sherbim digjital bankar;,Rralle ose kurre,3,Jo,Nuk pajtohem aspak,Pajtohem,Pajtohem,Nuk pajtohem,Neutral,Neutral,Neutral,Nuk pajtohem,Nuk pajtohem,Pajtohem,Nuk pajtohem,Pajtohem,Nuk pajtohem,Neutral,Nuk pajtohem,Neutral,Pajtohem,Nuk pajtohem,Pajtohem,Nuk pajtohem aspak,Pajtohem plotesisht,Pajtohem,Pajtohem,Neutral,Nuk pajtohem,Per ceshtje bankare preferoj te flas me nje person dhe jo me sistem automatik.
241,46173.8375,46173.839594907404,anonymous,,"Po, jap pelqimin tim",Mashkull,26-35,Bachelor,I/e punesuar,Finance / Banke / Sigurime,Shkoder,Other,Me pak se 1 vit,"Mobile banking (aplikacioni i bankes ne telefon);Internet banking (permes kompjuterit/browserit);E-wallet (EasyPay, M-Pay, E-Posta, etj.);",Cdo dite,5,Jo,Pajtohem,Pajtohem,Pajtohem,Pajtohem plotesisht,Neutral,Pajtohem,Pajtohem plotesisht,Pajtohem,Neutral,Pajtohem,Pajtohem plotesisht,Pajtohem plotesisht,Pajtohem plotesisht,Pajtohem plotesisht,Pajtohem,Neutral,Pajtohem,Pajtohem plotesisht,Pajtohem plotesisht,Pajtohem plotesisht,Neutral,Pajtohem,Neutral,Nuk pajtohem,Nuk pajtohem,"IA mund te rrise shpejtesine e sherbimeve bankare, sidomos per rekomandime dhe zbulim mashtrimesh."
242,46173.83819444444,46173.84135416667,anonymous,,"Po, jap pelqimin tim",Mashkull,36-45,Arsim i mesem (gjimnaz/profesional),I/e punesuar,Tregti / Sherbime,Tirane,BKT (Banka Kombetare Tregtare),Mbi 5 vjet,Mobile banking (aplikacioni i bankes ne telefon);,Nje here ne jave,4,Nuk jam i/e sigurt,Pajtohem,Pajtohem,Pajtohem,Neutral,Pajtohem plotesisht,Pajtohem plotesisht,Nuk pajtohem aspak,Pajtohem,Nuk pajtohem aspak,Pajtohem plotesisht,Pajtohem,Pajtohem plotesisht,Neutral,Nuk pajtohem aspak,Pajtohem,Nuk pajtohem aspak,Pajtohem plotesisht,Pajtohem,Pajtohem plotesisht,Neutral,Neutral,Pajtohem plotesisht,Pajtohem,Neutral,Pajtohem plotesisht,"Sherbimet me IA mund te ndihmojne, por vendimet e rendesishme duhet te verifikohen nga punonjesit e bankes."
243,46173.842361111114,46173.844409722224,anonymous,,"Po, jap pelqimin tim",Femer,36-45,Arsim i mesem (gjimnaz/profesional),I/e punesuar,Tregti / Sherbime,Zone rurale,Intesa Sanpaolo Bank,Mbi 5 vjet,"Mobile banking (aplikacioni i bankes ne telefon);Karta debiti/krediti per pagesa online;E-wallet (EasyPay, M-Pay, E-Posta, etj.);",Disa here ne jave,3,Nuk jam i/e sigurt,Pajtohem plotesisht,Pajtohem plotesisht,Neutral,Pajtohem,Pajtohem plotesisht,Pajtohem,Nuk pajtohem,Pajtohem plotesisht,Nuk pajtohem,Pajtohem plotesisht,Pajtohem,Pajtohem plotesisht,Nuk pajtohem,Nuk pajtohem,Pajtohem plotesisht,Nuk pajtohem,Pajtohem plotesisht,Pajtohem,Pajtohem plotesisht,Nuk pajtohem,Nuk pajtohem,Pajtohem,Nuk pajtohem,Nuk pajtohem,Pajtohem,"IA duhet te zbatohet gradualisht, me auditim, transparence dhe pergjegjesi te qarte institucionale."
244,46173.84375,46173.84553240741,anonymous,,"Po, jap pelqimin tim",Femer,26-35,Bachelor,I/e punesuar,Tregti / Sherbime,Vlore,Raiffeisen Bank,Mbi 5 vjet,"Mobile banking (aplikacioni i bankes ne telefon);Karta debiti/krediti per pagesa online;E-wallet (EasyPay, M-Pay, E-Posta, etj.);",Cdo dite,4,Jo,Pajtohem plotesisht,Pajtohem plotesisht,Pajtohem,Pajtohem plotesisht,Pajtohem,Pajtohem plotesisht,Pajtohem,Neutral,Neutral,Pajtohem plotesisht,Pajtohem,Pajtohem plotesisht,Pajtohem,Pajtohem,Neutral,Neutral,Pajtohem plotesisht,Pajtohem,Pajtohem,Pajtohem,Nuk pajtohem,Neutral,Pajtohem,Nuk pajtohem,Pajtohem,Do ta provoja nese banka e shpjegon qarte si ruhen te dhenat dhe si kontrollohen vendimet.
245,46173.84652777778,46173.84831018518,anonymous,,"Po, jap pelqimin tim",Femer,26-35,Arsim i mesem (gjimnaz/profesional),I/e punesuar,Administrate publike,Tirane,Raiffeisen Bank,1-3 vjet,Nuk perdor asnje sherbim digjital bankar;,Rralle ose kurre,4,Jo,Neutral,Nuk pajtohem,Neutral,Neutral,Neutral,Neutral,Nuk pajtohem,Nuk pajtohem,Nuk pajtohem aspak,Pajtohem,Nuk pajtohem,Pajtohem plotesisht,Nuk pajtohem aspak,Nuk pajtohem,Nuk pajtohem aspak,Nuk pajtohem aspak,Pajtohem,Nuk pajtohem,Pajtohem,Nuk pajtohem aspak,Pajtohem,Pajtohem,Pajtohem,Pajtohem plotesisht,Pajtohem,Per ceshtje bankare preferoj te flas me nje person dhe jo me sistem automatik.
246,46173.84861111111,46173.85326388889,anonymous,,"Po, jap pelqimin tim",Mashkull,18-25,Bachelor,Student/e,Shendetesi / Mjekesi,Durres,BKT (Banka Kombetare Tregtare),Me pak se 1 vit,"Mobile banking (aplikacioni i bankes ne telefon);E-wallet (EasyPay, M-Pay, E-Posta, etj.);",Disa here ne jave,5,Po,Pajtohem,Pajtohem plotesisht,Pajtohem plotesisht,Pajtohem plotesisht,Neutral,Neutral,Pajtohem plotesisht,Pajtohem plotesisht,Pajtohem plotesisht,Pajtohem plotesisht,Pajtohem plotesisht,Pajtohem plotesisht,Pajtohem plotesisht,Pajtohem plotesisht,Pajtohem plotesisht,Pajtohem plotesisht,Pajtohem plotesisht,Pajtohem plotesisht,Pajtohem,Pajtohem plotesisht,Neutral,Neutral,Neutral,Neutral,Neutral,Do ta provoja nese banka e shpjegon qarte si ruhen te dhenat dhe si kontrollohen vendimet.
247,46173.85,46173.8525,anonymous,,"Po, jap pelqimin tim",Femer,26-35,Bachelor,I/e punesuar,Finance / Banke / Sigurime,Elbasan,OTP Bank,1-3 vjet,Internet banking (permes kompjuterit/browserit);,Nje here ne jave,4,Jo,Neutral,Pajtohem plotesisht,Pajtohem,Pajtohem plotesisht,Neutral,Pajtohem,Pajtohem plotesisht,Pajtohem plotesisht,Pajtohem plotesisht,Pajtohem plotesisht,Pajtohem,Pajtohem plotesisht,Pajtohem plotesisht,Pajtohem plotesisht,Pajtohem,Pajtohem plotesisht,Pajtohem plotesisht,Pajtohem,Pajtohem plotesisht,Pajtohem plotesisht,Nuk pajtohem,Nuk pajtohem,Nuk pajtohem aspak,Neutral,Neutral,Do ta provoja nese banka e shpjegon qarte si ruhen te dhenat dhe si kontrollohen vendimet.
248,46173.850694444445,46173.85498842593,anonymous,,"Po, jap pelqimin tim",Femer,18-25,Master,I/e punesuar,Finance / Banke / Sigurime,Durres,Intesa Sanpaolo Bank,3-5 vjet,"Mobile banking (aplikacioni i bankes ne telefon);E-wallet (EasyPay, M-Pay, E-Posta, etj.);",Disa here ne muaj,2,Jo,Nuk pajtohem,Pajtohem,Nuk pajtohem,Nuk pajtohem aspak,Neutral,Nuk pajtohem,Nuk pajtohem aspak,Neutral,Nuk pajtohem aspak,Neutral,Nuk pajtohem aspak,Nuk pajtohem,Nuk pajtohem aspak,Nuk pajtohem aspak,Neutral,Nuk pajtohem aspak,Neutral,Nuk pajtohem aspak,Nuk pajtohem,Nuk pajtohem aspak,Nuk pajtohem,Nuk pajtohem,Neutral,Nuk pajtohem aspak,Neutral,"IA mund te perdoret per pyetje te thjeshta, por jo per vendime financiare te rendesishme."
249,46173.853472222225,46173.85559027778,anonymous,,"Po, jap pelqimin tim",Femer,26-35,Master,I/e punesuar,Tregti / Sherbime,Qytet tjeter,Credins Bank,3-5 vjet,"Mobile banking (aplikacioni i bankes ne telefon);Karta debiti/krediti per pagesa online;E-wallet (EasyPay, M-Pay, E-Posta, etj.);",Disa here ne jave,3,Nuk jam i/e sigurt,Neutral,Neutral,Neutral,Pajtohem plotesisht,Nuk pajtohem,Neutral,Pajtohem,Pajtohem plotesisht,Pajtohem,Pajtohem,Neutral,Neutral,Pajtohem,Pajtohem,Pajtohem plotesisht,Pajtohem,Pajtohem,Neutral,Neutral,Pajtohem,Nuk pajtohem,Neutral,Neutral,Nuk pajtohem,Pajtohem,Do ta provoja nese banka e shpjegon qarte si ruhen te dhenat dhe si kontrollohen vendimet.
250,46173.854166666664,46173.85868055555,anonymous,,"Po, jap pelqimin tim",Mashkull,26-35,Bachelor,I/e punesuar,Tregti / Sherbime,Tirane,Raiffeisen Bank,3-5 vjet,Mobile banking (aplikacioni i bankes ne telefon);Internet banking (permes kompjuterit/browserit);Karta debiti/krediti per pagesa online;,Disa here ne jave,4,Jo,Neutral,Pajtohem plotesisht,Nuk pajtohem aspak,Nuk pajtohem,Pajtohem plotesisht,Neutral,Pajtohem,Nuk pajtohem,Neutral,Pajtohem,Neutral,Pajtohem,Nuk pajtohem,Pajtohem,Nuk pajtohem,Neutral,Pajtohem,Neutral,Pajtohem,Nuk pajtohem,Nuk pajtohem,Pajtohem,Neutral,Pajtohem plotesisht,Pajtohem,"Jam i hapur ndaj IA, por privatesia dhe transparenca jane kushtet kryesore."
251,46173.85833333333,46173.86255787037,anonymous,,"Po, jap pelqimin tim",Femer,26-35,Doktorature,I/e punesuar,Finance / Banke / Sigurime,Qytet tjeter,Tirana Bank,Mbi 5 vjet,"E-wallet (EasyPay, M-Pay, E-Posta, etj.);",Disa here ne jave,3,Po,Neutral,Neutral,Neutral,Pajtohem plotesisht,Pajtohem plotesisht,Pajtohem,Pajtohem,Pajtohem plotesisht,Pajtohem plotesisht,Pajtohem,Pajtohem plotesisht,Neutral,Pajtohem,Pajtohem,Pajtohem plotesisht,Pajtohem plotesisht,Pajtohem,Pajtohem plotesisht,Pajtohem,Pajtohem,Pajtohem,Pajtohem plotesisht,Pajtohem plotesisht,Pajtohem,Pajtohem plotesisht,"Jam i hapur ndaj IA, por privatesia dhe transparenca jane kushtet kryesore."
252,46173.85902777778,46173.861342592594,anonymous,,"Po, jap pelqimin tim",Mashkull,55+,Bachelor,I/e punesuar,Arsim,Qytet tjeter,Credins Bank,3-5 vjet,Mobile banking (aplikacioni i bankes ne telefon);Karta debiti/krediti per pagesa online;,Disa here ne jave,4,Po,Neutral,Pajtohem plotesisht,Pajtohem,Pajtohem plotesisht,Nuk pajtohem,Nuk pajtohem,Pajtohem plotesisht,Pajtohem plotesisht,Pajtohem plotesisht,Pajtohem,Pajtohem plotesisht,Pajtohem plotesisht,Pajtohem,Pajtohem plotesisht,Pajtohem plotesisht,Pajtohem plotesisht,Pajtohem,Pajtohem plotesisht,Pajtohem plotesisht,Pajtohem,Nuk pajtohem,Neutral,Nuk pajtohem,Nuk pajtohem,Nuk pajtohem,"IA mund te rrise shpejtesine e sherbimeve bankare, sidomos per rekomandime dhe zbulim mashtrimesh."
253,46173.86111111111,46173.86232638889,anonymous,,"Po, jap pelqimin tim",Femer,36-45,Arsim baze (9-vjecar),I/e punesuar,Tregti / Sherbime,Vlore,Credins Bank,3-5 vjet,"Mobile banking (aplikacioni i bankes ne telefon);Internet banking (permes kompjuterit/browserit);Karta debiti/krediti per pagesa online;E-wallet (EasyPay, M-Pay, E-Posta, etj.);",Disa here ne jave,4,Po,Nuk pajtohem aspak,Nuk pajtohem,Nuk pajtohem,Neutral,Pajtohem,Pajtohem,Neutral,Neutral,Neutral,Pajtohem plotesisht,Neutral,Pajtohem plotesisht,Pajtohem,Neutral,Neutral,Neutral,Pajtohem plotesisht,Neutral,Pajtohem plotesisht,Pajtohem,Neutral,Pajtohem plotesisht,Pajtohem,Pajtohem,Pajtohem plotesisht,"Jam i hapur ndaj IA, por privatesia dhe transparenca jane kushtet kryesore."
254,46173.86388888889,46173.86765046296,anonymous,,"Po, jap pelqimin tim",Mashkull,18-25,Bachelor,Student/e,Teknologji / IT,Tirane,BKT (Banka Kombetare Tregtare),1-3 vjet,"Mobile banking (aplikacioni i bankes ne telefon);E-wallet (EasyPay, M-Pay, E-Posta, etj.);",Disa here ne jave,3,Po,Neutral,Nuk pajtohem,Nuk pajtohem aspak,Neutral,Pajtohem plotesisht,Pajtohem,Pajtohem plotesisht,Neutral,Pajtohem,Pajtohem plotesisht,Pajtohem,Pajtohem plotesisht,Neutral,Pajtohem plotesisht,Neutral,Pajtohem,Pajtohem plotesisht,Pajtohem,Pajtohem plotesisht,Neutral,Nuk pajtohem aspak,Pajtohem plotesisht,Neutral,Pajtohem plotesisht,Pajtohem,"Jam i hapur ndaj IA, por privatesia dhe transparenca jane kushtet kryesore."
255,46173.865277777775,46173.86935185185,anonymous,,"Po, jap pelqimin tim",Mashkull,46-55,Master,I/e punesuar,Finance / Banke / Sigurime,Elbasan,BKT (Banka Kombetare Tregtare),1-3 vjet,"Mobile banking (aplikacioni i bankes ne telefon);Internet banking (permes kompjuterit/browserit);Karta debiti/krediti per pagesa online;E-wallet (EasyPay, M-Pay, E-Posta, etj.);",Nje here ne jave,4,Po,Pajtohem,Pajtohem,Pajtohem plotesisht,Nuk pajtohem aspak,Pajtohem plotesisht,Pajtohem plotesisht,Neutral,Neutral,Neutral,Pajtohem plotesisht,Neutral,Pajtohem,Neutral,Neutral,Neutral,Neutral,Pajtohem plotesisht,Neutral,Pajtohem,Neutral,Nuk pajtohem,Pajtohem plotesisht,Neutral,Neutral,Nuk pajtohem,"IA duhet te zbatohet gradualisht, me auditim, transparence dhe pergjegjesi te qarte institucionale."
256,46173.86875,46173.873020833336,anonymous,,"Po, jap pelqimin tim",Femer,36-45,Bachelor,I/e papune,Shendetesi / Mjekesi,Tirane,BKT (Banka Kombetare Tregtare),1-3 vjet,Mobile banking (aplikacioni i bankes ne telefon);Karta debiti/krediti per pagesa online;,Disa here ne jave,5,Po,Nuk pajtohem,Pajtohem plotesisht,Pajtohem plotesisht,Nuk pajtohem,Pajtohem plotesisht,Pajtohem,Nuk pajtohem,Pajtohem plotesisht,Nuk pajtohem,Pajtohem plotesisht,Nuk pajtohem,Pajtohem,Pajtohem,Nuk pajtohem,Pajtohem plotesisht,Nuk pajtohem,Pajtohem plotesisht,Nuk pajtohem,Pajtohem,Pajtohem,Neutral,Pajtohem plotesisht,Pajtohem,Pajtohem plotesisht,Pajtohem,"Sherbimet me IA mund te ndihmojne, por vendimet e rendesishme duhet te verifikohen nga punonjesit e bankes."
257,46173.86944444444,46173.87335648148,anonymous,,"Po, jap pelqimin tim",Mashkull,18-25,Master,I/e punesuar,Teknologji / IT,Tirane,BKT (Banka Kombetare Tregtare),3-5 vjet,"Mobile banking (aplikacioni i bankes ne telefon);Internet banking (permes kompjuterit/browserit);Karta debiti/krediti per pagesa online;E-wallet (EasyPay, M-Pay, E-Posta, etj.);",Disa here ne jave,3,Po,Neutral,Neutral,Pajtohem,Pajtohem,Neutral,Neutral,Neutral,Pajtohem plotesisht,Pajtohem,Pajtohem plotesisht,Pajtohem plotesisht,Pajtohem,Pajtohem plotesisht,Neutral,Pajtohem plotesisht,Pajtohem,Pajtohem plotesisht,Pajtohem plotesisht,Pajtohem,Pajtohem plotesisht,Neutral,Pajtohem,Pajtohem,Pajtohem plotesisht,Pajtohem,"IA duhet te zbatohet gradualisht, me auditim, transparence dhe pergjegjesi te qarte institucionale."
258,46173.870833333334,46173.87498842592,anonymous,,"Po, jap pelqimin tim",Femer,26-35,Doktorature,I/e punesuar,Finance / Banke / Sigurime,Durres,Credins Bank,3-5 vjet,Mobile banking (aplikacioni i bankes ne telefon);Internet banking (permes kompjuterit/browserit);Karta debiti/krediti per pagesa online;,Disa here ne jave,4,Nuk jam i/e sigurt,Neutral,Nuk pajtohem,Nuk pajtohem,Pajtohem plotesisht,Neutral,Pajtohem,Pajtohem plotesisht,Nuk pajtohem,Pajtohem plotesisht,Pajtohem,Pajtohem,Neutral,Pajtohem,Pajtohem plotesisht,Nuk pajtohem,Pajtohem plotesisht,Pajtohem,Pajtohem,Neutral,Pajtohem plotesisht,Neutral,Neutral,Neutral,Nuk pajtohem,Neutral,"IA mund te rrise shpejtesine e sherbimeve bankare, sidomos per rekomandime dhe zbulim mashtrimesh."
259,46173.87291666667,46173.87679398148,anonymous,,"Po, jap pelqimin tim",Mashkull,26-35,Bachelor,I/e punesuar,Shendetesi / Mjekesi,Elbasan,Credins Bank,3-5 vjet,"Karta debiti/krediti per pagesa online;E-wallet (EasyPay, M-Pay, E-Posta, etj.);",Disa here ne jave,3,Jo,Neutral,Pajtohem plotesisht,Pajtohem plotesisht,Nuk pajtohem aspak,Neutral,Nuk pajtohem,Neutral,Pajtohem,Nuk pajtohem,Pajtohem plotesisht,Nuk pajtohem aspak,Neutral,Neutral,Neutral,Pajtohem,Nuk pajtohem,Pajtohem plotesisht,Nuk pajtohem aspak,Neutral,Nuk pajtohem,Nuk pajtohem aspak,Neutral,Nuk pajtohem,Neutral,Pajtohem,"Sherbimet me IA mund te ndihmojne, por vendimet e rendesishme duhet te verifikohen nga punonjesit e bankes."
260,46173.876388888886,46173.879953703705,anonymous,,"Po, jap pelqimin tim",Femer,55+,Arsim i mesem (gjimnaz/profesional),I/e dale ne pension,Ndertim / Inxhinieri,Zone rurale,Other,1-3 vjet,Karta debiti/krediti per pagesa online;,Disa here ne jave,4,Po,Nuk pajtohem aspak,Pajtohem plotesisht,Pajtohem,Pajtohem plotesisht,Neutral,Neutral,Neutral,Pajtohem plotesisht,Pajtohem,Pajtohem,Pajtohem plotesisht,Pajtohem plotesisht,Neutral,Neutral,Pajtohem plotesisht,Pajtohem,Pajtohem,Pajtohem plotesisht,Pajtohem plotesisht,Neutral,Nuk pajtohem,Pajtohem,Pajtohem,Pajtohem plotesisht,Pajtohem,"Jam i hapur ndaj IA, por privatesia dhe transparenca jane kushtet kryesore."
261,46173.87708333333,46173.878900462965,anonymous,,"Po, jap pelqimin tim",Mashkull,26-35,Bachelor,I/e vetepunesuar,Finance / Banke / Sigurime,Tirane,BKT (Banka Kombetare Tregtare),Mbi 5 vjet,"Mobile banking (aplikacioni i bankes ne telefon);Karta debiti/krediti per pagesa online;E-wallet (EasyPay, M-Pay, E-Posta, etj.);",Disa here ne jave,4,Jo,Nuk pajtohem,Nuk pajtohem,Nuk pajtohem,Nuk pajtohem,Pajtohem plotesisht,Pajtohem plotesisht,Nuk pajtohem,Nuk pajtohem aspak,Pajtohem,Pajtohem plotesisht,Nuk pajtohem aspak,Pajtohem plotesisht,Nuk pajtohem,Nuk pajtohem,Nuk pajtohem aspak,Pajtohem,Pajtohem plotesisht,Nuk pajtohem aspak,Pajtohem plotesisht,Nuk pajtohem,Pajtohem,Pajtohem plotesisht,Pajtohem plotesisht,Pajtohem plotesisht,Pajtohem,"Jam i hapur ndaj IA, por privatesia dhe transparenca jane kushtet kryesore."
262,46173.879166666666,46173.88319444445,anonymous,,"Po, jap pelqimin tim",Femer,18-25,Master,Student/e,Administrate publike,Tirane,Tirana Bank,Me pak se 1 vit,Mobile banking (aplikacioni i bankes ne telefon);,Nje here ne jave,3,Jo,Pajtohem,Pajtohem,Pajtohem plotesisht,Pajtohem,Pajtohem,Neutral,Neutral,Pajtohem plotesisht,Pajtohem,Pajtohem plotesisht,Pajtohem plotesisht,Pajtohem plotesisht,Pajtohem plotesisht,Nuk pajtohem,Pajtohem plotesisht,Pajtohem,Pajtohem plotesisht,Pajtohem plotesisht,Pajtohem plotesisht,Pajtohem plotesisht,Nuk pajtohem aspak,Pajtohem plotesisht,Pajtohem,Pajtohem,Neutral,"Jam i hapur ndaj IA, por privatesia dhe transparenca jane kushtet kryesore."
263,46173.88333333333,46173.885104166664,anonymous,,"Po, jap pelqimin tim",Mashkull,36-45,Arsim i mesem (gjimnaz/profesional),I/e punesuar,Tregti / Sherbime,Durres,BKT (Banka Kombetare Tregtare),Me pak se 1 vit,Mobile banking (aplikacioni i bankes ne telefon);Karta debiti/krediti per pagesa online;,Cdo dite,4,Po,Neutral,Neutral,Pajtohem,Pajtohem plotesisht,Pajtohem,Nuk pajtohem,Pajtohem plotesisht,Pajtohem plotesisht,Pajtohem,Neutral,Pajtohem plotesisht,Pajtohem plotesisht,Pajtohem,Pajtohem plotesisht,Pajtohem plotesisht,Pajtohem,Neutral,Pajtohem plotesisht,Pajtohem plotesisht,Pajtohem,Neutral,Neutral,Nuk pajtohem aspak,Pajtohem,Pajtohem,"IA mund te rrise shpejtesine e sherbimeve bankare, sidomos per rekomandime dhe zbulim mashtrimesh."
264,46173.885416666664,46173.89025462963,anonymous,,"Po, jap pelqimin tim",Mashkull,18-25,Bachelor,I/e punesuar,Finance / Banke / Sigurime,Tirane,BKT (Banka Kombetare Tregtare),Me pak se 1 vit,"Mobile banking (aplikacioni i bankes ne telefon);Karta debiti/krediti per pagesa online;E-wallet (EasyPay, M-Pay, E-Posta, etj.);",Cdo dite,3,Po,Pajtohem plotesisht,Pajtohem plotesisht,Pajtohem plotesisht,Pajtohem plotesisht,Nuk pajtohem aspak,Nuk pajtohem aspak,Pajtohem plotesisht,Pajtohem,Pajtohem plotesisht,Neutral,Pajtohem plotesisht,Nuk pajtohem,Pajtohem plotesisht,Pajtohem plotesisht,Pajtohem,Pajtohem plotesisht,Neutral,Pajtohem plotesisht,Nuk pajtohem,Pajtohem plotesisht,Nuk pajtohem,Neutral,Nuk pajtohem aspak,Nuk pajtohem,Nuk pajtohem aspak,"IA mund te rrise shpejtesine e sherbimeve bankare, sidomos per rekomandime dhe zbulim mashtrimesh."
265,46173.88611111111,46173.88716435185,anonymous,,"Po, jap pelqimin tim",Mashkull,26-35,Bachelor,I/e papune,Finance / Banke / Sigurime,Tirane,BKT (Banka Kombetare Tregtare),1-3 vjet,Internet banking (permes kompjuterit/browserit);Karta debiti/krediti per pagesa online;,Nje here ne jave,4,Jo,Pajtohem,Pajtohem plotesisht,Neutral,Neutral,Neutral,Pajtohem,Pajtohem,Pajtohem plotesisht,Pajtohem,Pajtohem,Neutral,Neutral,Pajtohem plotesisht,Pajtohem,Pajtohem plotesisht,Pajtohem,Pajtohem,Pajtohem,Nuk pajtohem,Pajtohem plotesisht,Nuk pajtohem,Pajtohem,Nuk pajtohem,Neutral,Neutral,"Jam i hapur ndaj IA, por privatesia dhe transparenca jane kushtet kryesore."
266,46173.888194444444,46173.89084490741,anonymous,,"Po, jap pelqimin tim",Mashkull,36-45,Arsim baze (9-vjecar),I/e papune,Tregti / Sherbime,Tirane,BKT (Banka Kombetare Tregtare),1-3 vjet,"Mobile banking (aplikacioni i bankes ne telefon);Internet banking (permes kompjuterit/browserit);Karta debiti/krediti per pagesa online;E-wallet (EasyPay, M-Pay, E-Posta, etj.);",Cdo dite,5,Po,Neutral,Nuk pajtohem,Nuk pajtohem,Pajtohem plotesisht,Pajtohem plotesisht,Pajtohem plotesisht,Pajtohem,Nuk pajtohem,Pajtohem,Pajtohem,Pajtohem plotesisht,Neutral,Nuk pajtohem,Neutral,Nuk pajtohem,Pajtohem,Pajtohem,Pajtohem plotesisht,Neutral,Nuk pajtohem,Pajtohem,Pajtohem plotesisht,Pajtohem plotesisht,Neutral,Pajtohem,"Sherbimet me IA mund te ndihmojne, por vendimet e rendesishme duhet te verifikohen nga punonjesit e bankes."
267,46173.89236111111,46173.89413194444,anonymous,,"Po, jap pelqimin tim",Femer,36-45,Master,I/e punesuar,Administrate publike,Qytet tjeter,Credins Bank,3-5 vjet,Mobile banking (aplikacioni i bankes ne telefon);Internet banking (permes kompjuterit/browserit);Karta debiti/krediti per pagesa online;,Nje here ne jave,5,Nuk jam i/e sigurt,Pajtohem,Pajtohem,Pajtohem,Nuk pajtohem,Pajtohem,Pajtohem plotesisht,Pajtohem,Pajtohem,Pajtohem,Pajtohem plotesisht,Pajtohem,Pajtohem plotesisht,Pajtohem,Pajtohem,Pajtohem,Pajtohem plotesisht,Pajtohem plotesisht,Pajtohem,Pajtohem plotesisht,Pajtohem,Nuk pajtohem,Pajtohem,Pajtohem plotesisht,Pajtohem,Pajtohem,"Potenciali eshte i madh, por bankat duhet te forcojne qeverisjen e te dhenave dhe kontrollin rregullator."
268,46173.89444444444,46173.89670138889,anonymous,,"Po, jap pelqimin tim",Mashkull,26-35,Arsim i mesem (gjimnaz/profesional),I/e punesuar,Tregti / Sherbime,Tirane,BKT (Banka Kombetare Tregtare),1-3 vjet,Mobile banking (aplikacioni i bankes ne telefon);Internet banking (permes kompjuterit/browserit);Karta debiti/krediti per pagesa online;,Disa here ne jave,4,Nuk jam i/e sigurt,Pajtohem plotesisht,Neutral,Neutral,Neutral,Neutral,Nuk pajtohem,Pajtohem plotesisht,Neutral,Pajtohem plotesisht,Pajtohem plotesisht,Pajtohem plotesisht,Pajtohem,Pajtohem,Pajtohem plotesisht,Neutral,Pajtohem plotesisht,Pajtohem plotesisht,Pajtohem plotesisht,Pajtohem,Pajtohem,Neutral,Neutral,Neutral,Pajtohem,Nuk pajtohem,"IA mund te rrise shpejtesine e sherbimeve bankare, sidomos per rekomandime dhe zbulim mashtrimesh."
269,46173.89444444444,46173.89873842592,anonymous,,"Po, jap pelqimin tim",Femer,36-45,Bachelor,I/e punesuar,Administrate publike,Korce,Other,1-3 vjet,Mobile banking (aplikacioni i bankes ne telefon);Internet banking (permes kompjuterit/browserit);Karta debiti/krediti per pagesa online;,Cdo dite,5,Po,Nuk pajtohem,Neutral,Pajtohem,Pajtohem,Neutral,Nuk pajtohem aspak,Pajtohem,Pajtohem,Pajtohem plotesisht,Pajtohem,Pajtohem plotesisht,Pajtohem plotesisht,Pajtohem,Pajtohem,Neutral,Pajtohem plotesisht,Pajtohem,Pajtohem plotesisht,Pajtohem plotesisht,Pajtohem,Nuk pajtohem,Nuk pajtohem,Nuk pajtohem aspak,Neutral,Nuk pajtohem,"IA mund te rrise shpejtesine e sherbimeve bankare, sidomos per rekomandime dhe zbulim mashtrimesh."
270,46173.895833333336,46173.89707175926,anonymous,,"Po, jap pelqimin tim",Femer,36-45,Arsim i mesem (gjimnaz/profesional),I/e punesuar,Bujqesi,Qytet tjeter,Other,1-3 vjet,Karta debiti/krediti per pagesa online;,Rralle ose kurre,3,Jo,Nuk pajtohem aspak,Neutral,Nuk pajtohem aspak,Nuk pajtohem aspak,Neutral,Pajtohem,Nuk pajtohem aspak,Neutral,Nuk pajtohem,Neutral,Nuk pajtohem,Pajtohem,Nuk pajtohem aspak,Nuk pajtohem aspak,Neutral,Nuk pajtohem,Neutral,Nuk pajtohem,Pajtohem,Nuk pajtohem aspak,Pajtohem,Neutral,Pajtohem plotesisht,Pajtohem plotesisht,Neutral,"IA mund te perdoret per pyetje te thjeshta, por jo per vendime financiare te rendesishme."
271,46173.90069444444,46173.9028125,anonymous,,"Po, jap pelqimin tim",Femer,26-35,Arsim i mesem (gjimnaz/profesional),I/e punesuar,Tregti / Sherbime,Shkoder,OTP Bank,1-3 vjet,"Mobile banking (aplikacioni i bankes ne telefon);Karta debiti/krediti per pagesa online;E-wallet (EasyPay, M-Pay, E-Posta, etj.);",Disa here ne jave,3,Po,Neutral,Nuk pajtohem aspak,Nuk pajtohem aspak,Nuk pajtohem,Pajtohem plotesisht,Pajtohem plotesisht,Nuk pajtohem aspak,Nuk pajtohem,Nuk pajtohem,Pajtohem plotesisht,Nuk pajtohem,Pajtohem plotesisht,Nuk pajtohem,Nuk pajtohem,Neutral,Nuk pajtohem,Pajtohem plotesisht,Nuk pajtohem,Pajtohem plotesisht,Nuk pajtohem,Neutral,Pajtohem,Pajtohem plotesisht,Pajtohem plotesisht,Pajtohem plotesisht,"Sherbimet me IA mund te ndihmojne, por vendimet e rendesishme duhet te verifikohen nga punonjesit e bankes."
272,46173.90277777778,46173.906168981484,anonymous,,"Po, jap pelqimin tim",Femer,26-35,Arsim i mesem (gjimnaz/profesional),I/e punesuar,Tregti / Sherbime,Durres,Credins Bank,3-5 vjet,Nuk perdor asnje sherbim digjital bankar;,Rralle ose kurre,3,Nuk jam i/e sigurt,Nuk pajtohem aspak,Pajtohem plotesisht,Pajtohem,Neutral,Pajtohem plotesisht,Pajtohem,Neutral,Pajtohem,Nuk pajtohem,Pajtohem,Neutral,Pajtohem,Neutral,Neutral,Pajtohem,Nuk pajtohem,Pajtohem plotesisht,Neutral,Pajtohem,Neutral,Pajtohem plotesisht,Pajtohem plotesisht,Pajtohem plotesisht,Pajtohem plotesisht,Pajtohem,"IA mund te perdoret per pyetje te thjeshta, por jo per vendime financiare te rendesishme."
273,46173.90277777778,46173.9065162037,anonymous,,"Po, jap pelqimin tim",Mashkull,18-25,Arsim i mesem (gjimnaz/profesional),Student/e,Arsim,Tirane,Other,Me pak se 1 vit,Mobile banking (aplikacioni i bankes ne telefon);Internet banking (permes kompjuterit/browserit);Karta debiti/krediti per pagesa online;,Nje here ne jave,3,Po,Neutral,Nuk pajtohem,Neutral,Neutral,Pajtohem,Pajtohem,Pajtohem,Nuk pajtohem,Pajtohem,Pajtohem plotesisht,Pajtohem,Pajtohem plotesisht,Pajtohem,Pajtohem,Nuk pajtohem,Pajtohem,Pajtohem plotesisht,Neutral,Pajtohem plotesisht,Pajtohem,Neutral,Nuk pajtohem,Neutral,Pajtohem,Pajtohem,"Sherbimet me IA mund te ndihmojne, por vendimet e rendesishme duhet te verifikohen nga punonjesit e bankes."
274,46173.904861111114,46173.90892361111,anonymous,,"Po, jap pelqimin tim",Mashkull,18-25,Bachelor,I/e papune,Tregti / Sherbime,Tirane,Tirana Bank,3-5 vjet,Mobile banking (aplikacioni i bankes ne telefon);Internet banking (permes kompjuterit/browserit);Karta debiti/krediti per pagesa online;,Nje here ne jave,3,Jo,Pajtohem,Neutral,Pajtohem,Pajtohem,Pajtohem,Pajtohem plotesisht,Pajtohem,Pajtohem plotesisht,Neutral,Pajtohem plotesisht,Neutral,Pajtohem,Nuk pajtohem,Pajtohem,Pajtohem plotesisht,Neutral,Pajtohem plotesisht,Neutral,Pajtohem,Nuk pajtohem,Nuk pajtohem,Pajtohem,Neutral,Pajtohem,Pajtohem,"Sherbimet me IA mund te ndihmojne, por vendimet e rendesishme duhet te verifikohen nga punonjesit e bankes."
275,46173.90833333333,46173.91193287037,anonymous,,"Po, jap pelqimin tim",Mashkull,18-25,Bachelor,I/e papune,Bujqesi,Tirane,Credins Bank,1-3 vjet,Mobile banking (aplikacioni i bankes ne telefon);Internet banking (permes kompjuterit/browserit);,Cdo dite,4,Jo,Pajtohem plotesisht,Pajtohem plotesisht,Pajtohem,Pajtohem plotesisht,Neutral,Neutral,Pajtohem plotesisht,Pajtohem plotesisht,Pajtohem plotesisht,Pajtohem plotesisht,Pajtohem plotesisht,Pajtohem plotesisht,Pajtohem plotesisht,Pajtohem plotesisht,Pajtohem,Pajtohem plotesisht,Pajtohem plotesisht,Pajtohem plotesisht,Pajtohem plotesisht,Pajtohem plotesisht,Nuk pajtohem,Pajtohem,Neutral,Neutral,Neutral,Do ta provoja nese banka e shpjegon qarte si ruhen te dhenat dhe si kontrollohen vendimet.
276,46173.90833333333,46173.91101851852,anonymous,,"Po, jap pelqimin tim",Femer,18-25,Bachelor,I/e punesuar,Tregti / Sherbime,Tirane,BKT (Banka Kombetare Tregtare),3-5 vjet,"Mobile banking (aplikacioni i bankes ne telefon);Karta debiti/krediti per pagesa online;E-wallet (EasyPay, M-Pay, E-Posta, etj.);",Nje here ne jave,4,Po,Pajtohem,Pajtohem,Pajtohem,Pajtohem,Pajtohem plotesisht,Pajtohem plotesisht,Pajtohem,Neutral,Pajtohem plotesisht,Pajtohem plotesisht,Pajtohem,Pajtohem plotesisht,Neutral,Pajtohem plotesisht,Neutral,Pajtohem plotesisht,Pajtohem plotesisht,Pajtohem,Pajtohem plotesisht,Neutral,Neutral,Pajtohem plotesisht,Pajtohem plotesisht,Pajtohem plotesisht,Pajtohem plotesisht,"Sherbimet me IA mund te ndihmojne, por vendimet e rendesishme duhet te verifikohen nga punonjesit e bankes."
277,46173.910416666666,46173.91407407408,anonymous,,"Po, jap pelqimin tim",Mashkull,26-35,Bachelor,I/e punesuar,Ndertim / Inxhinieri,Tirane,BKT (Banka Kombetare Tregtare),3-5 vjet,Internet banking (permes kompjuterit/browserit);Karta debiti/krediti per pagesa online;,Disa here ne jave,4,Jo,Nuk pajtohem aspak,Neutral,Nuk pajtohem,Nuk pajtohem,Pajtohem,Pajtohem,Pajtohem plotesisht,Nuk pajtohem,Pajtohem,Pajtohem plotesisht,Neutral,Pajtohem plotesisht,Pajtohem,Pajtohem plotesisht,Nuk pajtohem,Pajtohem,Pajtohem plotesisht,Nuk pajtohem,Pajtohem plotesisht,Pajtohem,Neutral,Neutral,Pajtohem,Neutral,Neutral,"Sherbimet me IA mund te ndihmojne, por vendimet e rendesishme duhet te verifikohen nga punonjesit e bankes."
278,46173.913194444445,46173.91575231482,anonymous,,"Po, jap pelqimin tim",Femer,55+,Arsim baze (9-vjecar),I/e punesuar,Tregti / Sherbime,Tirane,Other,1-3 vjet,Nuk perdor asnje sherbim digjital bankar;,Rralle ose kurre,3,Jo,Nuk pajtohem,Nuk pajtohem,Pajtohem,Neutral,Neutral,Nuk pajtohem,Pajtohem plotesisht,Nuk pajtohem aspak,Pajtohem,Neutral,Nuk pajtohem,Pajtohem,Pajtohem,Pajtohem plotesisht,Nuk pajtohem aspak,Pajtohem,Neutral,Nuk pajtohem,Pajtohem plotesisht,Pajtohem,Pajtohem,Neutral,Neutral,Nuk pajtohem,Pajtohem,Per ceshtje bankare preferoj te flas me nje person dhe jo me sistem automatik.
279,46173.91736111111,46173.91825231481,anonymous,,"Po, jap pelqimin tim",Mashkull,46-55,Bachelor,I/e punesuar,Tregti / Sherbime,Shkoder,Other,3-5 vjet,"Mobile banking (aplikacioni i bankes ne telefon);Internet banking (permes kompjuterit/browserit);Karta debiti/krediti per pagesa online;E-wallet (EasyPay, M-Pay, E-Posta, etj.);",Disa here ne jave,3,Po,Pajtohem,Pajtohem,Pajtohem,Pajtohem plotesisht,Pajtohem plotesisht,Pajtohem,Neutral,Pajtohem,Pajtohem,Pajtohem,Pajtohem plotesisht,Pajtohem plotesisht,Pajtohem plotesisht,Neutral,Pajtohem,Pajtohem,Pajtohem plotesisht,Pajtohem plotesisht,Pajtohem plotesisht,Pajtohem plotesisht,Neutral,Pajtohem plotesisht,Pajtohem,Pajtohem,Pajtohem,"Sherbimet me IA mund te ndihmojne, por vendimet e rendesishme duhet te verifikohen nga punonjesit e bankes."
280,46173.91805555556,46173.92277777778,anonymous,,"Po, jap pelqimin tim",Mashkull,26-35,Bachelor,I/e punesuar,Tregti / Sherbime,Durres,Raiffeisen Bank,3-5 vjet,Mobile banking (aplikacioni i bankes ne telefon);Internet banking (permes kompjuterit/browserit);Karta debiti/krediti per pagesa online;,Disa here ne jave,3,Jo,Pajtohem plotesisht,Neutral,Neutral,Pajtohem,Nuk pajtohem,Neutral,Pajtohem plotesisht,Neutral,Pajtohem plotesisht,Pajtohem plotesisht,Pajtohem plotesisht,Pajtohem,Pajtohem,Pajtohem plotesisht,Neutral,Pajtohem plotesisht,Pajtohem plotesisht,Pajtohem plotesisht,Pajtohem,Pajtohem,Nuk pajtohem aspak,Pajtohem,Neutral,Neutral,Neutral,"IA duhet te zbatohet gradualisht, me auditim, transparence dhe pergjegjesi te qarte institucionale."
281,46173.92083333333,46173.92563657407,anonymous,,"Po, jap pelqimin tim",Mashkull,46-55,Master,I/e punesuar,Arsim,Tirane,Intesa Sanpaolo Bank,Mbi 5 vjet,"Mobile banking (aplikacioni i bankes ne telefon);Internet banking (permes kompjuterit/browserit);E-wallet (EasyPay, M-Pay, E-Posta, etj.);",Nje here ne jave,2,Po,Neutral,Nuk pajtohem,Neutral,Pajtohem,Neutral,Pajtohem,Neutral,Pajtohem plotesisht,Pajtohem plotesisht,Pajtohem plotesisht,Neutral,Pajtohem,Neutral,Neutral,Pajtohem plotesisht,Pajtohem plotesisht,Pajtohem plotesisht,Neutral,Pajtohem,Neutral,Pajtohem,Pajtohem,Nuk pajtohem,Pajtohem,Pajtohem,"Sherbimet me IA mund te ndihmojne, por vendimet e rendesishme duhet te verifikohen nga punonjesit e bankes."
282,46173.92222222222,46173.92704861111,anonymous,,"Po, jap pelqimin tim",Femer,26-35,Bachelor,I/e papune,Administrate publike,Tirane,Raiffeisen Bank,Me pak se 1 vit,"Mobile banking (aplikacioni i bankes ne telefon);Internet banking (permes kompjuterit/browserit);Karta debiti/krediti per pagesa online;E-wallet (EasyPay, M-Pay, E-Posta, etj.);",Cdo dite,3,Po,Pajtohem plotesisht,Pajtohem plotesisht,Pajtohem,Pajtohem,Pajtohem,Pajtohem,Pajtohem plotesisht,Pajtohem,Pajtohem plotesisht,Pajtohem plotesisht,Pajtohem plotesisht,Pajtohem plotesisht,Pajtohem plotesisht,Pajtohem plotesisht,Pajtohem plotesisht,Pajtohem plotesisht,Pajtohem plotesisht,Pajtohem plotesisht,Pajtohem plotesisht,Pajtohem plotesisht,Neutral,Pajtohem,Pajtohem,Pajtohem plotesisht,Neutral,Do ta provoja nese banka e shpjegon qarte si ruhen te dhenat dhe si kontrollohen vendimet.
283,46173.92291666667,46173.926458333335,anonymous,,"Po, jap pelqimin tim",Mashkull,18-25,Arsim i mesem (gjimnaz/profesional),I/e punesuar,Bujqesi,Vlore,Credins Bank,1-3 vjet,"E-wallet (EasyPay, M-Pay, E-Posta, etj.);",Disa here ne jave,3,Nuk jam i/e sigurt,Neutral,Pajtohem plotesisht,Pajtohem plotesisht,Nuk pajtohem,Pajtohem,Pajtohem,Pajtohem,Pajtohem plotesisht,Neutral,Pajtohem plotesisht,Pajtohem,Pajtohem plotesisht,Pajtohem,Pajtohem,Pajtohem plotesisht,Nuk pajtohem,Pajtohem plotesisht,Pajtohem,Pajtohem plotesisht,Pajtohem,Neutral,Neutral,Nuk pajtohem,Pajtohem,Pajtohem,"Jam i hapur ndaj IA, por privatesia dhe transparenca jane kushtet kryesore."
284,46173.927777777775,46173.93087962963,anonymous,,"Po, jap pelqimin tim",Mashkull,46-55,Arsim baze (9-vjecar),I/e papune,Ndertim / Inxhinieri,Durres,BKT (Banka Kombetare Tregtare),Mbi 5 vjet,Internet banking (permes kompjuterit/browserit);Karta debiti/krediti per pagesa online;,Rralle ose kurre,3,Nuk jam i/e sigurt,Pajtohem,Neutral,Nuk pajtohem,Nuk pajtohem,Pajtohem plotesisht,Pajtohem plotesisht,Neutral,Pajtohem,Nuk pajtohem aspak,Pajtohem,Neutral,Pajtohem plotesisht,Neutral,Neutral,Pajtohem,Nuk pajtohem aspak,Pajtohem,Neutral,Pajtohem plotesisht,Neutral,Pajtohem,Pajtohem,Pajtohem plotesisht,Neutral,Pajtohem plotesisht,"IA mund te perdoret per pyetje te thjeshta, por jo per vendime financiare te rendesishme."
285,46173.92847222222,46173.92943287037,anonymous,,"Po, jap pelqimin tim",Mashkull,26-35,Bachelor,I/e punesuar,Arsim,Qytet tjeter,BKT (Banka Kombetare Tregtare),Mbi 5 vjet,Nuk perdor asnje sherbim digjital bankar;,Rralle ose kurre,3,Jo,Nuk pajtohem,Nuk pajtohem,Neutral,Neutral,Pajtohem plotesisht,Pajtohem plotesisht,Nuk pajtohem aspak,Neutral,Neutral,Pajtohem,Nuk pajtohem,Pajtohem plotesisht,Pajtohem,Nuk pajtohem aspak,Neutral,Neutral,Pajtohem,Nuk pajtohem,Pajtohem plotesisht,Neutral,Pajtohem plotesisht,Pajtohem plotesisht,Pajtohem plotesisht,Pajtohem plotesisht,Neutral,Per ceshtje bankare preferoj te flas me nje person dhe jo me sistem automatik.
286,46173.92986111111,46173.93263888889,anonymous,,"Po, jap pelqimin tim",Femer,18-25,Master,Student/e,Administrate publike,Shkoder,BKT (Banka Kombetare Tregtare),1-3 vjet,"Mobile banking (aplikacioni i bankes ne telefon);Internet banking (permes kompjuterit/browserit);Karta debiti/krediti per pagesa online;E-wallet (EasyPay, M-Pay, E-Posta, etj.);",Cdo dite,4,Jo,Pajtohem plotesisht,Pajtohem plotesisht,Pajtohem,Pajtohem,Neutral,Nuk pajtohem,Pajtohem plotesisht,Pajtohem plotesisht,Neutral,Pajtohem,Pajtohem,Neutral,Pajtohem,Pajtohem plotesisht,Pajtohem plotesisht,Neutral,Pajtohem,Pajtohem,Neutral,Pajtohem,Nuk pajtohem aspak,Nuk pajtohem,Nuk pajtohem,Nuk pajtohem aspak,Nuk pajtohem,Do ta provoja nese banka e shpjegon qarte si ruhen te dhenat dhe si kontrollohen vendimet.
287,46173.93263888889,46173.93622685185,anonymous,,"Po, jap pelqimin tim",Mashkull,18-25,Bachelor,I/e punesuar,Tregti / Sherbime,Qytet tjeter,BKT (Banka Kombetare Tregtare),1-3 vjet,"Internet banking (permes kompjuterit/browserit);Karta debiti/krediti per pagesa online;E-wallet (EasyPay, M-Pay, E-Posta, etj.);",Disa here ne jave,3,Po,Neutral,Nuk pajtohem,Neutral,Pajtohem,Pajtohem,Pajtohem,Pajtohem,Pajtohem,Neutral,Pajtohem plotesisht,Neutral,Pajtohem plotesisht,Neutral,Pajtohem,Pajtohem,Neutral,Pajtohem plotesisht,Nuk pajtohem,Pajtohem plotesisht,Neutral,Pajtohem,Pajtohem plotesisht,Neutral,Pajtohem,Pajtohem plotesisht,"Jam i hapur ndaj IA, por privatesia dhe transparenca jane kushtet kryesore."
288,46173.93402777778,46173.93675925926,anonymous,,"Po, jap pelqimin tim",Mashkull,18-25,Arsim i mesem (gjimnaz/profesional),I/e punesuar,Administrate publike,Korce,Credins Bank,Me pak se 1 vit,"Mobile banking (aplikacioni i bankes ne telefon);Internet banking (permes kompjuterit/browserit);E-wallet (EasyPay, M-Pay, E-Posta, etj.);",Nje here ne jave,3,Jo,Nuk pajtohem,Neutral,Nuk pajtohem,Nuk pajtohem aspak,Pajtohem,Pajtohem,Nuk pajtohem aspak,Nuk pajtohem aspak,Nuk pajtohem aspak,Neutral,Nuk pajtohem aspak,Pajtohem plotesisht,Nuk pajtohem aspak,Nuk pajtohem aspak,Nuk pajtohem aspak,Nuk pajtohem aspak,Neutral,Nuk pajtohem aspak,Pajtohem plotesisht,Nuk pajtohem aspak,Pajtohem plotesisht,Pajtohem plotesisht,Pajtohem plotesisht,Pajtohem plotesisht,Pajtohem plotesisht,Per ceshtje bankare preferoj te flas me nje person dhe jo me sistem automatik.
289,46173.9375,46173.94064814815,anonymous,,"Po, jap pelqimin tim",Femer,36-45,Bachelor,I/e punesuar,Finance / Banke / Sigurime,Vlore,Raiffeisen Bank,3-5 vjet,Mobile banking (aplikacioni i bankes ne telefon);Internet banking (permes kompjuterit/browserit);Karta debiti/krediti per pagesa online;,Cdo dite,3,Po,Pajtohem plotesisht,Neutral,Pajtohem plotesisht,Pajtohem,Pajtohem,Neutral,Pajtohem plotesisht,Pajtohem,Pajtohem,Pajtohem plotesisht,Pajtohem,Pajtohem plotesisht,Pajtohem,Pajtohem plotesisht,Pajtohem,Neutral,Pajtohem plotesisht,Pajtohem,Pajtohem plotesisht,Pajtohem,Nuk pajtohem,Pajtohem plotesisht,Pajtohem,Pajtohem,Pajtohem plotesisht,"Potenciali eshte i madh, por bankat duhet te forcojne qeverisjen e te dhenave dhe kontrollin rregullator."
290,46173.938888888886,46173.94142361111,anonymous,,"Po, jap pelqimin tim",Femer,26-35,Arsim i mesem (gjimnaz/profesional),I/e papune,Ndertim / Inxhinieri,Tirane,Credins Bank,1-3 vjet,Mobile banking (aplikacioni i bankes ne telefon);,Cdo dite,3,Po,Pajtohem,Pajtohem plotesisht,Pajtohem,Pajtohem plotesisht,Pajtohem plotesisht,Neutral,Pajtohem plotesisht,Pajtohem plotesisht,Pajtohem plotesisht,Pajtohem,Neutral,Pajtohem,Pajtohem,Pajtohem plotesisht,Pajtohem plotesisht,Pajtohem plotesisht,Pajtohem,Neutral,Neutral,Pajtohem,Nuk pajtohem aspak,Pajtohem plotesisht,Pajtohem,Neutral,Neutral,"IA mund te rrise shpejtesine e sherbimeve bankare, sidomos per rekomandime dhe zbulim mashtrimesh."
291,46173.941666666666,46173.945289351854,anonymous,,"Po, jap pelqimin tim",Mashkull,26-35,Arsim i mesem (gjimnaz/profesional),I/e vetepunesuar,Ndertim / Inxhinieri,Tirane,Credins Bank,3-5 vjet,Mobile banking (aplikacioni i bankes ne telefon);Internet banking (permes kompjuterit/browserit);Karta debiti/krediti per pagesa online;,Nje here ne jave,3,Po,Nuk pajtohem aspak,Nuk pajtohem,Neutral,Nuk pajtohem,Pajtohem plotesisht,Pajtohem plotesisht,Nuk pajtohem,Neutral,Neutral,Pajtohem plotesisht,Nuk pajtohem aspak,Pajtohem plotesisht,Neutral,Nuk pajtohem,Nuk pajtohem,Neutral,Pajtohem,Nuk pajtohem aspak,Pajtohem plotesisht,Neutral,Neutral,Pajtohem plotesisht,Pajtohem,Pajtohem plotesisht,Pajtohem,"Jam i hapur ndaj IA, por privatesia dhe transparenca jane kushtet kryesore."
292,46173.94375,46173.94489583333,anonymous,,"Po, jap pelqimin tim",Femer,36-45,Master,I/e vetepunesuar,Tregti / Sherbime,Tirane,BKT (Banka Kombetare Tregtare),Mbi 5 vjet,Mobile banking (aplikacioni i bankes ne telefon);Internet banking (permes kompjuterit/browserit);,Disa here ne jave,5,Po,Pajtohem plotesisht,Nuk pajtohem,Nuk pajtohem,Neutral,Pajtohem plotesisht,Pajtohem plotesisht,Pajtohem,Nuk pajtohem,Pajtohem plotesisht,Pajtohem plotesisht,Neutral,Pajtohem plotesisht,Neutral,Pajtohem,Nuk pajtohem aspak,Pajtohem plotesisht,Pajtohem plotesisht,Neutral,Pajtohem plotesisht,Neutral,Nuk pajtohem,Pajtohem,Neutral,Pajtohem,Pajtohem,"Sherbimet me IA mund te ndihmojne, por vendimet e rendesishme duhet te verifikohen nga punonjesit e bankes."
293,46173.94652777778,46173.947962962964,anonymous,,"Po, jap pelqimin tim",Mashkull,18-25,Arsim i mesem (gjimnaz/profesional),Student/e,Tregti / Sherbime,Tirane,Raiffeisen Bank,1-3 vjet,"Mobile banking (aplikacioni i bankes ne telefon);Internet banking (permes kompjuterit/browserit);Karta debiti/krediti per pagesa online;E-wallet (EasyPay, M-Pay, E-Posta, etj.);",Disa here ne jave,5,Po,Neutral,Pajtohem plotesisht,Pajtohem,Pajtohem plotesisht,Neutral,Nuk pajtohem,Pajtohem,Pajtohem,Pajtohem,Neutral,Pajtohem plotesisht,Pajtohem,Pajtohem plotesisht,Pajtohem,Pajtohem plotesisht,Pajtohem,Neutral,Pajtohem plotesisht,Pajtohem,Pajtohem plotesisht,Nuk pajtohem aspak,Nuk pajtohem,Neutral,Neutral,Nuk pajtohem,Do ta provoja nese banka e shpjegon qarte si ruhen te dhenat dhe si kontrollohen vendimet.
294,46173.947222222225,46173.9483912037,anonymous,,"Po, jap pelqimin tim",Mashkull,26-35,Arsim i mesem (gjimnaz/profesional),I/e vetepunesuar,Tregti / Sherbime,Vlore,Raiffeisen Bank,Me pak se 1 vit,"Mobile banking (aplikacioni i bankes ne telefon);Karta debiti/krediti per pagesa online;E-wallet (EasyPay, M-Pay, E-Posta, etj.);",Cdo dite,3,Jo,Pajtohem plotesisht,Pajtohem,Pajtohem,Pajtohem,Pajtohem plotesisht,Neutral,Pajtohem,Pajtohem plotesisht,Pajtohem plotesisht,Pajtohem plotesisht,Pajtohem,Pajtohem,Pajtohem plotesisht,Pajtohem,Pajtohem plotesisht,Pajtohem,Pajtohem plotesisht,Pajtohem,Pajtohem,Pajtohem plotesisht,Nuk pajtohem aspak,Neutral,Pajtohem plotesisht,Pajtohem,Pajtohem,"Potenciali eshte i madh, por bankat duhet te forcojne qeverisjen e te dhenave dhe kontrollin rregullator."
295,46173.94930555556,46173.9512962963,anonymous,,"Po, jap pelqimin tim",Mashkull,36-45,Master,I/e punesuar,Administrate publike,Zone rurale,OTP Bank,Mbi 5 vjet,"Mobile banking (aplikacioni i bankes ne telefon);Internet banking (permes kompjuterit/browserit);Karta debiti/krediti per pagesa online;E-wallet (EasyPay, M-Pay, E-Posta, etj.);",Nje here ne jave,3,Jo,Pajtohem plotesisht,Pajtohem plotesisht,Neutral,Pajtohem plotesisht,Pajtohem plotesisht,Pajtohem plotesisht,Pajtohem,Pajtohem plotesisht,Pajtohem,Pajtohem plotesisht,Pajtohem,Pajtohem,Neutral,Pajtohem,Pajtohem plotesisht,Pajtohem,Pajtohem plotesisht,Pajtohem,Pajtohem,Neutral,Nuk pajtohem,Pajtohem plotesisht,Pajtohem plotesisht,Pajtohem,Pajtohem plotesisht,"Sherbimet me IA mund te ndihmojne, por vendimet e rendesishme duhet te verifikohen nga punonjesit e bankes."
296,46173.95208333333,46173.95517361111,anonymous,,"Po, jap pelqimin tim",Femer,36-45,Arsim i mesem (gjimnaz/profesional),I/e vetepunesuar,Tregti / Sherbime,Qytet tjeter,BKT (Banka Kombetare Tregtare),Mbi 5 vjet,Mobile banking (aplikacioni i bankes ne telefon);Karta debiti/krediti per pagesa online;,Cdo dite,4,Nuk jam i/e sigurt,Pajtohem,Pajtohem plotesisht,Neutral,Pajtohem plotesisht,Neutral,Pajtohem,Pajtohem,Pajtohem plotesisht,Pajtohem plotesisht,Pajtohem plotesisht,Pajtohem,Pajtohem,Pajtohem,Pajtohem,Pajtohem plotesisht,Pajtohem plotesisht,Pajtohem plotesisht,Pajtohem,Pajtohem,Pajtohem,Pajtohem,Nuk pajtohem,Nuk pajtohem,Pajtohem,Pajtohem,Do ta provoja nese banka e shpjegon qarte si ruhen te dhenat dhe si kontrollohen vendimet.
297,46173.95347222222,46173.9578125,anonymous,,"Po, jap pelqimin tim",Mashkull,36-45,Arsim baze (9-vjecar),I/e punesuar,Ndertim / Inxhinieri,Tirane,Raiffeisen Bank,Mbi 5 vjet,Karta debiti/krediti per pagesa online;,Disa here ne jave,4,Po,Pajtohem,Neutral,Neutral,Nuk pajtohem aspak,Pajtohem,Neutral,Nuk pajtohem aspak,Pajtohem plotesisht,Nuk pajtohem aspak,Pajtohem plotesisht,Nuk pajtohem aspak,Neutral,Nuk pajtohem,Nuk pajtohem aspak,Pajtohem plotesisht,Nuk pajtohem aspak,Pajtohem plotesisht,Nuk pajtohem aspak,Neutral,Nuk pajtohem,Pajtohem,Neutral,Neutral,Pajtohem,Neutral,"Sherbimet me IA mund te ndihmojne, por vendimet e rendesishme duhet te verifikohen nga punonjesit e bankes."
298,46173.95625,46173.95923611111,anonymous,,"Po, jap pelqimin tim",Femer,26-35,Master,I/e punesuar,Arsim,Qytet tjeter,BKT (Banka Kombetare Tregtare),1-3 vjet,"Mobile banking (aplikacioni i bankes ne telefon);Internet banking (permes kompjuterit/browserit);Karta debiti/krediti per pagesa online;E-wallet (EasyPay, M-Pay, E-Posta, etj.);",Cdo dite,4,Po,Pajtohem plotesisht,Pajtohem plotesisht,Pajtohem,Pajtohem plotesisht,Nuk pajtohem,Nuk pajtohem,Pajtohem,Neutral,Pajtohem plotesisht,Pajtohem,Pajtohem,Pajtohem plotesisht,Pajtohem plotesisht,Pajtohem,Neutral,Pajtohem plotesisht,Pajtohem,Pajtohem,Pajtohem plotesisht,Pajtohem plotesisht,Nuk pajtohem aspak,Pajtohem,Neutral,Nuk pajtohem aspak,Nuk pajtohem,"IA mund te rrise shpejtesine e sherbimeve bankare, sidomos per rekomandime dhe zbulim mashtrimesh."
299,46173.95694444444,46173.96163194445,anonymous,,"Po, jap pelqimin tim",Femer,18-25,Bachelor,Student/e,Shendetesi / Mjekesi,Durres,Credins Bank,Me pak se 1 vit,Mobile banking (aplikacioni i bankes ne telefon);Internet banking (permes kompjuterit/browserit);Karta debiti/krediti per pagesa online;,Disa here ne jave,3,Jo,Neutral,Nuk pajtohem,Nuk pajtohem,Nuk pajtohem,Neutral,Nuk pajtohem,Nuk pajtohem,Nuk pajtohem aspak,Nuk pajtohem,Pajtohem plotesisht,Neutral,Pajtohem plotesisht,Pajtohem plotesisht,Nuk pajtohem,Nuk pajtohem aspak,Nuk pajtohem,Pajtohem plotesisht,Nuk pajtohem aspak,Pajtohem plotesisht,Pajtohem,Pajtohem,Nuk pajtohem,Neutral,Neutral,Neutral,"IA mund te rrise shpejtesine e sherbimeve bankare, sidomos per rekomandime dhe zbulim mashtrimesh."
300,46173.958333333336,46173.95993055555,anonymous,,"Po, jap pelqimin tim",Mashkull,18-25,Bachelor,Student/e,Shendetesi / Mjekesi,Tirane,BKT (Banka Kombetare Tregtare),1-3 vjet,"Internet banking (permes kompjuterit/browserit);Karta debiti/krediti per pagesa online;E-wallet (EasyPay, M-Pay, E-Posta, etj.);",Disa here ne jave,5,Jo,Neutral,Pajtohem plotesisht,Nuk pajtohem,Pajtohem,Pajtohem plotesisht,Pajtohem plotesisht,Pajtohem plotesisht,Pajtohem plotesisht,Pajtohem,Pajtohem,Pajtohem plotesisht,Pajtohem,Pajtohem,Pajtohem plotesisht,Pajtohem plotesisht,Pajtohem,Pajtohem,Pajtohem plotesisht,Pajtohem,Neutral,Nuk pajtohem,Pajtohem,Pajtohem,Pajtohem plotesisht,Pajtohem,"Jam i hapur ndaj IA, por privatesia dhe transparenca jane kushtet kryesore."
301,46173.96041666667,46173.965092592596,anonymous,,"Po, jap pelqimin tim",Femer,18-25,Bachelor,I/e punesuar,Finance / Banke / Sigurime,Korce,Intesa Sanpaolo Bank,1-3 vjet,Mobile banking (aplikacioni i bankes ne telefon);,Cdo dite,3,Jo,Neutral,Pajtohem plotesisht,Pajtohem,Neutral,Pajtohem,Pajtohem,Pajtohem plotesisht,Neutral,Neutral,Pajtohem,Pajtohem,Pajtohem plotesisht,Neutral,Pajtohem plotesisht,Neutral,Neutral,Pajtohem,Pajtohem,Pajtohem plotesisht,Nuk pajtohem,Nuk pajtohem,Nuk pajtohem,Neutral,Neutral,Neutral,"IA mund te rrise shpejtesine e sherbimeve bankare, sidomos per rekomandime dhe zbulim mashtrimesh."
302,46173.96319444444,46173.96790509259,anonymous,,"Po, jap pelqimin tim",Mashkull,26-35,Master,I/e punesuar,Arsim,Durres,Other,1-3 vjet,"Mobile banking (aplikacioni i bankes ne telefon);Internet banking (permes kompjuterit/browserit);Karta debiti/krediti per pagesa online;E-wallet (EasyPay, M-Pay, E-Posta, etj.);",Disa here ne jave,4,Po,Pajtohem plotesisht,Pajtohem plotesisht,Pajtohem plotesisht,Pajtohem,Nuk pajtohem,Pajtohem,Pajtohem,Neutral,Pajtohem plotesisht,Pajtohem plotesisht,Neutral,Pajtohem,Neutral,Pajtohem,Neutral,Pajtohem plotesisht,Pajtohem,Neutral,Pajtohem,Neutral,Neutral,Pajtohem,Neutral,Pajtohem,Neutral,"Potenciali eshte i madh, por bankat duhet te forcojne qeverisjen e te dhenave dhe kontrollin rregullator."
303,46173.96666666667,46173.97137731482,anonymous,,"Po, jap pelqimin tim",Mashkull,18-25,Bachelor,Student/e,Finance / Banke / Sigurime,Zone rurale,Other,Me pak se 1 vit,Mobile banking (aplikacioni i bankes ne telefon);Internet banking (permes kompjuterit/browserit);Karta debiti/krediti per pagesa online;,Cdo dite,3,Jo,Pajtohem plotesisht,Pajtohem plotesisht,Pajtohem,Neutral,Pajtohem,Pajtohem,Neutral,Pajtohem,Pajtohem,Pajtohem plotesisht,Pajtohem plotesisht,Pajtohem plotesisht,Pajtohem,Neutral,Pajtohem,Pajtohem,Pajtohem plotesisht,Pajtohem plotesisht,Pajtohem plotesisht,Pajtohem plotesisht,Nuk pajtohem,Neutral,Nuk pajtohem,Nuk pajtohem,Neutral,"IA mund te rrise shpejtesine e sherbimeve bankare, sidomos per rekomandime dhe zbulim mashtrimesh."
304,46173.967361111114,46173.96884259259,anonymous,,"Po, jap pelqimin tim",Femer,18-25,Arsim i mesem (gjimnaz/profesional),Student/e,Administrate publike,Tirane,OTP Bank,1-3 vjet,Mobile banking (aplikacioni i bankes ne telefon);Internet banking (permes kompjuterit/browserit);Karta debiti/krediti per pagesa online;,Cdo dite,5,Po,Pajtohem,Pajtohem plotesisht,Pajtohem plotesisht,Pajtohem plotesisht,Nuk pajtohem,Pajtohem,Pajtohem,Pajtohem,Pajtohem plotesisht,Pajtohem plotesisht,Pajtohem plotesisht,Pajtohem,Pajtohem plotesisht,Pajtohem,Pajtohem,Pajtohem plotesisht,Pajtohem plotesisht,Pajtohem plotesisht,Pajtohem,Pajtohem plotesisht,Nuk pajtohem aspak,Neutral,Neutral,Neutral,Pajtohem,"IA mund te rrise shpejtesine e sherbimeve bankare, sidomos per rekomandime dhe zbulim mashtrimesh."
305,46173.97083333333,46173.97491898148,anonymous,,"Po, jap pelqimin tim",Femer,18-25,Master,Student/e,Bujqesi,Zone rurale,Raiffeisen Bank,1-3 vjet,"Mobile banking (aplikacioni i bankes ne telefon);E-wallet (EasyPay, M-Pay, E-Posta, etj.);",Cdo dite,5,Jo,Pajtohem plotesisht,Neutral,Pajtohem,Pajtohem plotesisht,Pajtohem,Nuk pajtohem,Pajtohem,Pajtohem plotesisht,Pajtohem plotesisht,Pajtohem,Pajtohem,Pajtohem,Pajtohem plotesisht,Pajtohem,Pajtohem plotesisht,Pajtohem plotesisht,Pajtohem,Neutral,Pajtohem,Pajtohem plotesisht,Nuk pajtohem aspak,Nuk pajtohem aspak,Neutral,Neutral,Nuk pajtohem,"IA mund te rrise shpejtesine e sherbimeve bankare, sidomos per rekomandime dhe zbulim mashtrimesh."
306,46173.972916666666,46173.97494212963,anonymous,,"Po, jap pelqimin tim",Mashkull,18-25,Bachelor,I/e punesuar,Teknologji / IT,Tirane,BKT (Banka Kombetare Tregtare),Me pak se 1 vit,Mobile banking (aplikacioni i bankes ne telefon);Internet banking (permes kompjuterit/browserit);Karta debiti/krediti per pagesa online;,Disa here ne jave,3,Nuk jam i/e sigurt,Pajtohem plotesisht,Neutral,Nuk pajtohem,Neutral,Pajtohem,Nuk pajtohem,Nuk pajtohem,Neutral,Nuk pajtohem,Pajtohem plotesisht,Nuk pajtohem,Pajtohem,Pajtohem,Nuk pajtohem,Neutral,Nuk pajtohem,Pajtohem plotesisht,Nuk pajtohem aspak,Pajtohem,Neutral,Neutral,Neutral,Neutral,Nuk pajtohem,Neutral,Do ta provoja nese banka e shpjegon qarte si ruhen te dhenat dhe si kontrollohen vendimet.
307,46173.97430555556,46173.976273148146,anonymous,,"Po, jap pelqimin tim",Femer,36-45,Bachelor,I/e punesuar,Teknologji / IT,Elbasan,BKT (Banka Kombetare Tregtare),Mbi 5 vjet,Mobile banking (aplikacioni i bankes ne telefon);,Disa here ne muaj,2,Jo,Neutral,Neutral,Nuk pajtohem,Nuk pajtohem aspak,Pajtohem plotesisht,Pajtohem plotesisht,Neutral,Nuk pajtohem,Nuk pajtohem aspak,Pajtohem plotesisht,Nuk pajtohem,Pajtohem,Neutral,Neutral,Nuk pajtohem,Nuk pajtohem aspak,Pajtohem plotesisht,Nuk pajtohem,Pajtohem,Neutral,Pajtohem plotesisht,Pajtohem plotesisht,Pajtohem plotesisht,Pajtohem plotesisht,Pajtohem,Per ceshtje bankare preferoj te flas me nje person dhe jo me sistem automatik.
308,46173.97777777778,46173.98189814815,anonymous,,"Po, jap pelqimin tim",Femer,26-35,Bachelor,I/e punesuar,Bujqesi,Shkoder,BKT (Banka Kombetare Tregtare),3-5 vjet,Mobile banking (aplikacioni i bankes ne telefon);,Rralle ose kurre,3,Jo,Nuk pajtohem,Pajtohem,Nuk pajtohem,Pajtohem,Nuk pajtohem,Neutral,Pajtohem,Neutral,Pajtohem,Pajtohem,Pajtohem plotesisht,Neutral,Pajtohem plotesisht,Pajtohem,Neutral,Pajtohem,Pajtohem,Pajtohem plotesisht,Neutral,Pajtohem plotesisht,Nuk pajtohem,Pajtohem,Pajtohem plotesisht,Neutral,Neutral,"IA mund te perdoret per pyetje te thjeshta, por jo per vendime financiare te rendesishme."
309,46173.97986111111,46173.98274305555,anonymous,,"Po, jap pelqimin tim",Mashkull,18-25,Arsim i mesem (gjimnaz/profesional),Student/e,Shendetesi / Mjekesi,Durres,BKT (Banka Kombetare Tregtare),1-3 vjet,"Mobile banking (aplikacioni i bankes ne telefon);Internet banking (permes kompjuterit/browserit);E-wallet (EasyPay, M-Pay, E-Posta, etj.);",Disa here ne jave,4,Jo,Neutral,Pajtohem plotesisht,Pajtohem plotesisht,Pajtohem plotesisht,Nuk pajtohem,Nuk pajtohem aspak,Pajtohem plotesisht,Pajtohem,Pajtohem,Pajtohem,Pajtohem plotesisht,Pajtohem,Pajtohem,Pajtohem plotesisht,Neutral,Pajtohem,Pajtohem,Pajtohem,Pajtohem plotesisht,Pajtohem,Nuk pajtohem aspak,Pajtohem,Nuk pajtohem,Nuk pajtohem aspak,Nuk pajtohem,Do ta provoja nese banka e shpjegon qarte si ruhen te dhenat dhe si kontrollohen vendimet.
310,46173.98055555556,46173.98475694445,anonymous,,"Po, jap pelqimin tim",Preferoj te mos pergjigjem,36-45,Bachelor,I/e vetepunesuar,Arsim,Qytet tjeter,Raiffeisen Bank,3-5 vjet,"Mobile banking (aplikacioni i bankes ne telefon);Internet banking (permes kompjuterit/browserit);Karta debiti/krediti per pagesa online;E-wallet (EasyPay, M-Pay, E-Posta, etj.);",Disa here ne jave,4,Po,Pajtohem plotesisht,Pajtohem plotesisht,Pajtohem plotesisht,Pajtohem plotesisht,Pajtohem,Neutral,Pajtohem plotesisht,Pajtohem plotesisht,Pajtohem plotesisht,Pajtohem plotesisht,Pajtohem plotesisht,Neutral,Pajtohem plotesisht,Pajtohem plotesisht,Pajtohem plotesisht,Pajtohem plotesisht,Pajtohem plotesisht,Pajtohem plotesisht,Nuk pajtohem,Pajtohem plotesisht,Nuk pajtohem,Neutral,Neutral,Nuk pajtohem,Pajtohem,"Potenciali eshte i madh, por bankat duhet te forcojne qeverisjen e te dhenave dhe kontrollin rregullator."
311,46173.98402777778,46173.98806712963,anonymous,,"Po, jap pelqimin tim",Mashkull,18-25,Bachelor,I/e punesuar,Bujqesi,Zone rurale,Tirana Bank,3-5 vjet,Mobile banking (aplikacioni i bankes ne telefon);Karta debiti/krediti per pagesa online;,Disa here ne jave,4,Po,Nuk pajtohem,Pajtohem plotesisht,Neutral,Neutral,Pajtohem,Neutral,Neutral,Pajtohem plotesisht,Pajtohem,Pajtohem,Nuk pajtohem,Pajtohem,Neutral,Neutral,Pajtohem plotesisht,Pajtohem,Pajtohem,Nuk pajtohem,Pajtohem,Neutral,Pajtohem,Pajtohem plotesisht,Neutral,Neutral,Pajtohem,"Sherbimet me IA mund te ndihmojne, por vendimet e rendesishme duhet te verifikohen nga punonjesit e bankes."
312,46173.98402777778,46173.98707175926,anonymous,,"Po, jap pelqimin tim",Mashkull,26-35,Master,I/e punesuar,Tregti / Sherbime,Tirane,BKT (Banka Kombetare Tregtare),1-3 vjet,Mobile banking (aplikacioni i bankes ne telefon);Internet banking (permes kompjuterit/browserit);Karta debiti/krediti per pagesa online;,Cdo dite,4,Jo,Pajtohem,Pajtohem,Pajtohem plotesisht,Pajtohem plotesisht,Nuk pajtohem,Neutral,Pajtohem plotesisht,Pajtohem,Neutral,Pajtohem plotesisht,Pajtohem plotesisht,Pajtohem,Pajtohem plotesisht,Pajtohem plotesisht,Pajtohem,Neutral,Pajtohem plotesisht,Pajtohem,Pajtohem,Pajtohem plotesisht,Nuk pajtohem,Nuk pajtohem,Nuk pajtohem,Nuk pajtohem,Pajtohem,Do ta provoja nese banka e shpjegon qarte si ruhen te dhenat dhe si kontrollohen vendimet.
313,46173.98541666667,46173.99002314815,anonymous,,"Po, jap pelqimin tim",Femer,18-25,Arsim i mesem (gjimnaz/profesional),Student/e,Administrate publike,Elbasan,BKT (Banka Kombetare Tregtare),1-3 vjet,Mobile banking (aplikacioni i bankes ne telefon);Internet banking (permes kompjuterit/browserit);Karta debiti/krediti per pagesa online;,Nje here ne jave,4,Po,Nuk pajtohem,Nuk pajtohem,Nuk pajtohem,Nuk pajtohem,Pajtohem plotesisht,Pajtohem plotesisht,Nuk pajtohem,Neutral,Nuk pajtohem aspak,Pajtohem plotesisht,Nuk pajtohem,Pajtohem plotesisht,Nuk pajtohem,Nuk pajtohem,Neutral,Nuk pajtohem aspak,Pajtohem plotesisht,Nuk pajtohem,Pajtohem,Nuk pajtohem,Neutral,Pajtohem plotesisht,Pajtohem,Pajtohem,Pajtohem plotesisht,"Jam i hapur ndaj IA, por privatesia dhe transparenca jane kushtet kryesore."
314,46173.989583333336,46173.99070601852,anonymous,,"Po, jap pelqimin tim",Femer,26-35,Master,I/e punesuar,Tregti / Sherbime,Shkoder,Raiffeisen Bank,1-3 vjet,"Mobile banking (aplikacioni i bankes ne telefon);Internet banking (permes kompjuterit/browserit);Karta debiti/krediti per pagesa online;E-wallet (EasyPay, M-Pay, E-Posta, etj.);",Cdo dite,5,Po,Pajtohem,Pajtohem,Pajtohem plotesisht,Pajtohem plotesisht,Nuk pajtohem,Pajtohem,Pajtohem,Pajtohem,Pajtohem plotesisht,Neutral,Pajtohem plotesisht,Neutral,Pajtohem,Pajtohem,Pajtohem,Pajtohem plotesisht,Neutral,Pajtohem plotesisht,Neutral,Pajtohem,Nuk pajtohem aspak,Nuk pajtohem aspak,Nuk pajtohem aspak,Nuk pajtohem,Nuk pajtohem aspak,"IA mund te rrise shpejtesine e sherbimeve bankare, sidomos per rekomandime dhe zbulim mashtrimesh."
315,46173.99097222222,46173.993738425925,anonymous,,"Po, jap pelqimin tim",Femer,26-35,Bachelor,I/e punesuar,Arsim,Tirane,Intesa Sanpaolo Bank,3-5 vjet,Mobile banking (aplikacioni i bankes ne telefon);Internet banking (permes kompjuterit/browserit);Karta debiti/krediti per pagesa online;,Disa here ne jave,4,Jo,Neutral,Neutral,Pajtohem,Nuk pajtohem,Pajtohem plotesisht,Pajtohem,Neutral,Nuk pajtohem,Pajtohem,Pajtohem,Nuk pajtohem,Pajtohem plotesisht,Pajtohem,Neutral,Nuk pajtohem,Pajtohem,Pajtohem,Nuk pajtohem,Pajtohem plotesisht,Pajtohem,Neutral,Pajtohem,Pajtohem,Pajtohem,Pajtohem,"Jam i hapur ndaj IA, por privatesia dhe transparenca jane kushtet kryesore."
316,46173.99444444444,46173.99793981481,anonymous,,"Po, jap pelqimin tim",Femer,18-25,Master,I/e punesuar,Shendetesi / Mjekesi,Elbasan,Intesa Sanpaolo Bank,3-5 vjet,Mobile banking (aplikacioni i bankes ne telefon);,Nje here ne jave,3,Jo,Pajtohem,Neutral,Nuk pajtohem,Neutral,Pajtohem,Pajtohem,Nuk pajtohem,Pajtohem,Nuk pajtohem aspak,Pajtohem plotesisht,Pajtohem,Neutral,Nuk pajtohem,Nuk pajtohem,Pajtohem,Nuk pajtohem aspak,Pajtohem plotesisht,Pajtohem,Neutral,Nuk pajtohem,Neutral,Pajtohem plotesisht,Neutral,Pajtohem,Pajtohem,"Jam i hapur ndaj IA, por privatesia dhe transparenca jane kushtet kryesore."
317,46173.99652777778,46173.99778935185,anonymous,,"Po, jap pelqimin tim",Mashkull,46-55,Arsim i mesem (gjimnaz/profesional),I/e punesuar,Administrate publike,Qytet tjeter,Raiffeisen Bank,1-3 vjet,"Mobile banking (aplikacioni i bankes ne telefon);Internet banking (permes kompjuterit/browserit);E-wallet (EasyPay, M-Pay, E-Posta, etj.);",Disa here ne jave,3,Jo,Pajtohem,Pajtohem,Pajtohem,Pajtohem plotesisht,Neutral,Neutral,Pajtohem plotesisht,Pajtohem plotesisht,Pajtohem plotesisht,Pajtohem plotesisht,Pajtohem,Pajtohem,Pajtohem plotesisht,Pajtohem plotesisht,Pajtohem plotesisht,Pajtohem plotesisht,Pajtohem plotesisht,Pajtohem plotesisht,Pajtohem,Pajtohem plotesisht,Nuk pajtohem,Pajtohem,Nuk pajtohem,Nuk pajtohem,Nuk pajtohem,"IA mund te rrise shpejtesine e sherbimeve bankare, sidomos per rekomandime dhe zbulim mashtrimesh."
318,46173.995833333334,46173.99949074074,anonymous,,"Po, jap pelqimin tim",Femer,36-45,Arsim i mesem (gjimnaz/profesional),I/e punesuar,Ndertim / Inxhinieri,Qytet tjeter,Credins Bank,1-3 vjet,Nuk perdor asnje sherbim digjital bankar;,Rralle ose kurre,4,Po,Nuk pajtohem,Nuk pajtohem,Pajtohem,Nuk pajtohem,Pajtohem plotesisht,Pajtohem plotesisht,Nuk pajtohem,Neutral,Nuk pajtohem,Pajtohem plotesisht,Neutral,Neutral,Nuk pajtohem,Nuk pajtohem,Pajtohem,Nuk pajtohem,Pajtohem plotesisht,Neutral,Neutral,Nuk pajtohem,Pajtohem plotesisht,Pajtohem plotesisht,Pajtohem plotesisht,Pajtohem,Pajtohem,Per ceshtje bankare preferoj te flas me nje person dhe jo me sistem automatik.
319,46173.99930555555,46174.00329861111,anonymous,,"Po, jap pelqimin tim",Femer,18-25,Arsim i mesem (gjimnaz/profesional),I/e vetepunesuar,Ndertim / Inxhinieri,Durres,BKT (Banka Kombetare Tregtare),1-3 vjet,Internet banking (permes kompjuterit/browserit);,Nje here ne jave,3,Po,Nuk pajtohem,Pajtohem,Nuk pajtohem,Pajtohem,Pajtohem,Neutral,Neutral,Nuk pajtohem,Pajtohem,Pajtohem plotesisht,Neutral,Pajtohem,Pajtohem plotesisht,Neutral,Nuk pajtohem,Pajtohem,Pajtohem plotesisht,Neutral,Pajtohem,Pajtohem plotesisht,Nuk pajtohem,Pajtohem,Pajtohem,Nuk pajtohem,Nuk pajtohem aspak,"Jam i hapur ndaj IA, por privatesia dhe transparenca jane kushtet kryesore."
320,46174.0,46174.00476851852,anonymous,,"Po, jap pelqimin tim",Mashkull,36-45,Arsim i mesem (gjimnaz/profesional),I/e papune,Bujqesi,Zone rurale,Raiffeisen Bank,Me pak se 1 vit,Mobile banking (aplikacioni i bankes ne telefon);,Nje here ne jave,4,Jo,Nuk pajtohem,Pajtohem plotesisht,Neutral,Pajtohem,Pajtohem plotesisht,Neutral,Neutral,Nuk pajtohem,Neutral,Pajtohem,Pajtohem,Pajtohem,Nuk pajtohem,Neutral,Nuk pajtohem,Neutral,Neutral,Pajtohem,Pajtohem,Nuk pajtohem aspak,Nuk pajtohem,Pajtohem plotesisht,Pajtohem,Pajtohem plotesisht,Pajtohem,"Sherbimet me IA mund te ndihmojne, por vendimet e rendesishme duhet te verifikohen nga punonjesit e bankes."
321,46174.00208333333,46174.005520833336,anonymous,,"Po, jap pelqimin tim",Femer,36-45,Arsim baze (9-vjecar),I/e vetepunesuar,Tregti / Sherbime,Vlore,BKT (Banka Kombetare Tregtare),Mbi 5 vjet,Mobile banking (aplikacioni i bankes ne telefon);,Disa here ne muaj,3,Jo,Nuk pajtohem aspak,Neutral,Nuk pajtohem,Nuk pajtohem,Pajtohem plotesisht,Neutral,Pajtohem,Nuk pajtohem,Nuk pajtohem aspak,Pajtohem,Nuk pajtohem,Pajtohem plotesisht,Neutral,Pajtohem plotesisht,Nuk pajtohem,Nuk pajtohem aspak,Pajtohem,Nuk pajtohem,Pajtohem plotesisht,Neutral,Pajtohem,Pajtohem plotesisht,Pajtohem plotesisht,Pajtohem plotesisht,Pajtohem,Per ceshtje bankare preferoj te flas me nje person dhe jo me sistem automatik.
322,46174.006944444445,46174.01100694444,anonymous,,"Po, jap pelqimin tim",Mashkull,18-25,Arsim i mesem (gjimnaz/profesional),I/e punesuar,Administrate publike,Durres,Other,Me pak se 1 vit,"Mobile banking (aplikacioni i bankes ne telefon);Internet banking (permes kompjuterit/browserit);E-wallet (EasyPay, M-Pay, E-Posta, etj.);",Nje here ne jave,4,Jo,Pajtohem,Nuk pajtohem,Neutral,Neutral,Neutral,Pajtohem,Pajtohem,Nuk pajtohem,Pajtohem,Pajtohem plotesisht,Pajtohem,Pajtohem,Neutral,Pajtohem,Nuk pajtohem,Pajtohem,Pajtohem plotesisht,Pajtohem,Pajtohem plotesisht,Neutral,Nuk pajtohem,Pajtohem plotesisht,Pajtohem,Pajtohem,Pajtohem plotesisht,"Sherbimet me IA mund te ndihmojne, por vendimet e rendesishme duhet te verifikohen nga punonjesit e bankes."
323,46174.00763888889,46174.0122337963,anonymous,,"Po, jap pelqimin tim",Femer,18-25,Bachelor,Student/e,Shendetesi / Mjekesi,Qytet tjeter,OTP Bank,Me pak se 1 vit,"Mobile banking (aplikacioni i bankes ne telefon);Internet banking (permes kompjuterit/browserit);Karta debiti/krediti per pagesa online;E-wallet (EasyPay, M-Pay, E-Posta, etj.);",Nje here ne jave,3,Po,Nuk pajtohem,Pajtohem,Neutral,Pajtohem,Pajtohem plotesisht,Pajtohem plotesisht,Pajtohem,Pajtohem,Neutral,Pajtohem,Neutral,Pajtohem plotesisht,Neutral,Pajtohem,Pajtohem plotesisht,Neutral,Pajtohem,Neutral,Pajtohem,Neutral,Pajtohem,Pajtohem,Pajtohem plotesisht,Pajtohem plotesisht,Pajtohem,"Jam i hapur ndaj IA, por privatesia dhe transparenca jane kushtet kryesore."
324,46174.01111111111,46174.0156712963,anonymous,,"Po, jap pelqimin tim",Femer,36-45,Bachelor,I/e punesuar,Finance / Banke / Sigurime,Vlore,Tirana Bank,Me pak se 1 vit,Nuk perdor asnje sherbim digjital bankar;,Rralle ose kurre,3,Nuk jam i/e sigurt,Neutral,Neutral,Neutral,Neutral,Pajtohem,Pajtohem,Nuk pajtohem,Pajtohem,Nuk pajtohem,Pajtohem,Nuk pajtohem aspak,Pajtohem,Nuk pajtohem aspak,Nuk pajtohem,Pajtohem,Nuk pajtohem,Pajtohem plotesisht,Nuk pajtohem aspak,Pajtohem,Nuk pajtohem aspak,Neutral,Pajtohem plotesisht,Pajtohem plotesisht,Pajtohem,Neutral,Per ceshtje bankare preferoj te flas me nje person dhe jo me sistem automatik.
325,46174.013194444444,46174.014340277776,anonymous,,"Po, jap pelqimin tim",Mashkull,18-25,Bachelor,I/e punesuar,Finance / Banke / Sigurime,Tirane,Raiffeisen Bank,1-3 vjet,Mobile banking (aplikacioni i bankes ne telefon);Karta debiti/krediti per pagesa online;,Nje here ne jave,3,Po,Neutral,Nuk pajtohem,Neutral,Nuk pajtohem,Pajtohem,Pajtohem plotesisht,Neutral,Neutral,Neutral,Neutral,Pajtohem,Pajtohem plotesisht,Neutral,Neutral,Neutral,Neutral,Neutral,Pajtohem,Pajtohem plotesisht,Neutral,Pajtohem,Pajtohem plotesisht,Nuk pajtohem,Pajtohem,Pajtohem,"Jam i hapur ndaj IA, por privatesia dhe transparenca jane kushtet kryesore."
326,46174.013194444444,46174.01799768519,anonymous,,"Po, jap pelqimin tim",Mashkull,36-45,Arsim i mesem (gjimnaz/profesional),I/e punesuar,Bujqesi,Tirane,Credins Bank,Mbi 5 vjet,Mobile banking (aplikacioni i bankes ne telefon);Internet banking (permes kompjuterit/browserit);Karta debiti/krediti per pagesa online;,Nje here ne jave,4,Jo,Neutral,Neutral,Pajtohem,Nuk pajtohem aspak,Pajtohem,Pajtohem plotesisht,Neutral,Nuk pajtohem aspak,Nuk pajtohem aspak,Pajtohem plotesisht,Neutral,Pajtohem plotesisht,Neutral,Neutral,Nuk pajtohem aspak,Nuk pajtohem aspak,Pajtohem plotesisht,Neutral,Pajtohem plotesisht,Neutral,Nuk pajtohem,Pajtohem plotesisht,Pajtohem plotesisht,Pajtohem,Pajtohem plotesisht,"Sherbimet me IA mund te ndihmojne, por vendimet e rendesishme duhet te verifikohen nga punonjesit e bankes."
327,46174.01527777778,46174.018958333334,anonymous,,"Po, jap pelqimin tim",Femer,26-35,Arsim i mesem (gjimnaz/profesional),I/e punesuar,Tregti / Sherbime,Elbasan,OTP Bank,Mbi 5 vjet,"Mobile banking (aplikacioni i bankes ne telefon);Internet banking (permes kompjuterit/browserit);Karta debiti/krediti per pagesa online;E-wallet (EasyPay, M-Pay, E-Posta, etj.);",Cdo dite,4,Jo,Pajtohem plotesisht,Pajtohem,Pajtohem plotesisht,Pajtohem plotesisht,Nuk pajtohem aspak,Nuk pajtohem,Pajtohem plotesisht,Pajtohem plotesisht,Pajtohem plotesisht,Pajtohem,Pajtohem plotesisht,Pajtohem plotesisht,Pajtohem plotesisht,Pajtohem plotesisht,Pajtohem plotesisht,Pajtohem plotesisht,Pajtohem,Pajtohem plotesisht,Pajtohem plotesisht,Pajtohem plotesisht,Nuk pajtohem aspak,Nuk pajtohem aspak,Nuk pajtohem aspak,Nuk pajtohem,Neutral,"IA mund te rrise shpejtesine e sherbimeve bankare, sidomos per rekomandime dhe zbulim mashtrimesh."
328,46174.01666666667,46174.01972222222,anonymous,,"Po, jap pelqimin tim",Mashkull,36-45,Master,I/e punesuar,Shendetesi / Mjekesi,Qytet tjeter,Other,3-5 vjet,Mobile banking (aplikacioni i bankes ne telefon);Internet banking (permes kompjuterit/browserit);Karta debiti/krediti per pagesa online;,Cdo dite,4,Jo,Neutral,Pajtohem,Pajtohem plotesisht,Pajtohem,Pajtohem,Neutral,Pajtohem plotesisht,Neutral,Neutral,Pajtohem plotesisht,Pajtohem plotesisht,Pajtohem,Pajtohem,Pajtohem plotesisht,Neutral,Neutral,Pajtohem plotesisht,Pajtohem plotesisht,Pajtohem,Pajtohem,Nuk pajtohem,Nuk pajtohem,Neutral,Nuk pajtohem,Nuk pajtohem,"IA mund te rrise shpejtesine e sherbimeve bankare, sidomos per rekomandime dhe zbulim mashtrimesh."
329,46174.02013888889,46174.02358796296,anonymous,,"Po, jap pelqimin tim",Femer,36-45,Arsim i mesem (gjimnaz/profesional),I/e vetepunesuar,Tregti / Sherbime,Tirane,BKT (Banka Kombetare Tregtare),1-3 vjet,Mobile banking (aplikacioni i bankes ne telefon);,Nje here ne jave,2,Po,Nuk pajtohem,Pajtohem,Pajtohem,Pajtohem plotesisht,Pajtohem plotesisht,Neutral,Pajtohem,Pajtohem,Neutral,Pajtohem plotesisht,Pajtohem,Pajtohem plotesisht,Pajtohem,Pajtohem,Pajtohem,Neutral,Pajtohem plotesisht,Pajtohem plotesisht,Pajtohem plotesisht,Pajtohem,Neutral,Pajtohem,Neutral,Neutral,Neutral,"Jam i hapur ndaj IA, por privatesia dhe transparenca jane kushtet kryesore."
330,46174.020833333336,46174.02212962963,anonymous,,"Po, jap pelqimin tim",Mashkull,55+,Arsim baze (9-vjecar),I/e dale ne pension,Tregti / Sherbime,Vlore,Raiffeisen Bank,3-5 vjet,Mobile banking (aplikacioni i bankes ne telefon);,Disa here ne jave,3,Jo,Nuk pajtohem,Neutral,Nuk pajtohem,Neutral,Pajtohem plotesisht,Neutral,Pajtohem,Pajtohem,Pajtohem,Pajtohem,Pajtohem,Pajtohem plotesisht,Pajtohem,Pajtohem,Pajtohem,Pajtohem,Pajtohem,Pajtohem plotesisht,Pajtohem plotesisht,Pajtohem,Neutral,Neutral,Pajtohem,Neutral,Pajtohem,"Jam i hapur ndaj IA, por privatesia dhe transparenca jane kushtet kryesore."
331,46174.02361111111,46174.02847222222,anonymous,,"Po, jap pelqimin tim",Mashkull,26-35,Bachelor,I/e punesuar,Tregti / Sherbime,Durres,Other,1-3 vjet,"Mobile banking (aplikacioni i bankes ne telefon);Internet banking (permes kompjuterit/browserit);Karta debiti/krediti per pagesa online;E-wallet (EasyPay, M-Pay, E-Posta, etj.);",Nje here ne jave,3,Po,Nuk pajtohem aspak,Pajtohem,Pajtohem,Pajtohem plotesisht,Pajtohem plotesisht,Pajtohem,Pajtohem,Pajtohem plotesisht,Pajtohem,Pajtohem,Pajtohem plotesisht,Pajtohem,Pajtohem,Pajtohem,Pajtohem plotesisht,Pajtohem,Pajtohem,Pajtohem plotesisht,Pajtohem,Pajtohem,Nuk pajtohem,Pajtohem,Neutral,Pajtohem,Pajtohem,"Jam i hapur ndaj IA, por privatesia dhe transparenca jane kushtet kryesore."
332,46174.025,46174.02653935185,anonymous,,"Po, jap pelqimin tim",Mashkull,26-35,Bachelor,I/e punesuar,Tregti / Sherbime,Shkoder,Credins Bank,3-5 vjet,"Mobile banking (aplikacioni i bankes ne telefon);E-wallet (EasyPay, M-Pay, E-Posta, etj.);",Nje here ne jave,2,Jo,Nuk pajtohem,Pajtohem,Nuk pajtohem,Nuk pajtohem,Pajtohem plotesisht,Pajtohem plotesisht,Nuk pajtohem aspak,Pajtohem,Nuk pajtohem,Pajtohem,Neutral,Pajtohem plotesisht,Neutral,Nuk pajtohem,Pajtohem,Nuk pajtohem,Pajtohem,Pajtohem,Pajtohem plotesisht,Neutral,Nuk pajtohem,Pajtohem,Pajtohem plotesisht,Pajtohem,Pajtohem plotesisht,"Sherbimet me IA mund te ndihmojne, por vendimet e rendesishme duhet te verifikohen nga punonjesit e bankes."
333,46174.029861111114,46174.03454861111,anonymous,,"Po, jap pelqimin tim",Mashkull,18-25,Bachelor,Student/e,Finance / Banke / Sigurime,Korce,BKT (Banka Kombetare Tregtare),Me pak se 1 vit,Mobile banking (aplikacioni i bankes ne telefon);Karta debiti/krediti per pagesa online;,Cdo dite,4,Jo,Pajtohem plotesisht,Pajtohem,Pajtohem,Pajtohem,Pajtohem,Neutral,Pajtohem plotesisht,Pajtohem plotesisht,Pajtohem plotesisht,Pajtohem,Pajtohem plotesisht,Pajtohem,Pajtohem,Pajtohem plotesisht,Pajtohem,Pajtohem plotesisht,Pajtohem,Pajtohem plotesisht,Pajtohem,Pajtohem,Nuk pajtohem,Pajtohem,Nuk pajtohem,Pajtohem plotesisht,Pajtohem plotesisht,Do ta provoja nese banka e shpjegon qarte si ruhen te dhenat dhe si kontrollohen vendimet.
334,46174.03125,46174.03574074074,anonymous,,"Po, jap pelqimin tim",Femer,55+,Arsim baze (9-vjecar),I/e dale ne pension,Ndertim / Inxhinieri,Zone rurale,Other,Mbi 5 vjet,Mobile banking (aplikacioni i bankes ne telefon);,Disa here ne muaj,4,Jo,Nuk pajtohem,Neutral,Nuk pajtohem,Neutral,Pajtohem plotesisht,Pajtohem,Neutral,Neutral,Neutral,Neutral,Pajtohem,Pajtohem plotesisht,Nuk pajtohem aspak,Neutral,Neutral,Neutral,Pajtohem,Pajtohem,Pajtohem plotesisht,Nuk pajtohem aspak,Pajtohem,Pajtohem plotesisht,Pajtohem,Pajtohem plotesisht,Pajtohem,Per ceshtje bankare preferoj te flas me nje person dhe jo me sistem automatik.
335,46174.03194444445,46174.03603009259,anonymous,,"Po, jap pelqimin tim",Femer,26-35,Bachelor,I/e punesuar,Teknologji / IT,Tirane,Credins Bank,Mbi 5 vjet,Mobile banking (aplikacioni i bankes ne telefon);Internet banking (permes kompjuterit/browserit);Karta debiti/krediti per pagesa online;,Disa here ne jave,4,Po,Pajtohem,Pajtohem,Pajtohem,Pajtohem plotesisht,Nuk pajtohem,Pajtohem,Pajtohem,Nuk pajtohem,Neutral,Pajtohem plotesisht,Pajtohem,Pajtohem,Pajtohem,Pajtohem plotesisht,Nuk pajtohem,Neutral,Pajtohem plotesisht,Pajtohem,Pajtohem,Pajtohem,Nuk pajtohem,Pajtohem,Pajtohem,Nuk pajtohem,Neutral,"IA mund te rrise shpejtesine e sherbimeve bankare, sidomos per rekomandime dhe zbulim mashtrimesh."
336,46174.03611111111,46174.03706018518,anonymous,,"Po, jap pelqimin tim",Mashkull,36-45,Bachelor,I/e punesuar,Finance / Banke / Sigurime,Qytet tjeter,Raiffeisen Bank,1-3 vjet,"Mobile banking (aplikacioni i bankes ne telefon);Internet banking (permes kompjuterit/browserit);Karta debiti/krediti per pagesa online;E-wallet (EasyPay, M-Pay, E-Posta, etj.);",Disa here ne jave,5,Po,Pajtohem,Pajtohem plotesisht,Pajtohem,Nuk pajtohem,Pajtohem plotesisht,Neutral,Pajtohem,Pajtohem plotesisht,Pajtohem,Pajtohem,Neutral,Pajtohem plotesisht,Pajtohem,Pajtohem,Pajtohem plotesisht,Pajtohem,Pajtohem,Nuk pajtohem,Pajtohem plotesisht,Pajtohem,Nuk pajtohem,Pajtohem plotesisht,Pajtohem plotesisht,Pajtohem plotesisht,Pajtohem plotesisht,"Potenciali eshte i madh, por bankat duhet te forcojne qeverisjen e te dhenave dhe kontrollin rregullator."
337,46174.03611111111,46174.03996527778,anonymous,,"Po, jap pelqimin tim",Mashkull,26-35,Master,I/e punesuar,Tregti / Sherbime,Durres,OTP Bank,Me pak se 1 vit,Karta debiti/krediti per pagesa online;,Rralle ose kurre,4,Jo,Nuk pajtohem,Nuk pajtohem,Nuk pajtohem,Nuk pajtohem aspak,Pajtohem plotesisht,Pajtohem,Nuk pajtohem aspak,Nuk pajtohem,Nuk pajtohem aspak,Pajtohem plotesisht,Nuk pajtohem aspak,Pajtohem plotesisht,Nuk pajtohem aspak,Nuk pajtohem aspak,Nuk pajtohem,Nuk pajtohem aspak,Pajtohem plotesisht,Nuk pajtohem aspak,Pajtohem plotesisht,Nuk pajtohem aspak,Pajtohem,Pajtohem plotesisht,Pajtohem,Pajtohem plotesisht,Pajtohem plotesisht,"IA mund te perdoret per pyetje te thjeshta, por jo per vendime financiare te rendesishme."
338,46174.03888888889,46174.04153935185,anonymous,,"Po, jap pelqimin tim",Femer,46-55,Arsim i mesem (gjimnaz/profesional),I/e punesuar,Administrate publike,Tirane,Other,3-5 vjet,"Mobile banking (aplikacioni i bankes ne telefon);Karta debiti/krediti per pagesa online;E-wallet (EasyPay, M-Pay, E-Posta, etj.);",Nje here ne jave,4,Jo,Pajtohem plotesisht,Pajtohem plotesisht,Pajtohem plotesisht,Pajtohem plotesisht,Neutral,Nuk pajtohem,Pajtohem plotesisht,Pajtohem plotesisht,Pajtohem plotesisht,Pajtohem plotesisht,Pajtohem plotesisht,Nuk pajtohem aspak,Pajtohem plotesisht,Pajtohem plotesisht,Pajtohem,Pajtohem,Pajtohem plotesisht,Pajtohem plotesisht,Nuk pajtohem aspak,Pajtohem plotesisht,Nuk pajtohem,Neutral,Neutral,Neutral,Nuk pajtohem,"IA mund te rrise shpejtesine e sherbimeve bankare, sidomos per rekomandime dhe zbulim mashtrimesh."
339,46174.040972222225,46174.043275462966,anonymous,,"Po, jap pelqimin tim",Mashkull,26-35,Bachelor,I/e punesuar,Tregti / Sherbime,Zone rurale,Credins Bank,Mbi 5 vjet,"Mobile banking (aplikacioni i bankes ne telefon);Internet banking (permes kompjuterit/browserit);Karta debiti/krediti per pagesa online;E-wallet (EasyPay, M-Pay, E-Posta, etj.);",Disa here ne jave,5,Po,Neutral,Pajtohem plotesisht,Pajtohem,Pajtohem,Nuk pajtohem,Nuk pajtohem aspak,Nuk pajtohem,Pajtohem plotesisht,Pajtohem,Pajtohem,Pajtohem,Neutral,Neutral,Nuk pajtohem,Pajtohem plotesisht,Pajtohem,Pajtohem,Pajtohem,Neutral,Neutral,Nuk pajtohem,Nuk pajtohem aspak,Nuk pajtohem,Neutral,Nuk pajtohem aspak,Do ta provoja nese banka e shpjegon qarte si ruhen te dhenat dhe si kontrollohen vendimet.
340,46174.04236111111,46174.04472222222,anonymous,,"Po, jap pelqimin tim",Femer,55+,Arsim baze (9-vjecar),I/e punesuar,Bujqesi,Tirane,Tirana Bank,1-3 vjet,Karta debiti/krediti per pagesa online;,Rralle ose kurre,1,Jo,Pajtohem,Pajtohem,Pajtohem,Neutral,Pajtohem plotesisht,Pajtohem plotesisht,Pajtohem,Neutral,Pajtohem plotesisht,Pajtohem,Pajtohem,Pajtohem,Pajtohem plotesisht,Pajtohem,Pajtohem,Pajtohem plotesisht,Pajtohem,Pajtohem,Pajtohem,Pajtohem plotesisht,Neutral,Neutral,Neutral,Pajtohem,Pajtohem,"IA mund te perdoret per pyetje te thjeshta, por jo per vendime financiare te rendesishme."
341,46174.04652777778,46174.0502662037,anonymous,,"Po, jap pelqimin tim",Mashkull,18-25,Bachelor,Student/e,Tregti / Sherbime,Tirane,Raiffeisen Bank,Me pak se 1 vit,"Mobile banking (aplikacioni i bankes ne telefon);Internet banking (permes kompjuterit/browserit);E-wallet (EasyPay, M-Pay, E-Posta, etj.);",Disa here ne jave,4,Po,Nuk pajtohem,Neutral,Nuk pajtohem,Neutral,Pajtohem plotesisht,Pajtohem,Neutral,Neutral,Neutral,Pajtohem plotesisht,Pajtohem,Pajtohem plotesisht,Nuk pajtohem,Neutral,Neutral,Neutral,Pajtohem plotesisht,Pajtohem plotesisht,Pajtohem plotesisht,Nuk pajtohem,Nuk pajtohem,Pajtohem plotesisht,Pajtohem plotesisht,Pajtohem plotesisht,Pajtohem,"Sherbimet me IA mund te ndihmojne, por vendimet e rendesishme duhet te verifikohen nga punonjesit e bankes."
342,46174.04652777778,46174.05006944444,anonymous,,"Po, jap pelqimin tim",Femer,36-45,Bachelor,I/e punesuar,Shendetesi / Mjekesi,Shkoder,BKT (Banka Kombetare Tregtare),Mbi 5 vjet,Mobile banking (aplikacioni i bankes ne telefon);Internet banking (permes kompjuterit/browserit);Karta debiti/krediti per pagesa online;,Nje here ne jave,3,Po,Neutral,Pajtohem plotesisht,Pajtohem plotesisht,Neutral,Pajtohem plotesisht,Pajtohem,Nuk pajtohem aspak,Pajtohem plotesisht,Neutral,Pajtohem plotesisht,Nuk pajtohem,Pajtohem,Neutral,Nuk pajtohem aspak,Pajtohem plotesisht,Neutral,Pajtohem plotesisht,Nuk pajtohem,Pajtohem plotesisht,Neutral,Neutral,Pajtohem plotesisht,Pajtohem,Pajtohem plotesisht,Pajtohem plotesisht,"Jam i hapur ndaj IA, por privatesia dhe transparenca jane kushtet kryesore."
343,46174.04861111111,46174.05216435185,anonymous,,"Po, jap pelqimin tim",Femer,26-35,Doktorature,I/e punesuar,Tregti / Sherbime,Elbasan,Raiffeisen Bank,1-3 vjet,Mobile banking (aplikacioni i bankes ne telefon);,Disa here ne jave,4,Jo,Pajtohem,Pajtohem plotesisht,Pajtohem plotesisht,Neutral,Neutral,Pajtohem plotesisht,Pajtohem,Pajtohem plotesisht,Pajtohem plotesisht,Pajtohem plotesisht,Nuk pajtohem,Pajtohem,Neutral,Pajtohem,Pajtohem plotesisht,Pajtohem plotesisht,Pajtohem plotesisht,Nuk pajtohem aspak,Pajtohem,Nuk pajtohem,Nuk pajtohem,Pajtohem plotesisht,Nuk pajtohem,Pajtohem plotesisht,Neutral,"Sherbimet me IA mund te ndihmojne, por vendimet e rendesishme duhet te verifikohen nga punonjesit e bankes."
344,46174.052083333336,46174.05670138889,anonymous,,"Po, jap pelqimin tim",Femer,36-45,Arsim i mesem (gjimnaz/profesional),I/e punesuar,Tregti / Sherbime,Vlore,BKT (Banka Kombetare Tregtare),Mbi 5 vjet,Mobile banking (aplikacioni i bankes ne telefon);Karta debiti/krediti per pagesa online;,Nje here ne jave,3,Jo,Pajtohem,Pajtohem plotesisht,Nuk pajtohem aspak,Neutral,Pajtohem,Pajtohem,Neutral,Nuk pajtohem,Neutral,Pajtohem plotesisht,Pajtohem,Pajtohem plotesisht,Pajtohem plotesisht,Pajtohem,Nuk pajtohem,Neutral,Pajtohem plotesisht,Pajtohem,Pajtohem,Pajtohem plotesisht,Pajtohem plotesisht,Pajtohem plotesisht,Pajtohem,Neutral,Neutral,"Jam i hapur ndaj IA, por privatesia dhe transparenca jane kushtet kryesore."
345,46174.052777777775,46174.05677083333,anonymous,,"Po, jap pelqimin tim",Femer,18-25,Arsim i mesem (gjimnaz/profesional),I/e punesuar,Administrate publike,Elbasan,Other,3-5 vjet,Internet banking (permes kompjuterit/browserit);Karta debiti/krediti per pagesa online;,Disa here ne jave,4,Jo,Neutral,Pajtohem plotesisht,Pajtohem plotesisht,Neutral,Pajtohem plotesisht,Pajtohem plotesisht,Pajtohem,Pajtohem plotesisht,Pajtohem,Pajtohem plotesisht,Pajtohem,Pajtohem plotesisht,Neutral,Pajtohem,Pajtohem plotesisht,Pajtohem,Pajtohem plotesisht,Pajtohem,Pajtohem plotesisht,Neutral,Neutral,Pajtohem plotesisht,Neutral,Pajtohem,Pajtohem plotesisht,"Jam i hapur ndaj IA, por privatesia dhe transparenca jane kushtet kryesore."
346,46174.05416666667,46174.05638888889,anonymous,,"Po, jap pelqimin tim",Mashkull,18-25,Bachelor,I/e punesuar,Teknologji / IT,Tirane,BKT (Banka Kombetare Tregtare),1-3 vjet,Mobile banking (aplikacioni i bankes ne telefon);Internet banking (permes kompjuterit/browserit);Karta debiti/krediti per pagesa online;,Cdo dite,4,Po,Pajtohem plotesisht,Pajtohem plotesisht,Pajtohem,Pajtohem plotesisht,Pajtohem plotesisht,Pajtohem,Pajtohem plotesisht,Pajtohem,Pajtohem plotesisht,Neutral,Pajtohem plotesisht,Pajtohem,Pajtohem plotesisht,Pajtohem plotesisht,Pajtohem,Pajtohem plotesisht,Neutral,Pajtohem plotesisht,Neutral,Pajtohem plotesisht,Nuk pajtohem,Pajtohem,Nuk pajtohem,Neutral,Nuk pajtohem,Do ta provoja nese banka e shpjegon qarte si ruhen te dhenat dhe si kontrollohen vendimet.
347,46174.05694444444,46174.05783564815,anonymous,,"Po, jap pelqimin tim",Femer,18-25,Bachelor,I/e vetepunesuar,Shendetesi / Mjekesi,Qytet tjeter,Raiffeisen Bank,3-5 vjet,"Mobile banking (aplikacioni i bankes ne telefon);E-wallet (EasyPay, M-Pay, E-Posta, etj.);",Nje here ne jave,4,Po,Pajtohem plotesisht,Pajtohem,Neutral,Neutral,Neutral,Neutral,Neutral,Neutral,Nuk pajtohem,Pajtohem plotesisht,Neutral,Neutral,Nuk pajtohem,Neutral,Neutral,Neutral,Pajtohem plotesisht,Neutral,Neutral,Nuk pajtohem,Nuk pajtohem,Pajtohem plotesisht,Pajtohem,Neutral,Nuk pajtohem,"Jam i hapur ndaj IA, por privatesia dhe transparenca jane kushtet kryesore."
348,46174.061111111114,46174.06591435185,anonymous,,"Po, jap pelqimin tim",Mashkull,55+,Arsim baze (9-vjecar),I/e vetepunesuar,Administrate publike,Tirane,Raiffeisen Bank,Mbi 5 vjet,Nuk perdor asnje sherbim digjital bankar;,Rralle ose kurre,2,Po,Nuk pajtohem,Nuk pajtohem,Nuk pajtohem aspak,Neutral,Neutral,Pajtohem,Neutral,Pajtohem,Neutral,Pajtohem,Neutral,Pajtohem,Neutral,Neutral,Pajtohem,Neutral,Pajtohem,Neutral,Pajtohem,Pajtohem,Pajtohem,Pajtohem,Pajtohem plotesisht,Neutral,Nuk pajtohem aspak,Per ceshtje bankare preferoj te flas me nje person dhe jo me sistem automatik.
349,46174.06041666667,46174.06215277778,anonymous,,"Po, jap pelqimin tim",Femer,36-45,Arsim i mesem (gjimnaz/profesional),I/e punesuar,Administrate publike,Elbasan,Intesa Sanpaolo Bank,Mbi 5 vjet,Nuk perdor asnje sherbim digjital bankar;,Rralle ose kurre,2,Jo,Nuk pajtohem,Pajtohem plotesisht,Neutral,Neutral,Neutral,Nuk pajtohem,Neutral,Pajtohem plotesisht,Pajtohem,Neutral,Nuk pajtohem,Neutral,Nuk pajtohem,Neutral,Pajtohem plotesisht,Neutral,Neutral,Nuk pajtohem,Neutral,Nuk pajtohem,Neutral,Pajtohem,Pajtohem plotesisht,Nuk pajtohem,Neutral,"IA mund te perdoret per pyetje te thjeshta, por jo per vendime financiare te rendesishme."
350,46174.06527777778,46174.066203703704,anonymous,,"Po, jap pelqimin tim",Mashkull,26-35,Arsim i mesem (gjimnaz/profesional),I/e papune,Ndertim / Inxhinieri,Tirane,Intesa Sanpaolo Bank,3-5 vjet,Internet banking (permes kompjuterit/browserit);,Disa here ne muaj,3,Po,Neutral,Nuk pajtohem aspak,Nuk pajtohem aspak,Nuk pajtohem,Pajtohem plotesisht,Pajtohem,Nuk pajtohem,Nuk pajtohem aspak,Pajtohem,Pajtohem,Neutral,Pajtohem plotesisht,Pajtohem,Nuk pajtohem,Nuk pajtohem aspak,Neutral,Pajtohem,Neutral,Pajtohem plotesisht,Pajtohem,Pajtohem,Neutral,Pajtohem plotesisht,Neutral,Pajtohem,"IA mund te perdoret per pyetje te thjeshta, por jo per vendime financiare te rendesishme."
351,46174.066666666666,46174.06915509259,anonymous,,"Po, jap pelqimin tim",Femer,18-25,Bachelor,I/e punesuar,Bujqesi,Korce,BKT (Banka Kombetare Tregtare),1-3 vjet,Mobile banking (aplikacioni i bankes ne telefon);Internet banking (permes kompjuterit/browserit);,Disa here ne jave,4,Nuk jam i/e sigurt,Pajtohem plotesisht,Pajtohem,Pajtohem,Pajtohem,Pajtohem,Pajtohem plotesisht,Pajtohem,Pajtohem,Neutral,Pajtohem plotesisht,Pajtohem plotesisht,Pajtohem,Pajtohem plotesisht,Pajtohem,Pajtohem,Neutral,Pajtohem plotesisht,Pajtohem plotesisht,Neutral,Pajtohem plotesisht,Pajtohem plotesisht,Pajtohem plotesisht,Neutral,Pajtohem,Pajtohem plotesisht,"Jam i hapur ndaj IA, por privatesia dhe transparenca jane kushtet kryesore."
352,46174.06875,46174.07184027778,anonymous,,"Po, jap pelqimin tim",Femer,26-35,Bachelor,I/e punesuar,Finance / Banke / Sigurime,Tirane,Other,Mbi 5 vjet,Nuk perdor asnje sherbim digjital bankar;,Rralle ose kurre,3,Po,Neutral,Pajtohem,Pajtohem,Nuk pajtohem,Pajtohem plotesisht,Neutral,Neutral,Pajtohem plotesisht,Nuk pajtohem aspak,Pajtohem plotesisht,Nuk pajtohem,Pajtohem,Nuk pajtohem,Neutral,Pajtohem plotesisht,Nuk pajtohem aspak,Pajtohem plotesisht,Nuk pajtohem,Pajtohem,Nuk pajtohem,Neutral,Pajtohem,Pajtohem plotesisht,Pajtohem,Neutral,Per ceshtje bankare preferoj te flas me nje person dhe jo me sistem automatik.
353,46174.069444444445,46174.07109953704,anonymous,,"Po, jap pelqimin tim",Mashkull,26-35,Master,I/e punesuar,Finance / Banke / Sigurime,Tirane,OTP Bank,3-5 vjet,"Mobile banking (aplikacioni i bankes ne telefon);Internet banking (permes kompjuterit/browserit);Karta debiti/krediti per pagesa online;E-wallet (EasyPay, M-Pay, E-Posta, etj.);",Cdo dite,4,Po,Pajtohem plotesisht,Neutral,Neutral,Pajtohem plotesisht,Neutral,Neutral,Pajtohem plotesisht,Neutral,Pajtohem plotesisht,Pajtohem,Pajtohem plotesisht,Pajtohem plotesisht,Pajtohem plotesisht,Pajtohem plotesisht,Nuk pajtohem,Pajtohem plotesisht,Pajtohem,Pajtohem plotesisht,Pajtohem plotesisht,Pajtohem plotesisht,Neutral,Nuk pajtohem aspak,Neutral,Pajtohem,Pajtohem,"IA mund te rrise shpejtesine e sherbimeve bankare, sidomos per rekomandime dhe zbulim mashtrimesh."
354,46174.07361111111,46174.07837962963,anonymous,,"Po, jap pelqimin tim",Mashkull,18-25,Bachelor,I/e papune,Teknologji / IT,Shkoder,Credins Bank,1-3 vjet,"Mobile banking (aplikacioni i bankes ne telefon);Karta debiti/krediti per pagesa online;E-wallet (EasyPay, M-Pay, E-Posta, etj.);",Nje here ne jave,4,Po,Pajtohem plotesisht,Pajtohem,Nuk pajtohem,Pajtohem,Neutral,Neutral,Pajtohem plotesisht,Pajtohem,Nuk pajtohem,Pajtohem plotesisht,Neutral,Nuk pajtohem,Neutral,Pajtohem plotesisht,Neutral,Nuk pajtohem,Pajtohem plotesisht,Neutral,Nuk pajtohem,Neutral,Nuk pajtohem,Pajtohem,Neutral,Pajtohem,Pajtohem,"Jam i hapur ndaj IA, por privatesia dhe transparenca jane kushtet kryesore."
355,46174.075,46174.07876157408,anonymous,,"Po, jap pelqimin tim",Mashkull,36-45,Arsim i mesem (gjimnaz/profesional),I/e punesuar,Tregti / Sherbime,Tirane,Other,3-5 vjet,Mobile banking (aplikacioni i bankes ne telefon);Internet banking (permes kompjuterit/browserit);,Disa here ne jave,2,Po,Pajtohem plotesisht,Pajtohem plotesisht,Nuk pajtohem,Nuk pajtohem,Pajtohem plotesisht,Pajtohem plotesisht,Pajtohem,Pajtohem,Neutral,Pajtohem plotesisht,Pajtohem,Pajtohem plotesisht,Neutral,Pajtohem,Pajtohem,Pajtohem,Pajtohem plotesisht,Pajtohem,Pajtohem plotesisht,Neutral,Pajtohem,Pajtohem,Pajtohem plotesisht,Pajtohem,Pajtohem plotesisht,"Sherbimet me IA mund te ndihmojne, por vendimet e rendesishme duhet te verifikohen nga punonjesit e bankes."
356,46174.075694444444,46174.07728009259,anonymous,,"Po, jap pelqimin tim",Mashkull,46-55,Arsim i mesem (gjimnaz/profesional),I/e vetepunesuar,Ndertim / Inxhinieri,Qytet tjeter,OTP Bank,Me pak se 1 vit,Mobile banking (aplikacioni i bankes ne telefon);Karta debiti/krediti per pagesa online;,Rralle ose kurre,3,Nuk jam i/e sigurt,Nuk pajtohem,Pajtohem,Pajtohem,Neutral,Pajtohem plotesisht,Pajtohem,Pajtohem plotesisht,Pajtohem,Nuk pajtohem,Pajtohem,Pajtohem plotesisht,Neutral,Pajtohem plotesisht,Pajtohem plotesisht,Pajtohem plotesisht,Nuk pajtohem,Pajtohem,Pajtohem plotesisht,Neutral,Pajtohem plotesisht,Neutral,Pajtohem,Pajtohem plotesisht,Pajtohem,Pajtohem,Per ceshtje bankare preferoj te flas me nje person dhe jo me sistem automatik.
357,46174.07708333333,46174.08043981482,anonymous,,"Po, jap pelqimin tim",Femer,26-35,Bachelor,I/e punesuar,Ndertim / Inxhinieri,Tirane,BKT (Banka Kombetare Tregtare),3-5 vjet,"Mobile banking (aplikacioni i bankes ne telefon);Internet banking (permes kompjuterit/browserit);Karta debiti/krediti per pagesa online;E-wallet (EasyPay, M-Pay, E-Posta, etj.);",Nje here ne jave,5,Po,Neutral,Pajtohem,Nuk pajtohem,Pajtohem plotesisht,Pajtohem,Neutral,Pajtohem plotesisht,Pajtohem plotesisht,Pajtohem plotesisht,Pajtohem plotesisht,Pajtohem plotesisht,Neutral,Pajtohem,Pajtohem,Pajtohem plotesisht,Pajtohem plotesisht,Pajtohem plotesisht,Pajtohem plotesisht,Nuk pajtohem,Pajtohem,Nuk pajtohem,Neutral,Neutral,Nuk pajtohem,Neutral,"IA mund te rrise shpejtesine e sherbimeve bankare, sidomos per rekomandime dhe zbulim mashtrimesh."
358,46174.08125,46174.08361111111,anonymous,,"Po, jap pelqimin tim",Mashkull,36-45,Master,I/e punesuar,Teknologji / IT,Tirane,Credins Bank,3-5 vjet,"Mobile banking (aplikacioni i bankes ne telefon);Internet banking (permes kompjuterit/browserit);Karta debiti/krediti per pagesa online;E-wallet (EasyPay, M-Pay, E-Posta, etj.);",Disa here ne jave,4,Jo,Pajtohem plotesisht,Pajtohem plotesisht,Pajtohem,Pajtohem,Pajtohem,Neutral,Neutral,Pajtohem plotesisht,Nuk pajtohem aspak,Pajtohem plotesisht,Neutral,Pajtohem plotesisht,Nuk pajtohem,Neutral,Pajtohem plotesisht,Nuk pajtohem aspak,Pajtohem plotesisht,Pajtohem,Pajtohem plotesisht,Nuk pajtohem,Nuk pajtohem aspak,Pajtohem,Nuk pajtohem,Neutral,Pajtohem,"Potenciali eshte i madh, por bankat duhet te forcojne qeverisjen e te dhenave dhe kontrollin rregullator."
359,46174.08125,46174.08513888889,anonymous,,"Po, jap pelqimin tim",Femer,26-35,Bachelor,I/e punesuar,Ndertim / Inxhinieri,Qytet tjeter,Raiffeisen Bank,Mbi 5 vjet,Karta debiti/krediti per pagesa online;,Disa here ne jave,4,Po,Nuk pajtohem,Pajtohem plotesisht,Pajtohem plotesisht,Nuk pajtohem,Pajtohem,Pajtohem plotesisht,Pajtohem,Pajtohem plotesisht,Neutral,Pajtohem,Nuk pajtohem,Pajtohem,Nuk pajtohem,Pajtohem,Pajtohem plotesisht,Neutral,Pajtohem,Nuk pajtohem,Pajtohem,Nuk pajtohem,Pajtohem,Neutral,Pajtohem plotesisht,Pajtohem,Neutral,"Jam i hapur ndaj IA, por privatesia dhe transparenca jane kushtet kryesore."
360,46174.08541666667,46174.09002314815,anonymous,,"Po, jap pelqimin tim",Preferoj te mos pergjigjem,36-45,Bachelor,I/e vetepunesuar,Bujqesi,Zone rurale,Raiffeisen Bank,1-3 vjet,"Mobile banking (aplikacioni i bankes ne telefon);Internet banking (permes kompjuterit/browserit);E-wallet (EasyPay, M-Pay, E-Posta, etj.);",Disa here ne jave,4,Po,Pajtohem plotesisht,Pajtohem,Pajtohem plotesisht,Pajtohem plotesisht,Pajtohem,Pajtohem,Pajtohem plotesisht,Neutral,Pajtohem plotesisht,Pajtohem plotesisht,Pajtohem,Pajtohem plotesisht,Pajtohem plotesisht,Pajtohem,Nuk pajtohem,Pajtohem plotesisht,Pajtohem plotesisht,Pajtohem,Pajtohem plotesisht,Pajtohem plotesisht,Pajtohem,Pajtohem plotesisht,Neutral,Pajtohem plotesisht,Pajtohem plotesisht,"Sherbimet me IA mund te ndihmojne, por vendimet e rendesishme duhet te verifikohen nga punonjesit e bankes."
361,46174.0875,46174.09142361111,anonymous,,"Po, jap pelqimin tim",Femer,26-35,Arsim i mesem (gjimnaz/profesional),I/e punesuar,Tregti / Sherbime,Korce,Raiffeisen Bank,Mbi 5 vjet,Mobile banking (aplikacioni i bankes ne telefon);Internet banking (permes kompjuterit/browserit);Karta debiti/krediti per pagesa online;,Cdo dite,5,Jo,Pajtohem plotesisht,Neutral,Nuk pajtohem,Neutral,Pajtohem,Nuk pajtohem,Pajtohem,Neutral,Pajtohem plotesisht,Pajtohem plotesisht,Pajtohem plotesisht,Pajtohem plotesisht,Pajtohem,Pajtohem,Neutral,Pajtohem plotesisht,Pajtohem plotesisht,Pajtohem plotesisht,Pajtohem plotesisht,Pajtohem,Nuk pajtohem,Pajtohem,Nuk pajtohem aspak,Pajtohem,Neutral,"IA mund te rrise shpejtesine e sherbimeve bankare, sidomos per rekomandime dhe zbulim mashtrimesh."
362,46174.089583333334,46174.093148148146,anonymous,,"Po, jap pelqimin tim",Mashkull,55+,Arsim baze (9-vjecar),I/e dale ne pension,Administrate publike,Qytet tjeter,BKT (Banka Kombetare Tregtare),3-5 vjet,"Mobile banking (aplikacioni i bankes ne telefon);E-wallet (EasyPay, M-Pay, E-Posta, etj.);",Disa here ne muaj,3,Nuk jam i/e sigurt,Neutral,Pajtohem,Pajtohem plotesisht,Neutral,Pajtohem,Pajtohem,Nuk pajtohem,Pajtohem plotesisht,Nuk pajtohem,Neutral,Nuk pajtohem,Pajtohem,Neutral,Nuk pajtohem,Pajtohem plotesisht,Nuk pajtohem,Neutral,Nuk pajtohem aspak,Pajtohem,Neutral,Nuk pajtohem,Nuk pajtohem,Pajtohem plotesisht,Nuk pajtohem,Pajtohem plotesisht,Per ceshtje bankare preferoj te flas me nje person dhe jo me sistem automatik.
363,46174.089583333334,46174.09153935185,anonymous,,"Po, jap pelqimin tim",Femer,46-55,Bachelor,I/e punesuar,Tregti / Sherbime,Tirane,Raiffeisen Bank,Mbi 5 vjet,"Mobile banking (aplikacioni i bankes ne telefon);Internet banking (permes kompjuterit/browserit);E-wallet (EasyPay, M-Pay, E-Posta, etj.);",Disa here ne jave,3,Jo,Pajtohem plotesisht,Pajtohem plotesisht,Pajtohem plotesisht,Pajtohem plotesisht,Neutral,Neutral,Pajtohem,Pajtohem plotesisht,Pajtohem,Pajtohem plotesisht,Pajtohem,Neutral,Neutral,Pajtohem,Pajtohem plotesisht,Pajtohem,Pajtohem plotesisht,Pajtohem,Nuk pajtohem,Neutral,Nuk pajtohem aspak,Neutral,Nuk pajtohem aspak,Neutral,Nuk pajtohem,"Potenciali eshte i madh, por bankat duhet te forcojne qeverisjen e te dhenave dhe kontrollin rregullator."
364,46174.09166666667,46174.09405092592,anonymous,,"Po, jap pelqimin tim",Mashkull,55+,Bachelor,I/e vetepunesuar,Ndertim / Inxhinieri,Shkoder,Raiffeisen Bank,1-3 vjet,Nuk perdor asnje sherbim digjital bankar;,Rralle ose kurre,2,Jo,Nuk pajtohem,Neutral,Nuk pajtohem aspak,Neutral,Pajtohem plotesisht,Pajtohem plotesisht,Neutral,Pajtohem plotesisht,Nuk pajtohem,Pajtohem plotesisht,Nuk pajtohem,Pajtohem plotesisht,Neutral,Neutral,Pajtohem plotesisht,Nuk pajtohem,Pajtohem,Nuk pajtohem,Pajtohem plotesisht,Neutral,Pajtohem plotesisht,Pajtohem plotesisht,Pajtohem plotesisht,Pajtohem plotesisht,Pajtohem,"IA mund te perdoret per pyetje te thjeshta, por jo per vendime financiare te rendesishme."
365,46174.09375,46174.09717592593,anonymous,,"Po, jap pelqimin tim",Femer,36-45,Arsim i mesem (gjimnaz/profesional),I/e vetepunesuar,Administrate publike,Qytet tjeter,BKT (Banka Kombetare Tregtare),Me pak se 1 vit,Mobile banking (aplikacioni i bankes ne telefon);Karta debiti/krediti per pagesa online;,Nje here ne jave,3,Po,Pajtohem,Pajtohem plotesisht,Pajtohem plotesisht,Pajtohem plotesisht,Pajtohem,Pajtohem plotesisht,Pajtohem plotesisht,Pajtohem plotesisht,Pajtohem,Pajtohem plotesisht,Pajtohem plotesisht,Pajtohem plotesisht,Pajtohem plotesisht,Pajtohem plotesisht,Pajtohem plotesisht,Pajtohem,Pajtohem,Pajtohem plotesisht,Pajtohem plotesisht,Pajtohem plotesisht,Nuk pajtohem aspak,Pajtohem,Neutral,Neutral,Nuk pajtohem,"Potenciali eshte i madh, por bankat duhet te forcojne qeverisjen e te dhenave dhe kontrollin rregullator."
366,46174.097916666666,46174.09931712963,anonymous,,"Po, jap pelqimin tim",Femer,55+,Arsim baze (9-vjecar),I/e dale ne pension,Tregti / Sherbime,Elbasan,BKT (Banka Kombetare Tregtare),3-5 vjet,"Mobile banking (aplikacioni i bankes ne telefon);E-wallet (EasyPay, M-Pay, E-Posta, etj.);",Disa here ne muaj,3,Nuk jam i/e sigurt,Nuk pajtohem aspak,Nuk pajtohem aspak,Nuk pajtohem aspak,Nuk pajtohem,Pajtohem,Pajtohem,Nuk pajtohem,Nuk pajtohem,Nuk pajtohem,Nuk pajtohem,Nuk pajtohem,Pajtohem,Neutral,Nuk pajtohem,Nuk pajtohem,Nuk pajtohem,Nuk pajtohem,Nuk pajtohem,Pajtohem,Neutral,Neutral,Pajtohem plotesisht,Neutral,Nuk pajtohem,Neutral,"IA mund te perdoret per pyetje te thjeshta, por jo per vendime financiare te rendesishme."
367,46174.09930555556,46174.100335648145,anonymous,,"Po, jap pelqimin tim",Femer,26-35,Bachelor,I/e punesuar,Ndertim / Inxhinieri,Korce,Raiffeisen Bank,Mbi 5 vjet,Mobile banking (aplikacioni i bankes ne telefon);Karta debiti/krediti per pagesa online;,Disa here ne jave,4,Po,Pajtohem plotesisht,Pajtohem plotesisht,Pajtohem plotesisht,Pajtohem,Pajtohem,Nuk pajtohem,Pajtohem,Pajtohem plotesisht,Pajtohem,Neutral,Pajtohem plotesisht,Pajtohem,Pajtohem,Pajtohem,Pajtohem plotesisht,Pajtohem,Neutral,Pajtohem plotesisht,Pajtohem,Pajtohem,Nuk pajtohem aspak,Nuk pajtohem,Nuk pajtohem aspak,Nuk pajtohem,Nuk pajtohem,Do ta provoja nese banka e shpjegon qarte si ruhen te dhenat dhe si kontrollohen vendimet.
368,46174.100694444445,46174.10337962963,anonymous,,"Po, jap pelqimin tim",Mashkull,36-45,Arsim i mesem (gjimnaz/profesional),I/e punesuar,Bujqesi,Durres,BKT (Banka Kombetare Tregtare),Mbi 5 vjet,"Mobile banking (aplikacioni i bankes ne telefon);Internet banking (permes kompjuterit/browserit);E-wallet (EasyPay, M-Pay, E-Posta, etj.);",Nje here ne jave,4,Po,Neutral,Pajtohem plotesisht,Pajtohem,Pajtohem plotesisht,Pajtohem,Pajtohem plotesisht,Pajtohem,Pajtohem plotesisht,Neutral,Pajtohem,Neutral,Pajtohem plotesisht,Pajtohem,Pajtohem,Pajtohem plotesisht,Neutral,Pajtohem,Neutral,Pajtohem plotesisht,Pajtohem,Neutral,Pajtohem,Nuk pajtohem,Neutral,Neutral,"Sherbimet me IA mund te ndihmojne, por vendimet e rendesishme duhet te verifikohen nga punonjesit e bankes."
369,46174.10486111111,46174.10753472222,anonymous,,"Po, jap pelqimin tim",Mashkull,18-25,Bachelor,Student/e,Teknologji / IT,Tirane,BKT (Banka Kombetare Tregtare),1-3 vjet,Mobile banking (aplikacioni i bankes ne telefon);Karta debiti/krediti per pagesa online;,Nje here ne jave,4,Po,Pajtohem,Pajtohem plotesisht,Neutral,Pajtohem plotesisht,Pajtohem,Nuk pajtohem aspak,Pajtohem,Pajtohem plotesisht,Pajtohem plotesisht,Neutral,Pajtohem plotesisht,Pajtohem,Pajtohem plotesisht,Pajtohem,Pajtohem plotesisht,Pajtohem plotesisht,Neutral,Pajtohem plotesisht,Pajtohem,Pajtohem plotesisht,Nuk pajtohem,Nuk pajtohem,Neutral,Nuk pajtohem aspak,Nuk pajtohem aspak,Do ta provoja nese banka e shpjegon qarte si ruhen te dhenat dhe si kontrollohen vendimet.
370,46174.10625,46174.1075462963,anonymous,,"Po, jap pelqimin tim",Femer,46-55,Arsim baze (9-vjecar),I/e vetepunesuar,Ndertim / Inxhinieri,Durres,OTP Bank,Mbi 5 vjet,"Mobile banking (aplikacioni i bankes ne telefon);Internet banking (permes kompjuterit/browserit);Karta debiti/krediti per pagesa online;E-wallet (EasyPay, M-Pay, E-Posta, etj.);",Disa here ne jave,3,Nuk jam i/e sigurt,Neutral,Pajtohem,Nuk pajtohem,Pajtohem plotesisht,Pajtohem,Pajtohem plotesisht,Pajtohem plotesisht,Neutral,Pajtohem plotesisht,Pajtohem,Neutral,Pajtohem plotesisht,Pajtohem,Pajtohem plotesisht,Neutral,Pajtohem plotesisht,Pajtohem,Neutral,Pajtohem plotesisht,Pajtohem,Neutral,Pajtohem plotesisht,Pajtohem plotesisht,Pajtohem plotesisht,Pajtohem,"Jam i hapur ndaj IA, por privatesia dhe transparenca jane kushtet kryesore."
371,46174.10833333333,46174.11204861111,anonymous,,"Po, jap pelqimin tim",Femer,18-25,Bachelor,I/e punesuar,Administrate publike,Qytet tjeter,Raiffeisen Bank,3-5 vjet,Mobile banking (aplikacioni i bankes ne telefon);Karta debiti/krediti per pagesa online;,Nje here ne jave,5,Jo,Pajtohem plotesisht,Pajtohem plotesisht,Pajtohem plotesisht,Neutral,Nuk pajtohem,Pajtohem,Pajtohem plotesisht,Pajtohem,Pajtohem,Pajtohem plotesisht,Pajtohem plotesisht,Pajtohem,Pajtohem plotesisht,Pajtohem plotesisht,Pajtohem,Pajtohem,Pajtohem,Pajtohem plotesisht,Pajtohem,Pajtohem plotesisht,Nuk pajtohem aspak,Nuk pajtohem,Nuk pajtohem,Nuk pajtohem,Nuk pajtohem,"IA duhet te zbatohet gradualisht, me auditim, transparence dhe pergjegjesi te qarte institucionale."
372,46174.10833333333,46174.109351851854,anonymous,,"Po, jap pelqimin tim",Mashkull,46-55,Arsim i mesem (gjimnaz/profesional),I/e vetepunesuar,Tregti / Sherbime,Elbasan,Raiffeisen Bank,3-5 vjet,Mobile banking (aplikacioni i bankes ne telefon);Internet banking (permes kompjuterit/browserit);Karta debiti/krediti per pagesa online;,Disa here ne jave,4,Po,Nuk pajtohem,Pajtohem,Neutral,Pajtohem,Neutral,Pajtohem plotesisht,Nuk pajtohem,Pajtohem,Nuk pajtohem aspak,Pajtohem,Neutral,Pajtohem,Pajtohem,Nuk pajtohem,Pajtohem,Nuk pajtohem aspak,Pajtohem,Neutral,Pajtohem,Pajtohem,Pajtohem plotesisht,Pajtohem plotesisht,Nuk pajtohem,Pajtohem,Pajtohem,"Jam i hapur ndaj IA, por privatesia dhe transparenca jane kushtet kryesore."
373,46174.111805555556,46174.11524305555,anonymous,,"Po, jap pelqimin tim",Femer,46-55,Bachelor,I/e punesuar,Arsim,Tirane,Raiffeisen Bank,1-3 vjet,"Mobile banking (aplikacioni i bankes ne telefon);Internet banking (permes kompjuterit/browserit);Karta debiti/krediti per pagesa online;E-wallet (EasyPay, M-Pay, E-Posta, etj.);",Disa here ne jave,2,Po,Nuk pajtohem,Nuk pajtohem,Pajtohem,Pajtohem,Pajtohem plotesisht,Pajtohem plotesisht,Neutral,Neutral,Neutral,Pajtohem plotesisht,Pajtohem,Pajtohem plotesisht,Nuk pajtohem,Neutral,Neutral,Neutral,Pajtohem plotesisht,Pajtohem,Pajtohem plotesisht,Nuk pajtohem,Pajtohem,Pajtohem plotesisht,Pajtohem plotesisht,Pajtohem,Pajtohem,"Sherbimet me IA mund te ndihmojne, por vendimet e rendesishme duhet te verifikohen nga punonjesit e bankes."
374,46174.114583333336,46174.116481481484,anonymous,,"Po, jap pelqimin tim",Femer,26-35,Master,I/e papune,Administrate publike,Shkoder,Raiffeisen Bank,Mbi 5 vjet,Mobile banking (aplikacioni i bankes ne telefon);Internet banking (permes kompjuterit/browserit);Karta debiti/krediti per pagesa online;,Disa here ne jave,3,Jo,Pajtohem,Neutral,Pajtohem,Pajtohem plotesisht,Nuk pajtohem,Neutral,Neutral,Pajtohem plotesisht,Pajtohem,Pajtohem plotesisht,Neutral,Pajtohem plotesisht,Pajtohem plotesisht,Neutral,Pajtohem plotesisht,Pajtohem,Pajtohem plotesisht,Neutral,Pajtohem plotesisht,Pajtohem plotesisht,Nuk pajtohem aspak,Pajtohem plotesisht,Neutral,Neutral,Pajtohem,"Sherbimet me IA mund te ndihmojne, por vendimet e rendesishme duhet te verifikohen nga punonjesit e bankes."
375,46174.115277777775,46174.11759259259,anonymous,,"Po, jap pelqimin tim",Femer,26-35,Master,I/e punesuar,Tregti / Sherbime,Qytet tjeter,OTP Bank,1-3 vjet,"E-wallet (EasyPay, M-Pay, E-Posta, etj.);",Nje here ne jave,3,Jo,Nuk pajtohem aspak,Nuk pajtohem,Nuk pajtohem,Nuk pajtohem aspak,Pajtohem,Neutral,Nuk pajtohem aspak,Nuk pajtohem aspak,Nuk pajtohem,Pajtohem plotesisht,Nuk pajtohem,Pajtohem,Neutral,Nuk pajtohem aspak,Nuk pajtohem aspak,Nuk pajtohem aspak,Pajtohem plotesisht,Nuk pajtohem,Pajtohem,Neutral,Neutral,Nuk pajtohem,Pajtohem,Nuk pajtohem,Neutral,Per ceshtje bankare preferoj te flas me nje person dhe jo me sistem automatik.
376,46174.11666666667,46174.117743055554,anonymous,,"Po, jap pelqimin tim",Preferoj te mos pergjigjem,26-35,Arsim i mesem (gjimnaz/profesional),I/e papune,Ndertim / Inxhinieri,Zone rurale,OTP Bank,3-5 vjet,Nuk perdor asnje sherbim digjital bankar;,Rralle ose kurre,4,Po,Nuk pajtohem,Nuk pajtohem,Nuk pajtohem,Nuk pajtohem,Pajtohem,Pajtohem plotesisht,Nuk pajtohem,Nuk pajtohem,Pajtohem,Pajtohem plotesisht,Nuk pajtohem aspak,Pajtohem plotesisht,Neutral,Neutral,Nuk pajtohem aspak,Pajtohem,Pajtohem plotesisht,Nuk pajtohem aspak,Pajtohem plotesisht,Neutral,Neutral,Pajtohem,Neutral,Nuk pajtohem,Nuk pajtohem,Per ceshtje bankare preferoj te flas me nje person dhe jo me sistem automatik.
377,46174.12013888889,46174.12390046296,anonymous,,"Po, jap pelqimin tim",Mashkull,46-55,Arsim baze (9-vjecar),I/e punesuar,Ndertim / Inxhinieri,Durres,Raiffeisen Bank,Mbi 5 vjet,Mobile banking (aplikacioni i bankes ne telefon);Internet banking (permes kompjuterit/browserit);Karta debiti/krediti per pagesa online;,Cdo dite,4,Po,Pajtohem,Pajtohem,Nuk pajtohem,Neutral,Pajtohem plotesisht,Pajtohem plotesisht,Pajtohem,Nuk pajtohem,Pajtohem,Pajtohem plotesisht,Neutral,Pajtohem,Pajtohem plotesisht,Pajtohem,Nuk pajtohem,Pajtohem,Pajtohem plotesisht,Neutral,Pajtohem,Pajtohem plotesisht,Neutral,Pajtohem plotesisht,Pajtohem plotesisht,Pajtohem plotesisht,Pajtohem,"Sherbimet me IA mund te ndihmojne, por vendimet e rendesishme duhet te verifikohen nga punonjesit e bankes."
378,46174.123611111114,46174.12783564815,anonymous,,"Po, jap pelqimin tim",Mashkull,26-35,Bachelor,I/e punesuar,Administrate publike,Qytet tjeter,BKT (Banka Kombetare Tregtare),3-5 vjet,Nuk perdor asnje sherbim digjital bankar;,Rralle ose kurre,4,Jo,Neutral,Pajtohem plotesisht,Nuk pajtohem,Neutral,Pajtohem plotesisht,Neutral,Neutral,Pajtohem,Neutral,Pajtohem,Nuk pajtohem,Pajtohem,Neutral,Neutral,Pajtohem,Neutral,Pajtohem,Nuk pajtohem,Pajtohem,Neutral,Pajtohem,Neutral,Pajtohem,Pajtohem plotesisht,Pajtohem,Per ceshtje bankare preferoj te flas me nje person dhe jo me sistem automatik.
379,46174.12430555555,46174.12658564815,anonymous,,"Po, jap pelqimin tim",Femer,18-25,Bachelor,I/e vetepunesuar,Arsim,Durres,Intesa Sanpaolo Bank,3-5 vjet,"Mobile banking (aplikacioni i bankes ne telefon);Karta debiti/krediti per pagesa online;E-wallet (EasyPay, M-Pay, E-Posta, etj.);",Disa here ne jave,4,Nuk jam i/e sigurt,Pajtohem,Nuk pajtohem,Pajtohem,Neutral,Pajtohem,Pajtohem,Pajtohem,Pajtohem,Neutral,Pajtohem,Pajtohem,Pajtohem,Pajtohem,Pajtohem,Pajtohem,Neutral,Pajtohem,Pajtohem plotesisht,Pajtohem,Pajtohem,Nuk pajtohem,Pajtohem,Pajtohem,Neutral,Pajtohem,"Jam i hapur ndaj IA, por privatesia dhe transparenca jane kushtet kryesore."
380,46174.125,46174.126608796294,anonymous,,"Po, jap pelqimin tim",Femer,46-55,Arsim i mesem (gjimnaz/profesional),I/e punesuar,Tregti / Sherbime,Durres,BKT (Banka Kombetare Tregtare),1-3 vjet,Nuk perdor asnje sherbim digjital bankar;,Rralle ose kurre,4,Nuk jam i/e sigurt,Neutral,Nuk pajtohem aspak,Nuk pajtohem,Nuk pajtohem aspak,Pajtohem plotesisht,Pajtohem,Nuk pajtohem aspak,Nuk pajtohem,Nuk pajtohem aspak,Pajtohem,Nuk pajtohem aspak,Pajtohem,Nuk pajtohem aspak,Nuk pajtohem aspak,Nuk pajtohem,Nuk pajtohem aspak,Pajtohem,Nuk pajtohem aspak,Pajtohem,Nuk pajtohem aspak,Pajtohem plotesisht,Pajtohem plotesisht,Pajtohem plotesisht,Pajtohem plotesisht,Nuk pajtohem,"IA mund te perdoret per pyetje te thjeshta, por jo per vendime financiare te rendesishme."
381,46174.12847222222,46174.13271990741,anonymous,,"Po, jap pelqimin tim",Mashkull,46-55,Bachelor,I/e punesuar,Shendetesi / Mjekesi,Korce,BKT (Banka Kombetare Tregtare),Mbi 5 vjet,Mobile banking (aplikacioni i bankes ne telefon);Karta debiti/krediti per pagesa online;,Disa here ne jave,4,Jo,Neutral,Pajtohem,Pajtohem,Pajtohem,Pajtohem plotesisht,Pajtohem plotesisht,Neutral,Pajtohem,Pajtohem plotesisht,Pajtohem plotesisht,Pajtohem,Pajtohem plotesisht,Nuk pajtohem,Neutral,Neutral,Pajtohem plotesisht,Pajtohem plotesisht,Pajtohem plotesisht,Pajtohem plotesisht,Nuk pajtohem,Pajtohem,Pajtohem plotesisht,Pajtohem,Pajtohem plotesisht,Pajtohem plotesisht,"Sherbimet me IA mund te ndihmojne, por vendimet e rendesishme duhet te verifikohen nga punonjesit e bankes."
382,46174.129166666666,46174.13381944445,anonymous,,"Po, jap pelqimin tim",Femer,26-35,Arsim i mesem (gjimnaz/profesional),I/e punesuar,Tregti / Sherbime,Tirane,Other,3-5 vjet,"Mobile banking (aplikacioni i bankes ne telefon);Karta debiti/krediti per pagesa online;E-wallet (EasyPay, M-Pay, E-Posta, etj.);",Disa here ne jave,4,Jo,Neutral,Nuk pajtohem aspak,Pajtohem,Pajtohem,Pajtohem plotesisht,Pajtohem plotesisht,Pajtohem,Nuk pajtohem,Neutral,Neutral,Pajtohem,Pajtohem plotesisht,Neutral,Pajtohem plotesisht,Nuk pajtohem,Neutral,Neutral,Pajtohem,Pajtohem plotesisht,Neutral,Nuk pajtohem,Neutral,Neutral,Pajtohem,Neutral,"Jam i hapur ndaj IA, por privatesia dhe transparenca jane kushtet kryesore."
383,46174.13402777778,46174.13707175926,anonymous,,"Po, jap pelqimin tim",Femer,46-55,Arsim baze (9-vjecar),I/e punesuar,Tregti / Sherbime,Qytet tjeter,Raiffeisen Bank,3-5 vjet,Mobile banking (aplikacioni i bankes ne telefon);Internet banking (permes kompjuterit/browserit);Karta debiti/krediti per pagesa online;,Disa here ne jave,4,Jo,Nuk pajtohem,Neutral,Pajtohem,Neutral,Pajtohem plotesisht,Pajtohem plotesisht,Nuk pajtohem,Pajtohem,Nuk pajtohem,Pajtohem,Nuk pajtohem,Pajtohem plotesisht,Nuk pajtohem aspak,Nuk pajtohem,Pajtohem,Nuk pajtohem,Pajtohem plotesisht,Nuk pajtohem,Pajtohem plotesisht,Nuk pajtohem aspak,Nuk pajtohem aspak,Pajtohem,Nuk pajtohem,Pajtohem,Nuk pajtohem,"Jam i hapur ndaj IA, por privatesia dhe transparenca jane kushtet kryesore."
384,46174.134722222225,46174.13722222222,anonymous,,"Po, jap pelqimin tim",Femer,36-45,Master,I/e vetepunesuar,Ndertim / Inxhinieri,Tirane,Intesa Sanpaolo Bank,1-3 vjet,Mobile banking (aplikacioni i bankes ne telefon);Internet banking (permes kompjuterit/browserit);Karta debiti/krediti per pagesa online;,Disa here ne jave,4,Po,Pajtohem plotesisht,Nuk pajtohem,Neutral,Nuk pajtohem,Pajtohem,Neutral,Pajtohem,Nuk pajtohem,Pajtohem,Pajtohem plotesisht,Neutral,Pajtohem,Pajtohem,Pajtohem,Nuk pajtohem,Pajtohem,Pajtohem plotesisht,Neutral,Pajtohem,Pajtohem plotesisht,Nuk pajtohem,Pajtohem,Pajtohem,Pajtohem,Neutral,"Potenciali eshte i madh, por bankat duhet te forcojne qeverisjen e te dhenave dhe kontrollin rregullator."
385,46174.135416666664,46174.13648148148,anonymous,,"Po, jap pelqimin tim",Femer,26-35,Master,I/e vetepunesuar,Tregti / Sherbime,Tirane,Raiffeisen Bank,1-3 vjet,Karta debiti/krediti per pagesa online;,Disa here ne jave,3,Nuk jam i/e sigurt,Pajtohem,Pajtohem plotesisht,Pajtohem,Neutral,Pajtohem,Nuk pajtohem aspak,Pajtohem,Pajtohem plotesisht,Nuk pajtohem,Pajtohem plotesisht,Neutral,Pajtohem,Pajtohem plotesisht,Pajtohem,Pajtohem plotesisht,Nuk pajtohem aspak,Pajtohem plotesisht,Neutral,Pajtohem,Pajtohem plotesisht,Nuk pajtohem aspak,Pajtohem,Nuk pajtohem,Neutral,Neutral,"Sherbimet me IA mund te ndihmojne, por vendimet e rendesishme duhet te verifikohen nga punonjesit e bankes."
386,46174.13958333333,46174.14376157407,anonymous,,"Po, jap pelqimin tim",Mashkull,26-35,Arsim i mesem (gjimnaz/profesional),I/e punesuar,Administrate publike,Durres,BKT (Banka Kombetare Tregtare),Mbi 5 vjet,Nuk perdor asnje sherbim digjital bankar;,Rralle ose kurre,3,Jo,Neutral,Neutral,Neutral,Nuk pajtohem aspak,Pajtohem plotesisht,Pajtohem,Nuk pajtohem aspak,Pajtohem,Nuk pajtohem,Pajtohem plotesisht,Neutral,Pajtohem plotesisht,Neutral,Nuk pajtohem aspak,Pajtohem,Nuk pajtohem aspak,Pajtohem plotesisht,Neutral,Pajtohem plotesisht,Nuk pajtohem,Neutral,Neutral,Pajtohem plotesisht,Pajtohem,Pajtohem,"IA mund te perdoret per pyetje te thjeshta, por jo per vendime financiare te rendesishme."
387,46174.14166666667,46174.14509259259,anonymous,,"Po, jap pelqimin tim",Mashkull,55+,Arsim baze (9-vjecar),I/e vetepunesuar,Bujqesi,Tirane,BKT (Banka Kombetare Tregtare),Mbi 5 vjet,Mobile banking (aplikacioni i bankes ne telefon);Internet banking (permes kompjuterit/browserit);Karta debiti/krediti per pagesa online;,Nje here ne jave,1,Po,Neutral,Nuk pajtohem,Nuk pajtohem aspak,Pajtohem,Pajtohem plotesisht,Pajtohem plotesisht,Pajtohem plotesisht,Nuk pajtohem aspak,Neutral,Pajtohem,Neutral,Pajtohem plotesisht,Neutral,Pajtohem plotesisht,Nuk pajtohem aspak,Neutral,Pajtohem,Neutral,Pajtohem plotesisht,Neutral,Neutral,Pajtohem plotesisht,Pajtohem,Neutral,Pajtohem,"Sherbimet me IA mund te ndihmojne, por vendimet e rendesishme duhet te verifikohen nga punonjesit e bankes."
388,46174.14236111111,46174.14604166667,anonymous,,"Po, jap pelqimin tim",Femer,18-25,Bachelor,Student/e,Tregti / Sherbime,Qytet tjeter,Credins Bank,Me pak se 1 vit,"Mobile banking (aplikacioni i bankes ne telefon);Internet banking (permes kompjuterit/browserit);Karta debiti/krediti per pagesa online;E-wallet (EasyPay, M-Pay, E-Posta, etj.);",Cdo dite,5,Nuk jam i/e sigurt,Pajtohem,Neutral,Pajtohem,Pajtohem,Nuk pajtohem aspak,Nuk pajtohem,Pajtohem plotesisht,Pajtohem plotesisht,Pajtohem plotesisht,Pajtohem plotesisht,Pajtohem plotesisht,Neutral,Neutral,Pajtohem plotesisht,Pajtohem plotesisht,Pajtohem plotesisht,Pajtohem plotesisht,Pajtohem plotesisht,Pajtohem,Neutral,Nuk pajtohem aspak,Nuk pajtohem aspak,Nuk pajtohem aspak,Nuk pajtohem aspak,Pajtohem,Do ta provoja nese banka e shpjegon qarte si ruhen te dhenat dhe si kontrollohen vendimet.
389,46174.14375,46174.14623842593,anonymous,,"Po, jap pelqimin tim",Mashkull,55+,Arsim i mesem (gjimnaz/profesional),I/e dale ne pension,Administrate publike,Elbasan,Credins Bank,Mbi 5 vjet,Mobile banking (aplikacioni i bankes ne telefon);Internet banking (permes kompjuterit/browserit);Karta debiti/krediti per pagesa online;,Disa here ne jave,5,Jo,Pajtohem,Nuk pajtohem,Nuk pajtohem,Pajtohem,Pajtohem,Pajtohem plotesisht,Pajtohem,Pajtohem,Neutral,Pajtohem plotesisht,Pajtohem,Pajtohem plotesisht,Neutral,Pajtohem,Pajtohem,Neutral,Pajtohem plotesisht,Pajtohem,Pajtohem plotesisht,Neutral,Neutral,Pajtohem plotesisht,Pajtohem,Pajtohem,Pajtohem plotesisht,"Jam i hapur ndaj IA, por privatesia dhe transparenca jane kushtet kryesore."
390,46174.146527777775,46174.15084490741,anonymous,,"Po, jap pelqimin tim",Mashkull,18-25,Bachelor,I/e papune,Arsim,Durres,Raiffeisen Bank,3-5 vjet,"Mobile banking (aplikacioni i bankes ne telefon);Internet banking (permes kompjuterit/browserit);Karta debiti/krediti per pagesa online;E-wallet (EasyPay, M-Pay, E-Posta, etj.);",Disa here ne jave,3,Jo,Pajtohem,Pajtohem,Nuk pajtohem,Pajtohem plotesisht,Pajtohem,Pajtohem plotesisht,Pajtohem,Neutral,Pajtohem plotesisht,Pajtohem,Pajtohem,Pajtohem plotesisht,Pajtohem,Pajtohem,Neutral,Pajtohem plotesisht,Pajtohem plotesisht,Pajtohem,Pajtohem plotesisht,Pajtohem,Nuk pajtohem,Pajtohem,Neutral,Pajtohem plotesisht,Pajtohem plotesisht,"Jam i hapur ndaj IA, por privatesia dhe transparenca jane kushtet kryesore."
391,46174.15,46174.154340277775,anonymous,,"Po, jap pelqimin tim",Femer,46-55,Arsim baze (9-vjecar),I/e vetepunesuar,Tregti / Sherbime,Tirane,Intesa Sanpaolo Bank,1-3 vjet,Nuk perdor asnje sherbim digjital bankar;,Rralle ose kurre,3,Po,Nuk pajtohem aspak,Nuk pajtohem,Nuk pajtohem,Nuk pajtohem aspak,Neutral,Pajtohem plotesisht,Neutral,Pajtohem plotesisht,Nuk pajtohem,Pajtohem,Nuk pajtohem aspak,Pajtohem,Neutral,Neutral,Pajtohem plotesisht,Nuk pajtohem,Pajtohem,Nuk pajtohem aspak,Pajtohem,Neutral,Pajtohem plotesisht,Pajtohem plotesisht,Pajtohem,Neutral,Pajtohem,Per ceshtje bankare preferoj te flas me nje person dhe jo me sistem automatik.
392,46174.152083333334,46174.15571759259,anonymous,,"Po, jap pelqimin tim",Femer,26-35,Bachelor,I/e punesuar,Tregti / Sherbime,Tirane,Intesa Sanpaolo Bank,3-5 vjet,Nuk perdor asnje sherbim digjital bankar;,Rralle ose kurre,2,Po,Nuk pajtohem,Nuk pajtohem,Nuk pajtohem,Neutral,Pajtohem plotesisht,Pajtohem,Nuk pajtohem,Neutral,Pajtohem,Pajtohem plotesisht,Nuk pajtohem,Pajtohem,Nuk pajtohem,Nuk pajtohem,Neutral,Pajtohem,Pajtohem plotesisht,Nuk pajtohem,Pajtohem,Nuk pajtohem,Pajtohem plotesisht,Pajtohem,Pajtohem plotesisht,Pajtohem,Neutral,Per ceshtje bankare preferoj te flas me nje person dhe jo me sistem automatik.
393,46174.15416666667,46174.15710648148,anonymous,,"Po, jap pelqimin tim",Mashkull,18-25,Bachelor,I/e punesuar,Administrate publike,Elbasan,Other,Me pak se 1 vit,Mobile banking (aplikacioni i bankes ne telefon);,Disa here ne jave,3,Po,Pajtohem plotesisht,Pajtohem plotesisht,Pajtohem,Pajtohem plotesisht,Pajtohem,Neutral,Pajtohem plotesisht,Pajtohem plotesisht,Pajtohem plotesisht,Pajtohem plotesisht,Pajtohem,Neutral,Pajtohem,Pajtohem plotesisht,Pajtohem plotesisht,Pajtohem plotesisht,Pajtohem plotesisht,Pajtohem,Neutral,Pajtohem,Nuk pajtohem aspak,Pajtohem,Neutral,Neutral,Pajtohem,"Potenciali eshte i madh, por bankat duhet te forcojne qeverisjen e te dhenave dhe kontrollin rregullator."
394,46174.15694444445,46174.16133101852,anonymous,,"Po, jap pelqimin tim",Mashkull,26-35,Bachelor,I/e punesuar,Arsim,Durres,Raiffeisen Bank,Mbi 5 vjet,Mobile banking (aplikacioni i bankes ne telefon);Internet banking (permes kompjuterit/browserit);Karta debiti/krediti per pagesa online;,Cdo dite,2,Jo,Pajtohem plotesisht,Neutral,Pajtohem,Pajtohem plotesisht,Pajtohem,Nuk pajtohem,Neutral,Pajtohem plotesisht,Pajtohem plotesisht,Pajtohem plotesisht,Pajtohem,Nuk pajtohem,Pajtohem plotesisht,Neutral,Pajtohem plotesisht,Pajtohem plotesisht,Pajtohem plotesisht,Pajtohem,Nuk pajtohem,Pajtohem plotesisht,Nuk pajtohem,Neutral,Nuk pajtohem,Nuk pajtohem aspak,Nuk pajtohem,Do ta provoja nese banka e shpjegon qarte si ruhen te dhenat dhe si kontrollohen vendimet.
395,46174.15902777778,46174.16327546296,anonymous,,"Po, jap pelqimin tim",Femer,18-25,Bachelor,I/e punesuar,Administrate publike,Zone rurale,Intesa Sanpaolo Bank,1-3 vjet,Mobile banking (aplikacioni i bankes ne telefon);Internet banking (permes kompjuterit/browserit);Karta debiti/krediti per pagesa online;,Disa here ne jave,3,Po,Pajtohem,Pajtohem,Pajtohem,Pajtohem,Pajtohem plotesisht,Pajtohem,Pajtohem,Pajtohem plotesisht,Pajtohem,Pajtohem plotesisht,Pajtohem plotesisht,Neutral,Pajtohem,Pajtohem,Pajtohem plotesisht,Pajtohem,Pajtohem plotesisht,Pajtohem plotesisht,Neutral,Pajtohem,Nuk pajtohem aspak,Neutral,Nuk pajtohem,Pajtohem,Neutral,"IA duhet te zbatohet gradualisht, me auditim, transparence dhe pergjegjesi te qarte institucionale."
396,46174.16111111111,46174.16568287037,anonymous,,"Po, jap pelqimin tim",Femer,26-35,Bachelor,I/e punesuar,Ndertim / Inxhinieri,Vlore,Other,3-5 vjet,Mobile banking (aplikacioni i bankes ne telefon);Internet banking (permes kompjuterit/browserit);Karta debiti/krediti per pagesa online;,Cdo dite,5,Po,Neutral,Pajtohem plotesisht,Pajtohem plotesisht,Pajtohem,Pajtohem,Nuk pajtohem,Neutral,Pajtohem plotesisht,Pajtohem,Neutral,Nuk pajtohem,Pajtohem plotesisht,Pajtohem,Neutral,Pajtohem plotesisht,Pajtohem,Neutral,Nuk pajtohem aspak,Pajtohem,Neutral,Nuk pajtohem,Nuk pajtohem,Nuk pajtohem,Nuk pajtohem,Pajtohem,"IA mund te rrise shpejtesine e sherbimeve bankare, sidomos per rekomandime dhe zbulim mashtrimesh."
397,46174.163194444445,46174.16447916667,anonymous,,"Po, jap pelqimin tim",Femer,36-45,Arsim i mesem (gjimnaz/profesional),I/e punesuar,Tregti / Sherbime,Tirane,Raiffeisen Bank,Me pak se 1 vit,"Mobile banking (aplikacioni i bankes ne telefon);Internet banking (permes kompjuterit/browserit);Karta debiti/krediti per pagesa online;E-wallet (EasyPay, M-Pay, E-Posta, etj.);",Nje here ne jave,4,Po,Pajtohem plotesisht,Pajtohem,Pajtohem,Nuk pajtohem,Pajtohem,Pajtohem plotesisht,Pajtohem,Pajtohem plotesisht,Pajtohem,Pajtohem plotesisht,Neutral,Pajtohem plotesisht,Nuk pajtohem,Pajtohem,Pajtohem plotesisht,Neutral,Pajtohem plotesisht,Neutral,Pajtohem plotesisht,Nuk pajtohem,Nuk pajtohem aspak,Pajtohem,Neutral,Pajtohem,Nuk pajtohem,"Potenciali eshte i madh, por bankat duhet te forcojne qeverisjen e te dhenave dhe kontrollin rregullator."
398,46174.163194444445,46174.164675925924,anonymous,,"Po, jap pelqimin tim",Femer,26-35,Master,I/e vetepunesuar,Arsim,Tirane,Raiffeisen Bank,3-5 vjet,Mobile banking (aplikacioni i bankes ne telefon);Karta debiti/krediti per pagesa online;,Disa here ne jave,3,Jo,Neutral,Pajtohem plotesisht,Pajtohem,Pajtohem,Pajtohem plotesisht,Pajtohem,Pajtohem plotesisht,Pajtohem plotesisht,Pajtohem,Pajtohem plotesisht,Pajtohem plotesisht,Pajtohem,Pajtohem plotesisht,Pajtohem plotesisht,Pajtohem plotesisht,Pajtohem plotesisht,Pajtohem plotesisht,Pajtohem plotesisht,Pajtohem,Pajtohem plotesisht,Neutral,Pajtohem plotesisht,Pajtohem plotesisht,Pajtohem plotesisht,Pajtohem plotesisht,"Jam i hapur ndaj IA, por privatesia dhe transparenca jane kushtet kryesore."
399,46174.166666666664,46174.16792824074,anonymous,,"Po, jap pelqimin tim",Mashkull,26-35,Bachelor,I/e punesuar,Teknologji / IT,Durres,BKT (Banka Kombetare Tregtare),Mbi 5 vjet,Mobile banking (aplikacioni i bankes ne telefon);,Disa here ne jave,3,Jo,Pajtohem,Neutral,Pajtohem plotesisht,Pajtohem,Pajtohem plotesisht,Pajtohem plotesisht,Pajtohem,Neutral,Pajtohem plotesisht,Pajtohem plotesisht,Pajtohem plotesisht,Pajtohem plotesisht,Pajtohem plotesisht,Pajtohem,Neutral,Pajtohem plotesisht,Pajtohem plotesisht,Pajtohem plotesisht,Pajtohem plotesisht,Pajtohem plotesisht,Pajtohem,Pajtohem plotesisht,Pajtohem,Neutral,Pajtohem plotesisht,"Jam i hapur ndaj IA, por privatesia dhe transparenca jane kushtet kryesore."
400,46174.16805555556,46174.172164351854,anonymous,,"Po, jap pelqimin tim",Femer,26-35,Bachelor,I/e vetepunesuar,Bujqesi,Shkoder,Credins Bank,Me pak se 1 vit,"Mobile banking (aplikacioni i bankes ne telefon);Internet banking (permes kompjuterit/browserit);Karta debiti/krediti per pagesa online;E-wallet (EasyPay, M-Pay, E-Posta, etj.);",Nje here ne jave,3,Jo,Nuk pajtohem,Neutral,Pajtohem,Neutral,Pajtohem plotesisht,Pajtohem plotesisht,Nuk pajtohem,Pajtohem plotesisht,Pajtohem,Pajtohem plotesisht,Nuk pajtohem,Neutral,Neutral,Nuk pajtohem aspak,Pajtohem plotesisht,Pajtohem,Pajtohem plotesisht,Nuk pajtohem aspak,Pajtohem,Nuk pajtohem,Nuk pajtohem,Pajtohem plotesisht,Neutral,Neutral,Pajtohem plotesisht,"Sherbimet me IA mund te ndihmojne, por vendimet e rendesishme duhet te verifikohen nga punonjesit e bankes."
